sample	sub	Genetic_load_sum	n_chr_rows	group	Abs_genetic_load
[5]030-1:GT	improved	-71540.482722	10	improved	71540.482722
[6]08-64:GT	improved	-81108.744848	10	improved	81108.744848
[7]1101:GT	improved	-77017.951726	10	improved	77017.951726
[8]1121:GT	improved	-85663.266695	10	improved	85663.266695
[9]1127:GT	improved	-81629.646347	10	improved	81629.646347
[10]11430:GT	improved	-67840.80227	10	improved	67840.80227
[11]1145:GT	improved	-80802.400528	10	improved	80802.400528
[12]1205A:GT	improved	-60600.757819	10	improved	60600.757819
[13]1313:GT	improved	-77776.260079	10	improved	77776.260079
[14]140:GT	improved	-73805.685543	10	improved	73805.685543
[15]150-4:GT	improved	-82693.99621	10	improved	82693.99621
[16]1538:GT	improved	-73502.920527	10	improved	73502.920527
[17]1610:GT	improved	-54602.734389	10	improved	54602.734389
[18]1614:GT	improved	-56840.379886	10	improved	56840.379886
[19]17564:GT	improved	-81087.825185	10	improved	81087.825185
[20]18:GT	improved	-85450.70905	10	improved	85450.70905
[21]18-599:GT	improved	-86078.492251	10	improved	86078.492251
[22]196:GT	improved	-87144.519862	10	improved	87144.519862
[23]200-24-13413:GT	improved	-75445.268399	10	improved	75445.268399
[24]2005:GT	improved	-73162.463607	10	improved	73162.463607
[25]2005-4:GT	improved	-81812.658848	10	improved	81812.658848
[26]200B:GT	improved	-83206.244857	10	improved	83206.244857
[27]20564:GT	improved	-77378.544992	10	improved	77378.544992
[28]207:GT	improved	-76945.904273	10	improved	76945.904273
[29]20762:GT	improved	-77609.914175	10	improved	77609.914175
[30]20837:GT	improved	-79701.632771	10	improved	79701.632771
[31]2369:GT	improved	-22826.037834	10	improved	22826.037834
[32]282set_33-16:GT	improved	-76609.48246	10	improved	76609.48246
[33]282set_38-11Goodman-Buckler:GT	improved	-74621.447618	10	improved	74621.447618
[34]282set_4226:GT	improved	-78399.634023	10	improved	78399.634023
[35]282set_4722:GT	improved	-79466.966701	10	improved	79466.966701
[36]282set_A188:GT	improved	-76618.30511	10	improved	76618.30511
[37]282set_A214NGoodman-Buckler:GT	improved	-61117.938709	10	improved	61117.938709
[38]282set_A239:GT	improved	-79496.024975	10	improved	79496.024975
[39]282set_A441-5:GT	improved	-74932.983159	10	improved	74932.983159
[40]282set_A554:GT	improved	-74033.604816	10	improved	74033.604816
[41]282set_A556:GT	improved	-74687.683477	10	improved	74687.683477
[42]282set_A6:GT	improved	-76509.663948	10	improved	76509.663948
[43]282set_A619:GT	improved	-80650.665379	10	improved	80650.665379
[44]282set_A632:GT	improved	-61739.037779	10	improved	61739.037779
[45]282set_A634:GT	improved	-61783.935982	10	improved	61783.935982
[46]282set_A635:GT	improved	-57958.745916	10	improved	57958.745916
[47]282set_A641:GT	improved	-68913.610531	10	improved	68913.610531
[48]282set_A654:GT	improved	-75114.124635	10	improved	75114.124635
[49]282set_A659:GT	improved	-75689.808099	10	improved	75689.808099
[50]282set_A661:GT	improved	-73561.198258	10	improved	73561.198258
[51]282set_A679:GT	improved	-18206.083969	10	improved	18206.083969
[52]282set_A680:GT	improved	-7678.376957	10	improved	7678.376957
[53]282set_A682:GT	improved	-80395.040593	10	improved	80395.040593
[54]282set_Ab28A:GT	improved	-74124.455567	10	improved	74124.455567
[55]282set_B10:GT	improved	-61760.974616	10	improved	61760.974616
[56]282set_B103:GT	improved	-76434.062824	10	improved	76434.062824
[57]282set_B104:GT	improved	-44484.108419	10	improved	44484.108419
[58]282set_B105:GT	improved	-60458.90935	10	improved	60458.90935
[59]282set_B109:GT	improved	-15355.624267	10	improved	15355.624267
[60]282set_B14A:GT	improved	-53311.129386	10	improved	53311.129386
[61]282set_B164:GT	improved	-71908.010018	10	improved	71908.010018
[62]282set_B2:GT	improved	-72859.62338	10	improved	72859.62338
[63]282set_B37:GT	improved	-65775.361911	10	improved	65775.361911
[64]282set_B46:GT	improved	-73414.702096	10	improved	73414.702096
[65]282set_B52:GT	improved	-73066.243501	10	improved	73066.243501
[66]282set_B57:GT	improved	-76645.962285	10	improved	76645.962285
[67]282set_B64:GT	improved	-65048.926735	10	improved	65048.926735
[68]282set_B68:GT	improved	-61088.741441	10	improved	61088.741441
[69]282set_B73:GT	improved	-547.47461	10	improved	547.47461
[70]282set_B75:GT	improved	-74318.451631	10	improved	74318.451631
[71]282set_B76:GT	improved	-66650.222731	10	improved	66650.222731
[72]282set_B77:GT	improved	-78897.453976	10	improved	78897.453976
[73]282set_B79:GT	improved	-71159.849722	10	improved	71159.849722
[74]282set_B84:GT	improved	-44268.937794	10	improved	44268.937794
[75]282set_C103:GT	improved	-86027.278392	10	improved	86027.278392
[76]282set_C123:GT	improved	-82307.340861	10	improved	82307.340861
[77]282set_C49A:GT	improved	-75386.529195	10	improved	75386.529195
[78]282set_CH701-30:GT	improved	-73093.403298	10	improved	73093.403298
[79]282set_CH9:GT	improved	-76282.547664	10	improved	76282.547664
[80]282set_CI187-2:GT	improved	-73063.023036	10	improved	73063.023036
[81]282set_CI21E:GT	improved	-67249.287406	10	improved	67249.287406
[82]282set_CI28AGoodman-Buckler:GT	improved	-73975.749399	10	improved	73975.749399
[83]282set_CI31A:GT	improved	-76143.53891	10	improved	76143.53891
[84]282set_CI3A:GT	improved	-76920.130171	10	improved	76920.130171
[85]282set_CI64:GT	improved	-75194.311036	10	improved	75194.311036
[86]282set_CI66:GT	improved	-75760.131375	10	improved	75760.131375
[87]282set_Ci7Goodman-Buckler:GT	improved	-76228.002926	10	improved	76228.002926
[88]282set_Ci90CGoodman-Buckler:GT	improved	-74437.150272	10	improved	74437.150272
[89]282set_Ci91BGoodman-Buckler:GT	improved	-71964.749843	10	improved	71964.749843
[90]282set_CM105:GT	improved	-64382.817862	10	improved	64382.817862
[91]282set_CM37:GT	improved	-76603.097616	10	improved	76603.097616
[92]282set_CM7:GT	improved	-76553.135691	10	improved	76553.135691
[93]282set_CML10:GT	improved	-75935.421119	10	improved	75935.421119
[94]282set_CML108:GT	improved	-74764.227703	10	improved	74764.227703
[95]282set_CML11:GT	improved	-75526.435559	10	improved	75526.435559
[96]282set_CML14:GT	improved	-74318.911049	10	improved	74318.911049
[97]282set_CML154Q:GT	improved	-75891.816377	10	improved	75891.816377
[98]282set_CML157Q:GT	improved	-75736.5332	10	improved	75736.5332
[99]282set_CML158Q:GT	improved	-76564.700357	10	improved	76564.700357
[100]282set_CML218:GT	improved	-76119.054361	10	improved	76119.054361
[101]282set_CML220:GT	improved	-75856.888296	10	improved	75856.888296
[102]282set_CML228:GT	improved	-78208.744235	10	improved	78208.744235
[103]282set_CML238:GT	improved	-76120.642759	10	improved	76120.642759
[104]282set_CML247:GT	improved	-77950.459588	10	improved	77950.459588
[105]282set_CML254:GT	improved	-74922.075324	10	improved	74922.075324
[106]282set_CML258:GT	improved	-74458.52131	10	improved	74458.52131
[107]282set_CML261:GT	improved	-73672.990189	10	improved	73672.990189
[108]282set_CML264:GT	improved	-74001.349506	10	improved	74001.349506
[109]282set_CML277:GT	improved	-76386.561352	10	improved	76386.561352
[110]282set_CML281:GT	improved	-76211.020857	10	improved	76211.020857
[111]282set_CML287:GT	improved	-76310.221194	10	improved	76310.221194
[112]282set_CML311:GT	improved	-76886.621057	10	improved	76886.621057
[113]282set_CML314:GT	improved	-75039.509396	10	improved	75039.509396
[114]282set_CML321:GT	improved	-75131.375664	10	improved	75131.375664
[115]282set_CML322:GT	improved	-76195.385364	10	improved	76195.385364
[116]282set_CML323:GT	improved	-74721.612172	10	improved	74721.612172
[117]282set_CML328:GT	improved	-78682.710759	10	improved	78682.710759
[118]282set_CML331:GT	improved	-76168.338549	10	improved	76168.338549
[119]282set_CML332:GT	improved	-75928.097334	10	improved	75928.097334
[120]282set_CML333:GT	improved	-76266.193745	10	improved	76266.193745
[121]282set_CML341:GT	improved	-72865.404181	10	improved	72865.404181
[122]282set_CML38:GT	improved	-76582.549471	10	improved	76582.549471
[123]282set_CML45:GT	improved	-77944.122786	10	improved	77944.122786
[124]282set_CML5:GT	improved	-74827.472984	10	improved	74827.472984
[125]282set_CML52:GT	improved	-76805.955668	10	improved	76805.955668
[126]282set_CML61:GT	improved	-76538.294098	10	improved	76538.294098
[127]282set_CML69:GT	improved	-77259.66345	10	improved	77259.66345
[128]282set_CML77:GT	improved	-75873.124455	10	improved	75873.124455
[129]282set_CML91:GT	improved	-73795.507464	10	improved	73795.507464
[130]282set_CML92:GT	improved	-74490.015139	10	improved	74490.015139
[131]282set_CMV3:GT	improved	-75827.622406	10	improved	75827.622406
[132]282set_CO106:GT	improved	-76130.823383	10	improved	76130.823383
[133]282set_CO125:GT	improved	-74512.39231	10	improved	74512.39231
[134]282set_CO255:GT	improved	-78985.033416	10	improved	78985.033416
[135]282set_D940Y:GT	improved	-77573.98033	10	improved	77573.98033
[136]282set_DE1:GT	improved	-77609.783333	10	improved	77609.783333
[137]282set_DE-2:GT	improved	-76585.93886	10	improved	76585.93886
[138]282set_DE811:GT	improved	-67641.135292	10	improved	67641.135292
[139]282set_E2558W:GT	improved	-74585.240412	10	improved	74585.240412
[140]282set_EP1:GT	improved	-79506.995865	10	improved	79506.995865
[141]282set_F2834T:GT	improved	-75830.153385	10	improved	75830.153385
[142]282set_F6:GT	improved	-77380.204486	10	improved	77380.204486
[143]282set_F7:GT	improved	-80964.811494	10	improved	80964.811494
[144]282set_GA209:GT	improved	-73321.554847	10	improved	73321.554847
[145]282set_GT112:GT	improved	-76522.465225	10	improved	76522.465225
[146]282set_H105W:GT	improved	-66379.256052	10	improved	66379.256052
[147]282set_H49:GT	improved	-76104.867494	10	improved	76104.867494
[148]282set_H84:GT	improved	-66767.011363	10	improved	66767.011363
[149]282set_H91:GT	improved	-56116.698726	10	improved	56116.698726
[150]282set_H95:GT	improved	-77589.69774	10	improved	77589.69774
[151]282set_H99:GT	improved	-76502.018855	10	improved	76502.018855
[152]282set_Hi27Goodman-Buckler:GT	improved	-71469.523569	10	improved	71469.523569
[153]282set_HP301:GT	improved	-77003.184064	10	improved	77003.184064
[154]282set_I137TN:GT	improved	-74797.147319	10	improved	74797.147319
[155]282set_i1677a:GT	improved	-78876.340986	10	improved	78876.340986
[156]282set_I205:GT	improved	-72263.27727	10	improved	72263.27727
[157]282set_I29:GT	improved	-74843.433505	10	improved	74843.433505
[158]282set_IA2132Goodman-Buckler:GT	improved	-75966.998832	10	improved	75966.998832
[159]282set_Ia5125:GT	improved	-77788.702643	10	improved	77788.702643
[160]282set_IDS28:GT	improved	-76479.355582	10	improved	76479.355582
[161]282set_IDS69:GT	improved	-77648.388664	10	improved	77648.388664
[162]282set_IDS91:GT	improved	-77537.314333	10	improved	77537.314333
[163]282set_Il101:GT	improved	-79491.02643	10	improved	79491.02643
[164]282set_Il14H:GT	improved	-79166.412521	10	improved	79166.412521
[165]282set_ILLHy:GT	improved	-67129.715946	10	improved	67129.715946
[166]282set_K148:GT	improved	-76117.719841	10	improved	76117.719841
[167]282set_K4:GT	improved	-74338.49264	10	improved	74338.49264
[168]282set_K55:GT	improved	-74843.614266	10	improved	74843.614266
[169]282set_K64:GT	improved	-73839.063107	10	improved	73839.063107
[170]282set_Ki11:GT	improved	-78887.449076	10	improved	78887.449076
[171]282set_Ki14:GT	improved	-78648.660319	10	improved	78648.660319
[172]282set_Ki2021:GT	improved	-78679.555358	10	improved	78679.555358
[173]282set_Ki21:GT	improved	-79958.923866	10	improved	79958.923866
[174]282set_Ki43:GT	improved	-78807.017892	10	improved	78807.017892
[175]282set_Ki44:GT	improved	-76369.512499	10	improved	76369.512499
[176]282set_Ky21:GT	improved	-73901.661119	10	improved	73901.661119
[177]282set_KY226:GT	improved	-71421.365367	10	improved	71421.365367
[178]282set_KY228:GT	improved	-76784.758356	10	improved	76784.758356
[179]282set_L317:GT	improved	-78881.706865	10	improved	78881.706865
[180]282set_L578:GT	improved	-74847.177586	10	improved	74847.177586
[181]282set_M14:GT	improved	-73330.935886	10	improved	73330.935886
[182]282set_M162W:GT	improved	-76754.288604	10	improved	76754.288604
[183]282set_M37W:GT	improved	-79592.151251	10	improved	79592.151251
[184]282set_MEF156-55-2:GT	improved	-78231.347844	10	improved	78231.347844
[185]282set_Mo17:GT	improved	-83330.598204	10	improved	83330.598204
[186]282set_Mo18W:GT	improved	-76734.530354	10	improved	76734.530354
[187]282set_MO1W:GT	improved	-76556.860359	10	improved	76556.860359
[188]282set_Mo24W:GT	improved	-76465.144743	10	improved	76465.144743
[189]282set_Mo44:GT	improved	-75174.499474	10	improved	75174.499474
[190]282set_Mo45:GT	improved	-78787.958863	10	improved	78787.958863
[191]282set_Mo46:GT	improved	-75432.988617	10	improved	75432.988617
[192]282set_Mo47:GT	improved	-72923.5123	10	improved	72923.5123
[193]282set_MoG:GT	improved	-77212.913471	10	improved	77212.913471
[194]282set_Mp339:GT	improved	-76076.036295	10	improved	76076.036295
[195]282set_MS1334:GT	improved	-75534.522719	10	improved	75534.522719
[196]282set_MS153:GT	improved	-76408.659989	10	improved	76408.659989
[197]282set_Mt42:GT	improved	-77629.893178	10	improved	77629.893178
[198]282set_N192:GT	improved	-21834.049812	10	improved	21834.049812
[199]282set_N28Ht:GT	improved	-65240.574703	10	improved	65240.574703
[200]282set_NC222:GT	improved	-75601.563507	10	improved	75601.563507
[201]282set_NC230:GT	improved	-75454.14211	10	improved	75454.14211
[202]282set_NC232:GT	improved	-74797.234727	10	improved	74797.234727
[203]282set_NC236:GT	improved	-74282.603755	10	improved	74282.603755
[204]282set_NC238:GT	improved	-75436.886567	10	improved	75436.886567
[205]282set_NC250:GT	improved	-69022.622974	10	improved	69022.622974
[206]282set_NC258:GT	improved	-82296.508838	10	improved	82296.508838
[207]282set_NC260:GT	improved	-76848.576865	10	improved	76848.576865
[208]282set_NC262:GT	improved	-80869.695394	10	improved	80869.695394
[209]282set_NC264:GT	improved	-76800.438114	10	improved	76800.438114
[210]282set_NC290A:GT	improved	-80240.54954	10	improved	80240.54954
[211]282set_NC294:GT	improved	-32829.169962	10	improved	32829.169962
[212]282set_NC296:GT	improved	-78564.875429	10	improved	78564.875429
[213]282set_NC296A:GT	improved	-77185.587107	10	improved	77185.587107
[214]282set_NC298:GT	improved	-39358.951995	10	improved	39358.951995
[215]282set_NC300:GT	improved	-76720.870038	10	improved	76720.870038
[216]282set_NC302:GT	improved	-78890.318742	10	improved	78890.318742
[217]282set_NC304:GT	improved	-77576.980944	10	improved	77576.980944
[218]282set_NC306:GT	improved	-28441.340365	10	improved	28441.340365
[219]282set_NC310:GT	improved	-13401.583522	10	improved	13401.583522
[220]282set_NC314:GT	improved	-44199.258309	10	improved	44199.258309
[221]282set_NC318:GT	improved	-74903.319703	10	improved	74903.319703
[222]282set_NC320:GT	improved	-75523.655693	10	improved	75523.655693
[223]282set_NC324:GT	improved	-47422.611837	10	improved	47422.611837
[224]282set_NC326:GT	improved	-5885.652831	10	improved	5885.652831
[225]282set_NC328:GT	improved	-11787.325713	10	improved	11787.325713
[226]282set_NC33:GT	improved	-75324.367613	10	improved	75324.367613
[227]282set_NC336:GT	improved	-77479.822697	10	improved	77479.822697
[228]282set_NC338:GT	improved	-76523.546483	10	improved	76523.546483
[229]282set_NC340:GT	improved	-77788.331482	10	improved	77788.331482
[230]282set_NC342:GT	improved	-79679.881933	10	improved	79679.881933
[231]282set_NC344:GT	improved	-80995.717363	10	improved	80995.717363
[232]282set_NC346:GT	improved	-78604.633481	10	improved	78604.633481
[233]282set_NC348:GT	improved	-77751.122292	10	improved	77751.122292
[234]282set_NC350:GT	improved	-76823.046256	10	improved	76823.046256
[235]282set_NC352:GT	improved	-77349.10102	10	improved	77349.10102
[236]282set_NC354:GT	improved	-75277.259454	10	improved	75277.259454
[237]282set_NC356:GT	improved	-76496.200187	10	improved	76496.200187
[238]282set_NC358:GT	improved	-76177.922045	10	improved	76177.922045
[239]282set_NC360:GT	improved	-77793.880361	10	improved	77793.880361
[240]282set_NC362:GT	improved	-79827.304271	10	improved	79827.304271
[241]282set_NC364:GT	improved	-79513.711397	10	improved	79513.711397
[242]282set_NC366:GT	improved	-78015.553694	10	improved	78015.553694
[243]282set_NC368:GT	improved	-34248.981923	10	improved	34248.981923
[244]282set_ND246:GT	improved	-73775.024871	10	improved	73775.024871
[245]282set_Oh40B:GT	improved	-79301.347843	10	improved	79301.347843
[246]282set_Oh43E:GT	improved	-80336.935903	10	improved	80336.935903
[247]282set_Oh603:GT	improved	-76615.938529	10	improved	76615.938529
[248]282set_OH7B:GT	improved	-74534.683379	10	improved	74534.683379
[249]282set_Os420:GT	improved	-73918.237911	10	improved	73918.237911
[250]282set_P39Goodman-Buckler:GT	improved	-82345.413983	10	improved	82345.413983
[251]282set_Pa762:GT	improved	-81272.68895	10	improved	81272.68895
[252]282set_Pa875:GT	improved	-73943.375208	10	improved	73943.375208
[253]282set_Pa880:GT	improved	-74512.99169	10	improved	74512.99169
[254]282set_Pa91:GT	improved	-78319.22519	10	improved	78319.22519
[255]282set_R168:GT	improved	-74022.472635	10	improved	74022.472635
[256]282set_R177:GT	improved	-79641.463502	10	improved	79641.463502
[257]282set_R229:GT	improved	-10982.349104	10	improved	10982.349104
[258]282set_R4:GT	improved	-72480.18637	10	improved	72480.18637
[259]282set_SA24:GT	improved	-78163.746404	10	improved	78163.746404
[260]282set_SC213R:GT	improved	-76899.850598	10	improved	76899.850598
[261]282set_SC357:GT	improved	-76396.925389	10	improved	76396.925389
[262]282set_SC55:GT	improved	-76120.780984	10	improved	76120.780984
[263]282set_SD40:GT	improved	-72475.691356	10	improved	72475.691356
[264]282set_SD44:GT	improved	-72932.359503	10	improved	72932.359503
[265]282set_Sg1533:GT	improved	-77714.845107	10	improved	77714.845107
[266]282set_Sg18:GT	improved	-77168.599366	10	improved	77168.599366
[267]282set_T232:GT	improved	-74103.017099	10	improved	74103.017099
[268]282set_T234:GT	improved	-75533.188095	10	improved	75533.188095
[269]282set_T8:GT	improved	-77711.904844	10	improved	77711.904844
[270]282set_Tx303:GT	improved	-75626.722025	10	improved	75626.722025
[271]282set_Tx601:GT	improved	-75932.3223	10	improved	75932.3223
[272]282set_Tzi10:GT	improved	-77613.528922	10	improved	77613.528922
[273]282set_Tzi11:GT	improved	-74227.279883	10	improved	74227.279883
[274]282set_Tzi16:GT	improved	-73700.979502	10	improved	73700.979502
[275]282set_Tzi18:GT	improved	-77065.607045	10	improved	77065.607045
[276]282set_Tzi25:GT	improved	-64251.898783	10	improved	64251.898783
[277]282set_Tzi8:GT	improved	-75297.440334	10	improved	75297.440334
[278]282set_Tzi9:GT	improved	-77095.411833	10	improved	77095.411833
[279]282set_U267Y:GT	improved	-75712.090151	10	improved	75712.090151
[280]282set_VA102:GT	improved	-77495.793287	10	improved	77495.793287
[281]282set_Va14:GT	improved	-76775.056456	10	improved	76775.056456
[282]282set_Va17:GT	improved	-76303.714433	10	improved	76303.714433
[283]282set_Va22:GT	improved	-79176.613343	10	improved	79176.613343
[284]282set_Va26:GT	improved	-78116.977642	10	improved	78116.977642
[285]282set_Va35:GT	improved	-79718.855525	10	improved	79718.855525
[286]282set_Va59:GT	improved	-80332.971724	10	improved	80332.971724
[287]282set_Va85:GT	improved	-77414.682765	10	improved	77414.682765
[288]282set_Va99:GT	improved	-74340.337761	10	improved	74340.337761
[289]282set_VaW6:GT	improved	-75988.083725	10	improved	75988.083725
[290]282set_W117Ht:GT	improved	-76227.953971	10	improved	76227.953971
[291]282set_W153R:GT	improved	-77549.283438	10	improved	77549.283438
[292]282set_W182B:GT	improved	-76151.172466	10	improved	76151.172466
[293]282set_Wf9:GT	improved	-75599.509041	10	improved	75599.509041
[294]282set_Yu796:GT	improved	-76760.169605	10	improved	76760.169605
[295]29MIBZ2:GT	improved	-78683.961979	10	improved	78683.961979
[296]2FACC:GT	improved	-37995.676468	10	improved	37995.676468
[297]2MA22:GT	improved	-68935.344012	10	improved	68935.344012
[298]3189:GT	improved	-65065.467771	10	improved	65065.467771
[299]32:GT	improved	-44423.946679	10	improved	44423.946679
[300]3335:GT	improved	-63027.62074	10	improved	63027.62074
[301]3489a:GT	improved	-71541.97755	10	improved	71541.97755
[302]3514:GT	improved	-74354.337199	10	improved	74354.337199
[303]3H2:GT	improved	-80656.74939	10	improved	80656.74939
[304]3IBZ2:GT	improved	-73737.150448	10	improved	73737.150448
[305]4003:GT	improved	-82933.104727	10	improved	82933.104727
[306]411:GT	improved	-79354.366841	10	improved	79354.366841
[307]433-7:GT	improved	-71934.880523	10	improved	71934.880523
[308]441950:GT	improved	-73263.779855	10	improved	73263.779855
[309]444:GT	improved	-81674.473463	10	improved	81674.473463
[310]4676A:GT	improved	-66594.033382	10	improved	66594.033382
[311]468-3:GT	improved	-47728.979207	10	improved	47728.979207
[312]4722:GT	improved	-79111.823145	10	improved	79111.823145
[313]4936:GT	improved	-81575.756764	10	improved	81575.756764
[314]4F1:GT	improved	-85556.54502	10	improved	85556.54502
[315]4N506:GT	improved	-27808.644875	10	improved	27808.644875
[316]5023:GT	improved	-80416.150396	10	improved	80416.150396
[317]5032:GT	improved	-80622.617684	10	improved	80622.617684
[318]5707:GT	improved	-80985.954523	10	improved	80985.954523
[319]6:GT	improved	-69564.255457	10	improved	69564.255457
[320]6103:GT	improved	-60201.439187	10	improved	60201.439187
[321]619:GT	improved	-86805.05475	10	improved	86805.05475
[322]624:GT	improved	-60601.939422	10	improved	60601.939422
[323]680:GT	improved	-69410.947353	10	improved	69410.947353
[324]68122:GT	improved	-84902.2527	10	improved	84902.2527
[325]68139:GT	improved	-80759.437069	10	improved	80759.437069
[326]68202:GT	improved	-62989.726614	10	improved	62989.726614
[327]697:GT	improved	-46764.721113	10	improved	46764.721113
[328]698-3:GT	improved	-67666.904149	10	improved	67666.904149
[329]6M502:GT	improved	-78198.569693	10	improved	78198.569693
[330]7026B:GT	improved	-74340.791571	10	improved	74340.791571
[331]707:GT	improved	-77311.518665	10	improved	77311.518665
[332]7146:GT	improved	-79664.763415	10	improved	79664.763415
[333]72-125:GT	improved	-90314.922959	10	improved	90314.922959
[334]7236:GT	improved	-75112.501251	10	improved	75112.501251
[335]7327:GT	improved	-79371.482324	10	improved	79371.482324
[336]740:GT	improved	-81544.611887	10	improved	81544.611887
[337]743:GT	improved	-22949.93483	10	improved	22949.93483
[338]75-14gao:GT	improved	-83858.737126	10	improved	83858.737126
[339]75-24:GT	improved	-78753.18933	10	improved	78753.18933
[340]75-364:GT	improved	-82745.858157	10	improved	82745.858157
[341]757:GT	improved	-65707.331704	10	improved	65707.331704
[342]764:GT	improved	-29575.107638	10	improved	29575.107638
[343]77:GT	improved	-80151.315006	10	improved	80151.315006
[344]779:GT	improved	-72506.361063	10	improved	72506.361063
[345]78002A:GT	improved	-26170.008995	10	improved	26170.008995
[346]78004:GT	improved	-30763.153325	10	improved	30763.153325
[347]78010:GT	improved	-32997.13253	10	improved	32997.13253
[348]78371A:GT	improved	-82408.346004	10	improved	82408.346004
[349]785:GT	improved	-56472.267027	10	improved	56472.267027
[350]78551S:GT	improved	-81382.80585	10	improved	81382.80585
[351]78599:GT	improved	-85876.090399	10	improved	85876.090399
[352]787:GT	improved	-74718.659976	10	improved	74718.659976
[353]7884:GT	improved	-74264.230058	10	improved	74264.230058
[354]790:GT	improved	-27108.065416	10	improved	27108.065416
[355]79028:GT	improved	-74261.170681	10	improved	74261.170681
[356]7903E:GT	improved	-56209.727154	10	improved	56209.727154
[357]79131:GT	improved	-70536.308146	10	improved	70536.308146
[358]792:GT	improved	-32920.973613	10	improved	32920.973613
[359]794:GT	improved	-18739.398658	10	improved	18739.398658
[360]795:GT	improved	-33592.018529	10	improved	33592.018529
[361]802:GT	improved	-80739.54588	10	improved	80739.54588
[362]806A:GT	improved	-64086.038573	10	improved	64086.038573
[363]807:GT	improved	-70811.612864	10	improved	70811.612864
[364]807D:GT	improved	-73740.43722	10	improved	73740.43722
[365]811A:GT	improved	-73783.708221	10	improved	73783.708221
[366]82huangzao4:GT	improved	-53776.403154	10	improved	53776.403154
[367]832:GT	improved	-42762.364016	10	improved	42762.364016
[368]83IBI3:GT	improved	-76878.212356	10	improved	76878.212356
[369]84-126-15-1:GT	improved	-80783.498208	10	improved	80783.498208
[370]85bai64:GT	improved	-80489.92294	10	improved	80489.92294
[371]87001:GT	improved	-82086.607706	10	improved	82086.607706
[372]8701:GT	improved	-79964.583672	10	improved	79964.583672
[373]87916W:GT	improved	-28781.009812	10	improved	28781.009812
[374]897:GT	improved	-83183.550642	10	improved	83183.550642
[375]8982:GT	improved	-81021.311164	10	improved	81021.311164
[376]9058:GT	improved	-85221.270877	10	improved	85221.270877
[377]9101-7:GT	improved	-57961.975808	10	improved	57961.975808
[378]91huang10:GT	improved	-77213.938353	10	improved	77213.938353
[379]91huang15:GT	improved	-77793.609016	10	improved	77793.609016
[380]91huang5:GT	improved	-75131.109772	10	improved	75131.109772
[381]926:GT	improved	-86700.553787	10	improved	86700.553787
[382]928:GT	improved	-86322.287441	10	improved	86322.287441
[383]92huang40:GT	improved	-80523.215636	10	improved	80523.215636
[384]953:GT	improved	-66138.65145	10	improved	66138.65145
[385]96201:GT	improved	-78590.552634	10	improved	78590.552634
[386]9702:GT	improved	-76272.143904	10	improved	76272.143904
[387]9706:GT	improved	-79805.771351	10	improved	79805.771351
[388]9710:GT	improved	-63824.24351	10	improved	63824.24351
[389]98F1:GT	improved	-26023.655259	10	improved	26023.655259
[390]99122:GT	improved	-74952.165489	10	improved	74952.165489
[391]A272:GT	improved	-78685.704168	10	improved	78685.704168
[392]A554:GT	improved	-75125.422188	10	improved	75125.422188
[393]A619:GT	improved	-68769.173319	10	improved	68769.173319
[394]A632:GT	improved	-62044.058051	10	improved	62044.058051
[395]A679:GT	improved	-17299.307617	10	improved	17299.307617
[396]A801:GT	improved	-64454.107304	10	improved	64454.107304
[397]Ay3566:GT	improved	-61477.097513	10	improved	61477.097513
[398]Ay420:GT	improved	-73451.404275	10	improved	73451.404275
[399]B09:GT	improved	-60890.911317	10	improved	60890.911317
[400]B100:GT	improved	-76560.529352	10	improved	76560.529352
[401]B102:GT	improved	-77885.938053	10	improved	77885.938053
[402]B12:GT	improved	-79116.5958	10	improved	79116.5958
[403]B14:GT	improved	-53336.300776	10	improved	53336.300776
[404]B37:GT	improved	-65997.459071	10	improved	65997.459071
[405]B394:GT	improved	-79429.58357	10	improved	79429.58357
[406]B4:GT	improved	-75032.751751	10	improved	75032.751751
[407]B47:GT	improved	-66726.556018	10	improved	66726.556018
[408]B68:GT	improved	-61461.605706	10	improved	61461.605706
[409]B7:GT	improved	-70995.387042	10	improved	70995.387042
[410]B73:GT	improved	-2094.945307	10	improved	2094.945307
[411]B76:GT	improved	-66780.246438	10	improved	66780.246438
[412]B8:GT	improved	-77169.420855	10	improved	77169.420855
[413]B95:GT	improved	-75145.914795	10	improved	75145.914795
[414]B97:GT	improved	-74524.644043	10	improved	74524.644043
[415]B98:GT	improved	-73352.723698	10	improved	73352.723698
[416]bai197:GT	improved	-87089.408798	10	improved	87089.408798
[417]baihe43:GT	improved	-77831.496431	10	improved	77831.496431
[418]baiU8112:GT	improved	-73387.070418	10	improved	73387.070418
[419]bao3040:GT	improved	-73158.816707	10	improved	73158.816707
[420]BC4B:GT	improved	-53870.04444	10	improved	53870.04444
[421]BCC03:GT	improved	-77605.660018	10	improved	77605.660018
[422]Beck:GT	improved	-46330.640369	10	improved	46330.640369
[423]ben7884:GT	improved	-74674.178788	10	improved	74674.178788
[424]BM:GT	improved	-81966.115361	10	improved	81966.115361
[425]BS110:GT	improved	-32896.422831	10	improved	32896.422831
[426]BT1:GT	improved	-80349.520649	10	improved	80349.520649
[427]C103:GT	improved	-79270.61047	10	improved	79270.61047
[428]C13:GT	improved	-81082.754694	10	improved	81082.754694
[429]C166:GT	improved	-85935.067716	10	improved	85935.067716
[430]C521:GT	improved	-78933.161004	10	improved	78933.161004
[431]C8605-2:GT	improved	-63908.080816	10	improved	63908.080816
[432]cai11-8:GT	improved	-81304.939523	10	improved	81304.939523
[433]CAU178:GT	improved	-83240.052356	10	improved	83240.052356
[434]CAU478:GT	improved	-62749.057591	10	improved	62749.057591
[435]CAU5003:GT	improved	-79553.972068	10	improved	79553.972068
[436]CAUCHANG72:GT	improved	-85321.986176	10	improved	85321.986176
[437]CAUMo17:GT	improved	-83040.967363	10	improved	83040.967363
[438]CAUZHENG58:GT	improved	-71699.570785	10	improved	71699.570785
[439]chang3:GT	improved	-75298.368423	10	improved	75298.368423
[440]chang69:GT	improved	-74064.885579	10	improved	74064.885579
[441]chang72:GT	improved	-82295.495291	10	improved	82295.495291
[442]chang7daxian1:GT	improved	-81396.192942	10	improved	81396.192942
[443]changD:GT	improved	-87290.23498	10	improved	87290.23498
[444]changK:GT	improved	-84556.891221	10	improved	84556.891221
[445]chaoxianbai:GT	improved	-73009.359171	10	improved	73009.359171
[446]chen322:GT	improved	-85059.764473	10	improved	85059.764473
[447]cheng18:GT	improved	-76271.755207	10	improved	76271.755207
[448]cheng435:GT	improved	-39410.74196	10	improved	39410.74196
[449]cheng698-3:GT	improved	-66056.192706	10	improved	66056.192706
[450]chengzi108:GT	improved	-78634.508869	10	improved	78634.508869
[451]chengzi2142:GT	improved	-81656.638422	10	improved	81656.638422
[452]chi545:GT	improved	-79037.953966	10	improved	79037.953966
[453]chihuang14:GT	improved	-54533.309041	10	improved	54533.309041
[454]chihuang32:GT	improved	-78318.464266	10	improved	78318.464266
[455]chong72:GT	improved	-74800.662509	10	improved	74800.662509
[456]CM105:GT	improved	-64409.089837	10	improved	64409.089837
[457]CML103:GT	improved	-75513.090928	10	improved	75513.090928
[458]CML103-run248:GT	improved	-75650.097776	10	improved	75650.097776
[459]CML125-2pianma:GT	improved	-73479.212313	10	improved	73479.212313
[460]CML133:GT	improved	-76799.321711	10	improved	76799.321711
[461]CML192:GT	improved	-76482.141975	10	improved	76482.141975
[462]CML202:GT	improved	-78656.09504	10	improved	78656.09504
[463]CML206:GT	improved	-80372.778966	10	improved	80372.778966
[464]CML228:GT	improved	-78442.223497	10	improved	78442.223497
[465]CML247:GT	improved	-78579.1085	10	improved	78579.1085
[466]CML277:GT	improved	-76851.259101	10	improved	76851.259101
[467]CML312SR:GT	improved	-79493.956438	10	improved	79493.956438
[468]CML322:GT	improved	-77720.408322	10	improved	77720.408322
[469]CML330:GT	improved	-78186.960331	10	improved	78186.960331
[470]CML333:GT	improved	-76496.033467	10	improved	76496.033467
[471]CML341:GT	improved	-75295.622674	10	improved	75295.622674
[472]CML411:GT	improved	-78414.464716	10	improved	78414.464716
[473]CML418:GT	improved	-76336.242295	10	improved	76336.242295
[474]CML479:GT	improved	-76801.436333	10	improved	76801.436333
[475]CML504:GT	improved	-77647.684893	10	improved	77647.684893
[476]CML505:GT	improved	-77082.706415	10	improved	77082.706415
[477]CML511:GT	improved	-78975.24963	10	improved	78975.24963
[478]CML52:GT	improved	-76100.46226	10	improved	76100.46226
[479]CML58:GT	improved	-86022.962739	10	improved	86022.962739
[480]CML69:GT	improved	-77907.42468	10	improved	77907.42468
[481]CML84:GT	improved	-75255.588619	10	improved	75255.588619
[482]CML85:GT	improved	-77882.191821	10	improved	77882.191821
[483]CML96:GT	improved	-74936.502828	10	improved	74936.502828
[484]CML99:GT	improved	-72883.81625	10	improved	72883.81625
[485]CN104:GT	improved	-73137.771333	10	improved	73137.771333
[486]CN165:GT	improved	-67532.663768	10	improved	67532.663768
[487]Co109:GT	improved	-75894.360707	10	improved	75894.360707
[488]CR14:GT	improved	-37338.502225	10	improved	37338.502225
[489]CR1HT:GT	improved	-79227.034319	10	improved	79227.034319
[490]CT109:GT	improved	-84853.944454	10	improved	84853.944454
[491]CT52C:GT	improved	-83315.813892	10	improved	83315.813892
[492]Cwu215B:GT	improved	-74855.133971	10	improved	74855.133971
[493]D1049:GT	improved	-72432.737055	10	improved	72432.737055
[494]D1051:GT	improved	-83027.896429	10	improved	83027.896429
[495]D1139:GT	improved	-71674.181622	10	improved	71674.181622
[496]d140:GT	improved	-71966.24277	10	improved	71966.24277
[497]D15:GT	improved	-53014.598957	10	improved	53014.598957
[498]D20:GT	improved	-82841.372925	10	improved	82841.372925
[499]D23:GT	improved	-77107.539817	10	improved	77107.539817
[500]D33A:GT	improved	-79269.386797	10	improved	79269.386797
[501]D340:GT	improved	-64457.802062	10	improved	64457.802062
[502]D619:GT	improved	-88609.459059	10	improved	88609.459059
[503]D729:GT	improved	-80386.265455	10	improved	80386.265455
[504]D801:GT	improved	-60373.433811	10	improved	60373.433811
[505]D854:GT	improved	-74369.247825	10	improved	74369.247825
[506]D856:GT	improved	-86434.523859	10	improved	86434.523859
[507]D857:GT	improved	-72866.90105	10	improved	72866.90105
[508]D864:GT	improved	-78553.120967	10	improved	78553.120967
[509]D869:GT	improved	-69231.269131	10	improved	69231.269131
[510]D88:GT	improved	-79998.251086	10	improved	79998.251086
[511]D881:GT	improved	-57346.12217	10	improved	57346.12217
[512]D883:GT	improved	-81683.924887	10	improved	81683.924887
[513]D886:GT	improved	-80745.310844	10	improved	80745.310844
[514]D892:GT	improved	-77349.370668	10	improved	77349.370668
[515]D978:GT	improved	-73196.231311	10	improved	73196.231311
[516]da255:GT	improved	-77325.236195	10	improved	77325.236195
[517]dai6:GT	improved	-75139.732455	10	improved	75139.732455
[518]daMO:GT	improved	-83444.511126	10	improved	83444.511126
[519]dan3115:GT	improved	-79058.637585	10	improved	79058.637585
[520]dan340:GT	improved	-76313.951098	10	improved	76313.951098
[521]dan598:GT	improved	-79590.262255	10	improved	79590.262255
[522]dan599:GT	improved	-83878.170996	10	improved	83878.170996
[523]dan9046:GT	improved	-81230.640557	10	improved	81230.640557
[524]dan9064:GT	improved	-74091.296396	10	improved	74091.296396
[525]danhuang02:GT	improved	-82216.984484	10	improved	82216.984484
[526]daqing133:GT	improved	-76630.952465	10	improved	76630.952465
[527]De811:GT	improved	-67479.820367	10	improved	67479.820367
[528]DF20:GT	improved	-19609.323514	10	improved	19609.323514
[529]DF24:GT	improved	-14823.909421	10	improved	14823.909421
[530]DF27:GT	improved	-79699.420823	10	improved	79699.420823
[531]DF32:GT	improved	-82928.457829	10	improved	82928.457829
[532]DH138:GT	improved	-85897.603394	10	improved	85897.603394
[533]DH149:GT	improved	-79163.27526	10	improved	79163.27526
[534]DH40:GT	improved	-77616.532003	10	improved	77616.532003
[535]DH65232:GT	improved	-78918.195551	10	improved	78918.195551
[536]DH65232-DH9:GT	improved	-86091.620962	10	improved	86091.620962
[537]DJ7:GT	improved	-1918.556639	10	improved	1918.556639
[538]DM07:GT	improved	-68510.335546	10	improved	68510.335546
[539]DM101B:GT	improved	-63038.315831	10	improved	63038.315831
[540]dong327:GT	improved	-77066.477931	10	improved	77066.477931
[541]dupl-178:GT	improved	-83244.51134	10	improved	83244.51134
[542]dupl-478:GT	improved	-63444.766565	10	improved	63444.766565
[543]dupl-5003:GT	improved	-80058.280664	10	improved	80058.280664
[544]dupl-Zheng58:GT	improved	-72301.220691	10	improved	72301.220691
[545]duzi:GT	improved	-82103.107402	10	improved	82103.107402
[546]E200:GT	improved	-84801.317775	10	improved	84801.317775
[547]e220:GT	improved	-64865.598132	10	improved	64865.598132
[548]E28:GT	improved	-74123.07655	10	improved	74123.07655
[549]E588:GT	improved	-81601.132417	10	improved	81601.132417
[550]E600:GT	improved	-81343.985936	10	improved	81343.985936
[551]E601:GT	improved	-66313.205902	10	improved	66313.205902
[552]E8501:GT	improved	-78552.613913	10	improved	78552.613913
[553]equn3:GT	improved	-76354.83253	10	improved	76354.83253
[554]equn4:GT	improved	-78667.326534	10	improved	78667.326534
[555]ernan24:GT	improved	-75955.796471	10	improved	75955.796471
[556]ES40:GT	improved	-82364.183847	10	improved	82364.183847
[557]F42:GT	improved	-2116.223626	10	improved	2116.223626
[558]F7:GT	improved	-81365.719702	10	improved	81365.719702
[559]F7584:GT	improved	-80347.096757	10	improved	80347.096757
[560]F939:GT	improved	-80614.318571	10	improved	80614.318571
[561]fangyin:GT	improved	-80844.558682	10	improved	80844.558682
[562]fanrong2:GT	improved	-77075.800916	10	improved	77075.800916
[563]FAP1360A:GT	improved	-73328.189196	10	improved	73328.189196
[564]FAPW:GT	improved	-59655.435865	10	improved	59655.435865
[565]FBHJ:GT	improved	-60102.269945	10	improved	60102.269945
[566]FC-13:GT	improved	-77963.45883	10	improved	77963.45883
[567]Feb-48:GT	improved	-79897.379657	10	improved	79897.379657
[568]fengke1:GT	improved	-80216.418299	10	improved	80216.418299
[569]FR14:GT	improved	-69094.6495	10	improved	69094.6495
[570]fu8521:GT	improved	-75985.795782	10	improved	75985.795782
[571]fu8527:GT	improved	-77087.341626	10	improved	77087.341626
[572]fu8529:GT	improved	-77673.188287	10	improved	77673.188287
[573]fu8538:GT	improved	-77494.926906	10	improved	77494.926906
[574]fu8701:GT	improved	-68256.108008	10	improved	68256.108008
[575]fu96:GT	improved	-76672.479611	10	improved	76672.479611
[576]fusheA:GT	improved	-75023.46446	10	improved	75023.46446
[577]gan41:GT	improved	-80210.923229	10	improved	80210.923229
[578]german_B73:GT	improved	-3001.773427	10	improved	3001.773427
[579]german_CH10:GT	improved	-81203.676722	10	improved	81203.676722
[580]german_D06:GT	improved	-70302.342262	10	improved	70302.342262
[581]german_D09:GT	improved	-71798.991708	10	improved	71798.991708
[582]german_D152:GT	improved	-78906.023812	10	improved	78906.023812
[583]german_DK105:GT	improved	-81113.953481	10	improved	81113.953481
[584]german_EC169:GT	improved	-51704.629638	10	improved	51704.629638
[585]german_EC49A:GT	improved	-75135.396765	10	improved	75135.396765
[586]german_EP1:GT	improved	-79221.448987	10	improved	79221.448987
[587]german_EP44:GT	improved	-76546.842973	10	improved	76546.842973
[588]german_EZ5:GT	improved	-77573.682847	10	improved	77573.682847
[589]german_F03802:GT	improved	-77668.028644	10	improved	77668.028644
[590]german_F2:GT	improved	-78728.226243	10	improved	78728.226243
[591]german_F252:GT	improved	-74928.387114	10	improved	74928.387114
[592]german_F283:GT	improved	-79059.020802	10	improved	79059.020802
[593]german_F353:GT	improved	-75003.173813	10	improved	75003.173813
[594]german_F618:GT	improved	-67504.133759	10	improved	67504.133759
[595]german_F64:GT	improved	-75648.260416	10	improved	75648.260416
[596]german_F7:GT	improved	-80940.674526	10	improved	80940.674526
[597]german_F98902:GT	improved	-47388.962732	10	improved	47388.962732
[598]german_FF0721H-7:GT	improved	-79197.238685	10	improved	79197.238685
[599]german_Lo11:GT	improved	-78293.985194	10	improved	78293.985194
[600]german_Mo17:GT	improved	-82894.540249	10	improved	82894.540249
[601]german_PH207:GT	improved	-76989.570786	10	improved	76989.570786
[602]german_UH006:GT	improved	-80111.34709	10	improved	80111.34709
[603]german_UH007:GT	improved	-79800.270424	10	improved	79800.270424
[604]german_UH009:GT	improved	-80636.170392	10	improved	80636.170392
[605]german_UH250:GT	improved	-68737.847756	10	improved	68737.847756
[606]german_UH304:GT	improved	-75021.146062	10	improved	75021.146062
[607]german_W117:GT	improved	-75342.044284	10	improved	75342.044284
[608]GN4095:GT	improved	-80965.931039	10	improved	80965.931039
[609]guan17-1:GT	improved	-82288.025021	10	improved	82288.025021
[610]guangyou5:GT	improved	-80484.327017	10	improved	80484.327017
[611]GY3:GT	improved	-57534.217737	10	improved	57534.217737
[612]H105W:GT	improved	-66106.987992	10	improved	66106.987992
[613]H114:GT	improved	-66184.050735	10	improved	66184.050735
[614]H127:GT	improved	-78264.773045	10	improved	78264.773045
[615]H16:GT	improved	-78093.142884	10	improved	78093.142884
[616]H2:GT	improved	-71302.742993	10	improved	71302.742993
[617]H21:GT	improved	-85106.673436	10	improved	85106.673436
[618]H66-6:GT	improved	-65472.076535	10	improved	65472.076535
[619]H84:GT	improved	-66615.922972	10	improved	66615.922972
[620]H8431:GT	improved	-55335.409084	10	improved	55335.409084
[621]H99:GT	improved	-79148.32687	10	improved	79148.32687
[622]hai014:GT	improved	-80064.065654	10	improved	80064.065654
[623]hai1134:GT	improved	-82357.598499	10	improved	82357.598499
[624]hai9-21:GT	improved	-74086.461652	10	improved	74086.461652
[625]han21:GT	improved	-69578.494929	10	improved	69578.494929
[626]han49:GT	improved	-82641.414685	10	improved	82641.414685
[627]HB8229:GT	improved	-69673.316405	10	improved	69673.316405
[628]HBAI:GT	improved	-74844.050252	10	improved	74844.050252
[629]HD568:GT	improved	-62097.058817	10	improved	62097.058817
[630]Hda-5:GT	improved	-68551.296854	10	improved	68551.296854
[631]he344:GT	improved	-79687.370687	10	improved	79687.370687
[632]HHe01:GT	improved	-77785.814776	10	improved	77785.814776
[633]HP301:GT	improved	-76688.223614	10	improved	76688.223614
[634]hu803:GT	improved	-57222.991904	10	improved	57222.991904
[635]hua160:GT	improved	-76802.37784	10	improved	76802.37784
[636]huangC:GT	improved	-79019.919798	10	improved	79019.919798
[637]huangchanga:GT	improved	-86374.296231	10	improved	86374.296231
[638]huangchangb:GT	improved	-86782.977363	10	improved	86782.977363
[639]huangyesi:GT	improved	-89532.103871	10	improved	89532.103871
[640]huangyesi3:GT	improved	-88574.426389	10	improved	88574.426389
[641]huangzaosi:GT	improved	-90207.914638	10	improved	90207.914638
[642]huo17:GT	improved	-83992.545031	10	improved	83992.545031
[643]huobai:GT	improved	-80703.088269	10	improved	80703.088269
[644]huotanghuang:GT	improved	-84188.590428	10	improved	84188.590428
[645]huotanghuang17:GT	improved	-76216.46597	10	improved	76216.46597
[646]IA5125:GT	improved	-77975.291548	10	improved	77975.291548
[647]IB014:GT	improved	-77157.934062	10	improved	77157.934062
[648]IB02:GT	improved	-76369.289265	10	improved	76369.289265
[649]IBB14:GT	improved	-69119.953952	10	improved	69119.953952
[650]IBB15:GT	improved	-75693.199693	10	improved	75693.199693
[651]IBC2:GT	improved	-76654.524133	10	improved	76654.524133
[652]Il14H:GT	improved	-79033.98554	10	improved	79033.98554
[653]J8606:GT	improved	-80882.288264	10	improved	80882.288264
[654]ji4112:GT	improved	-87087.436884	10	improved	87087.436884
[655]ji432:GT	improved	-80451.823691	10	improved	80451.823691
[656]ji434:GT	improved	-73662.430746	10	improved	73662.430746
[657]ji444:GT	improved	-87114.822831	10	improved	87114.822831
[658]ji53:GT	improved	-80612.2047	10	improved	80612.2047
[659]ji533:GT	improved	-83101.27564	10	improved	83101.27564
[660]ji63:GT	improved	-74701.899525	10	improved	74701.899525
[661]ji833:GT	improved	-75052.033948	10	improved	75052.033948
[662]ji846:GT	improved	-79997.927126	10	improved	79997.927126
[663]ji853:GT	improved	-82403.402817	10	improved	82403.402817
[664]ji870:GT	improved	-57114.598261	10	improved	57114.598261
[665]jian1495a:GT	improved	-77338.447736	10	improved	77338.447736
[666]jian1495b:GT	improved	-77070.291982	10	improved	77070.291982
[667]jiao05:GT	improved	-74741.77879	10	improved	74741.77879
[668]jiao3:GT	improved	-79715.198588	10	improved	79715.198588
[669]jiao51:GT	improved	-83386.765121	10	improved	83386.765121
[670]jingnuo2:GT	improved	-81116.432252	10	improved	81116.432252
[671]jinsui54:GT	improved	-84465.467739	10	improved	84465.467739
[672]jiu138-5:GT	improved	-79366.723736	10	improved	79366.723736
[673]jiu22:GT	improved	-77197.695454	10	improved	77197.695454
[674]jiutai1:GT	improved	-68898.456192	10	improved	68898.456192
[675]K10:GT	improved	-76495.505627	10	improved	76495.505627
[676]K12:GT	improved	-84527.985245	10	improved	84527.985245
[677]K14:GT	improved	-80270.978495	10	improved	80270.978495
[678]K22:GT	improved	-77177.07501	10	improved	77177.07501
[679]K514:GT	improved	-83332.465704	10	improved	83332.465704
[680]Ki11:GT	improved	-79492.516458	10	improved	79492.516458
[681]Ki21:GT	improved	-79609.079382	10	improved	79609.079382
[682]KI3:GT	improved	-80559.071643	10	improved	80559.071643
[683]KP3130:GT	improved	-74082.634279	10	improved	74082.634279
[684]Ky21:GT	improved	-74368.954834	10	improved	74368.954834
[685]L005:GT	improved	-85217.559347	10	improved	85217.559347
[686]L05-6:GT	improved	-48841.841798	10	improved	48841.841798
[687]L061F:GT	improved	-74303.340309	10	improved	74303.340309
[688]L061M:GT	improved	-73430.946842	10	improved	73430.946842
[689]L069:GT	improved	-83072.638146	10	improved	83072.638146
[690]L-1:GT	improved	-85229.954952	10	improved	85229.954952
[691]L105:GT	improved	-73939.908785	10	improved	73939.908785
[692]L127:GT	improved	-75941.416952	10	improved	75941.416952
[693]L135:GT	improved	-77288.064386	10	improved	77288.064386
[694]L139:GT	improved	-78180.756072	10	improved	78180.756072
[695]L473:GT	improved	-75266.813469	10	improved	75266.813469
[696]L578:GT	improved	-74643.700789	10	improved	74643.700789
[697]La2-4:GT	improved	-50254.456211	10	improved	50254.456211
[698]lan766-4-2:GT	improved	-70248.227365	10	improved	70248.227365
[699]LD61:GT	improved	-80376.520314	10	improved	80376.520314
[700]LH1:GT	improved	-70774.119952	10	improved	70774.119952
[701]LH119:GT	improved	-11936.120368	10	improved	11936.120368
[702]LH123HT:GT	improved	-75863.725434	10	improved	75863.725434
[703]LH127:GT	improved	-78309.202056	10	improved	78309.202056
[704]LH128:GT	improved	-79771.508143	10	improved	79771.508143
[705]LH132:GT	improved	-18412.604003	10	improved	18412.604003
[706]LH143:GT	improved	-61657.903484	10	improved	61657.903484
[707]LH145:GT	improved	-65275.659392	10	improved	65275.659392
[708]LH146HT:GT	improved	-43735.657464	10	improved	43735.657464
[709]LH149:GT	improved	-18684.905756	10	improved	18684.905756
[710]LH150:GT	improved	-78412.584835	10	improved	78412.584835
[711]LH156:GT	improved	-78651.269896	10	improved	78651.269896
[712]LH160:GT	improved	-75364.798057	10	improved	75364.798057
[713]LH162:GT	improved	-77143.473618	10	improved	77143.473618
[714]LH190:GT	improved	-16273.527095	10	improved	16273.527095
[715]LH191:GT	improved	-42780.904802	10	improved	42780.904802
[716]LH192:GT	improved	-26511.040264	10	improved	26511.040264
[717]LH193:GT	improved	-26884.09761	10	improved	26884.09761
[718]LH194:GT	improved	-27880.179933	10	improved	27880.179933
[719]LH196:GT	improved	-12986.85765	10	improved	12986.85765
[720]LH202:GT	improved	-8507.651595	10	improved	8507.651595
[721]LH205:GT	improved	-21979.024854	10	improved	21979.024854
[722]LH208:GT	improved	-36769.861843	10	improved	36769.861843
[723]LH215:GT	improved	-80529.975948	10	improved	80529.975948
[724]LH220Ht:GT	improved	-44880.32664	10	improved	44880.32664
[725]LH295:GT	improved	-80783.207154	10	improved	80783.207154
[726]LH38:GT	improved	-81012.485702	10	improved	81012.485702
[727]LH39:GT	improved	-79979.671786	10	improved	79979.671786
[728]LH51:GT	improved	-83834.777404	10	improved	83834.777404
[729]LH52:GT	improved	-82748.007032	10	improved	82748.007032
[730]LH54:GT	improved	-82226.013365	10	improved	82226.013365
[731]LH57:GT	improved	-82169.674149	10	improved	82169.674149
[732]LH59:GT	improved	-82226.20003	10	improved	82226.20003
[733]LH60:GT	improved	-81667.076972	10	improved	81667.076972
[734]LH61:GT	improved	-81002.899955	10	improved	81002.899955
[735]LH65:GT	improved	-81801.236619	10	improved	81801.236619
[736]LH74:GT	improved	-28716.126386	10	improved	28716.126386
[737]LH82:GT	improved	-76043.029055	10	improved	76043.029055
[738]LH85:GT	improved	-74586.965928	10	improved	74586.965928
[739]LH93:GT	improved	-75565.177106	10	improved	75565.177106
[740]lian87:GT	improved	-79780.263875	10	improved	79780.263875
[741]liao2202:GT	improved	-77123.879035	10	improved	77123.879035
[742]liao2204:GT	improved	-74586.576237	10	improved	74586.576237
[743]liao4271:GT	improved	-75429.922011	10	improved	75429.922011
[744]liao5110:GT	improved	-65343.671508	10	improved	65343.671508
[745]liao7794:GT	improved	-54256.006047	10	improved	54256.006047
[746]LIBC4:GT	improved	-79223.370866	10	improved	79223.370866
[747]LM-2:GT	improved	-83626.980306	10	improved	83626.980306
[748]Lo:GT	improved	-73872.668713	10	improved	73872.668713
[749]Lo1067:GT	improved	-70197.359057	10	improved	70197.359057
[750]Lo1125:GT	improved	-86396.90194	10	improved	86396.90194
[751]longkang1:GT	improved	-81181.301119	10	improved	81181.301119
[752]longkang11:GT	improved	-82323.461039	10	improved	82323.461039
[753]Los-6:GT	improved	-46612.238062	10	improved	46612.238062
[754]LP1:GT	improved	-58257.002918	10	improved	58257.002918
[755]Lp215D:GT	improved	-80261.501315	10	improved	80261.501315
[756]LP5:GT	improved	-17410.276827	10	improved	17410.276827
[757]lu65:GT	improved	-79626.150362	10	improved	79626.150362
[758]luosu3:GT	improved	-77491.424057	10	improved	77491.424057
[759]luyuan133:GT	improved	-77607.70426	10	improved	77607.70426
[760]luyuan92:GT	improved	-76209.017678	10	improved	76209.017678
[761]lv28:GT	improved	-76917.506509	10	improved	76917.506509
[762]lv45:GT	improved	-75708.96642	10	improved	75708.96642
[763]Lx9801:GT	improved	-83051.260322	10	improved	83051.260322
[764]M101:GT	improved	-79868.665584	10	improved	79868.665584
[765]M1016:GT	improved	-81659.97647	10	improved	81659.97647
[766]M131-5:GT	improved	-53955.123102	10	improved	53955.123102
[767]M14:GT	improved	-59172.660533	10	improved	59172.660533
[768]M162W:GT	improved	-76806.853786	10	improved	76806.853786
[769]M22:GT	improved	-54439.466505	10	improved	54439.466505
[770]M3:GT	improved	-67274.256186	10	improved	67274.256186
[771]M3736:GT	improved	-78439.705749	10	improved	78439.705749
[772]M37W:GT	improved	-79542.991328	10	improved	79542.991328
[773]M9:GT	improved	-72825.655071	10	improved	72825.655071
[774]Max:GT	improved	-63257.253367	10	improved	63257.253367
[775]Maxa:GT	improved	-59716.002698	10	improved	59716.002698
[776]MBNA:GT	improved	-80389.942964	10	improved	80389.942964
[777]MBPM:GT	improved	-76197.595568	10	improved	76197.595568
[778]MBSJ:GT	improved	-79679.782309	10	improved	79679.782309
[779]MBST:GT	improved	-82098.706635	10	improved	82098.706635
[780]MBUB:GT	improved	-78924.702852	10	improved	78924.702852
[781]MDF-13D:GT	improved	-81181.585693	10	improved	81181.585693
[782]mei68113:GT	improved	-72241.536628	10	improved	72241.536628
[783]ML606:GT	improved	-78441.444714	10	improved	78441.444714
[784]MM-1A:GT	improved	-79643.228621	10	improved	79643.228621
[785]MM402A:GT	improved	-80889.119442	10	improved	80889.119442
[786]MO113:GT	improved	-77995.860938	10	improved	77995.860938
[787]Mo17:GT	improved	-82470.066484	10	improved	82470.066484
[788]Mo17-chin:GT	improved	-83024.309158	10	improved	83024.309158
[789]MO18W:GT	improved	-77257.513276	10	improved	77257.513276
[790]Mo24W:GT	improved	-74910.420666	10	improved	74910.420666
[791]MP:GT	improved	-51170.819193	10	improved	51170.819193
[792]Ms71:GT	improved	-71461.589104	10	improved	71461.589104
[793]mu4:GT	improved	-80345.26547	10	improved	80345.26547
[794]mu6:GT	improved	-79156.844125	10	improved	79156.844125
[795]N138:GT	improved	-81776.267112	10	improved	81776.267112
[796]N192:GT	improved	-86310.408292	10	improved	86310.408292
[797]N42:GT	improved	-57942.084953	10	improved	57942.084953
[798]N6:GT	improved	-75034.410937	10	improved	75034.410937
[799]N68a:GT	improved	-52843.669525	10	improved	52843.669525
[800]nan21-3:GT	improved	-65008.422539	10	improved	65008.422539
[801]NC268:GT	improved	-29051.198279	10	improved	29051.198279
[802]NC350:GT	improved	-77315.202987	10	improved	77315.202987
[803]NC358:GT	improved	-77177.613932	10	improved	77177.613932
[804]ND246:GT	improved	-74800.041956	10	improved	74800.041956
[805]ning24:GT	improved	-75961.229413	10	improved	75961.229413
[806]ning37:GT	improved	-74493.303162	10	improved	74493.303162
[807]ning45:GT	improved	-74240.481418	10	improved	74240.481418
[808]ning55:GT	improved	-75605.24101	10	improved	75605.24101
[809]niu2-1:GT	improved	-77740.843564	10	improved	77740.843564
[810]NN14B:GT	improved	-70562.719378	10	improved	70562.719378
[811]NQ508:GT	improved	-71020.074323	10	improved	71020.074323
[812]NS501:GT	improved	-68992.270452	10	improved	68992.270452
[813]NS701:GT	improved	-20209.633273	10	improved	20209.633273
[814]oh07B:GT	improved	-74201.066438	10	improved	74201.066438
[815]Oh40B:GT	improved	-79386.591014	10	improved	79386.591014
[816]Oh43:GT	improved	-79236.854458	10	improved	79236.854458
[817]OH7:GT	improved	-73298.256413	10	improved	73298.256413
[818]Oh7B:GT	improved	-74432.759804	10	improved	74432.759804
[819]OQ603:GT	improved	-72009.721317	10	improved	72009.721317
[820]P007:GT	improved	-80769.404102	10	improved	80769.404102
[821]P1:GT	improved	-79920.680515	10	improved	79920.680515
[822]P136:GT	improved	-84844.362073	10	improved	84844.362073
[823]P138:GT	improved	-85952.894903	10	improved	85952.894903
[824]P167:GT	improved	-83653.754984	10	improved	83653.754984
[825]P25:GT	improved	-83394.066318	10	improved	83394.066318
[826]P39:GT	improved	-82569.020444	10	improved	82569.020444
[827]P39-chin:GT	improved	-80271.149957	10	improved	80271.149957
[828]Pa91:GT	improved	-78397.921482	10	improved	78397.921482
[829]PB80:GT	improved	-10334.933835	10	improved	10334.933835
[830]PH207:GT	improved	-76560.198946	10	improved	76560.198946
[831]PHBA6:GT	improved	-78534.405436	10	improved	78534.405436
[832]PHG24:GT	improved	-75579.647946	10	improved	75579.647946
[833]PHG35:GT	improved	-80674.595988	10	improved	80674.595988
[834]PHG39:GT	improved	-68296.443791	10	improved	68296.443791
[835]PHG47:GT	improved	-76884.757155	10	improved	76884.757155
[836]PHG50:GT	improved	-78491.858133	10	improved	78491.858133
[837]PHG71:GT	improved	-65919.75497	10	improved	65919.75497
[838]PHG72:GT	improved	-73871.308533	10	improved	73871.308533
[839]PHG83:GT	improved	-79745.734397	10	improved	79745.734397
[840]PHG84:GT	improved	-78565.138736	10	improved	78565.138736
[841]PHG86:GT	improved	-33160.724858	10	improved	33160.724858
[842]PHH93:GT	improved	-78464.741207	10	improved	78464.741207
[843]PHJ31:GT	improved	-77780.996547	10	improved	77780.996547
[844]PHJ33:GT	improved	-80157.042914	10	improved	80157.042914
[845]PHJ40:GT	improved	-72653.815777	10	improved	72653.815777
[846]PHJ70:GT	improved	-44817.96429	10	improved	44817.96429
[847]PHJ75:GT	improved	-76301.08321	10	improved	76301.08321
[848]PHK05:GT	improved	-80999.841123	10	improved	80999.841123
[849]PHK24:GT	improved	-49683.927746	10	improved	49683.927746
[850]PHK35:GT	improved	-47627.742405	10	improved	47627.742405
[851]PHK42:GT	improved	-76568.893316	10	improved	76568.893316
[852]PHK76:GT	improved	-79758.968529	10	improved	79758.968529
[853]PHK93:GT	improved	-77404.631934	10	improved	77404.631934
[854]PHM10:GT	improved	-74147.329533	10	improved	74147.329533
[855]PHM44:GT	improved	-81107.495209	10	improved	81107.495209
[856]PHM57:GT	improved	-78091.862266	10	improved	78091.862266
[857]PHM81:GT	improved	-72074.714861	10	improved	72074.714861
[858]PHN11:GT	improved	-77050.696275	10	improved	77050.696275
[859]PHN29:GT	improved	-51990.390213	10	improved	51990.390213
[860]PHN37:GT	improved	-81411.045264	10	improved	81411.045264
[861]PHN47:GT	improved	-68819.677627	10	improved	68819.677627
[862]PHN66:GT	improved	-65519.84437	10	improved	65519.84437
[863]PHN73:GT	improved	-79958.011327	10	improved	79958.011327
[864]PHN82:GT	improved	-76057.637772	10	improved	76057.637772
[865]PHNV9:GT	improved	-58538.996347	10	improved	58538.996347
[866]PHP02:GT	improved	-65877.089727	10	improved	65877.089727
[867]PHP55:GT	improved	-74865.60143	10	improved	74865.60143
[868]PHP60:GT	improved	-75243.374594	10	improved	75243.374594
[869]PHP76:GT	improved	-76369.617425	10	improved	76369.617425
[870]PHP85:GT	improved	-49610.640808	10	improved	49610.640808
[871]PHPR5:GT	improved	-59121.806844	10	improved	59121.806844
[872]PHR25:GT	improved	-76270.522823	10	improved	76270.522823
[873]PHR30:GT	improved	-74278.037446	10	improved	74278.037446
[874]PHR32:GT	improved	-76923.68104	10	improved	76923.68104
[875]PHR36:GT	improved	-73988.525262	10	improved	73988.525262
[876]PHR47:GT	improved	-72415.570112	10	improved	72415.570112
[877]PHR55:GT	improved	-72006.387578	10	improved	72006.387578
[878]PHR58:GT	improved	-81886.093252	10	improved	81886.093252
[879]PHR62:GT	improved	-75972.871898	10	improved	75972.871898
[880]PHR63:GT	improved	-78383.488399	10	improved	78383.488399
[881]PHT10:GT	improved	-36964.796859	10	improved	36964.796859
[882]PHT22:GT	improved	-77944.510326	10	improved	77944.510326
[883]PHT55:GT	improved	-68025.040979	10	improved	68025.040979
[884]PHT60:GT	improved	-77817.762022	10	improved	77817.762022
[885]PHT69:GT	improved	-71133.504379	10	improved	71133.504379
[886]PHT77:GT	improved	-69268.331066	10	improved	69268.331066
[887]PHV37:GT	improved	-69845.894744	10	improved	69845.894744
[888]PHV53:GT	improved	-81040.726776	10	improved	81040.726776
[889]PHV78:GT	improved	-79755.769623	10	improved	79755.769623
[890]PHW03:GT	improved	-75015.030492	10	improved	75015.030492
[891]PHW17:GT	improved	-31175.057093	10	improved	31175.057093
[892]PHW20:GT	improved	-76015.120887	10	improved	76015.120887
[893]PHW30:GT	improved	-77307.38185	10	improved	77307.38185
[894]PHW43:GT	improved	-79678.501459	10	improved	79678.501459
[895]PHW51:GT	improved	-65045.513428	10	improved	65045.513428
[896]PHW52:GT	improved	-48409.851977	10	improved	48409.851977
[897]PHW79:GT	improved	-76661.493931	10	improved	76661.493931
[898]PHWG5:GT	improved	-79643.709001	10	improved	79643.709001
[899]PHZ51:GT	improved	-78457.092517	10	improved	78457.092517
[900]PN2:GT	improved	-78884.425401	10	improved	78884.425401
[901]PN2-8:GT	improved	-67900.254158	10	improved	67900.254158
[902]Q1261:GT	improved	-79111.646601	10	improved	79111.646601
[903]Q381:GT	improved	-77414.178685	10	improved	77414.178685
[904]qi205:GT	improved	-77377.781359	10	improved	77377.781359
[905]qi318:GT	improved	-80158.429587	10	improved	80158.429587
[906]qi319:GT	improved	-85091.989143	10	improved	85091.989143
[907]qi35:GT	improved	-77437.245399	10	improved	77437.245399
[908]qi410:GT	improved	-60511.001051	10	improved	60511.001051
[909]qiong51:GT	improved	-73867.948934	10	improved	73867.948934
[910]R017:GT	improved	-81692.820816	10	improved	81692.820816
[911]R08:GT	improved	-81125.969947	10	improved	81125.969947
[912]R136:GT	improved	-82512.694542	10	improved	82512.694542
[913]R150:GT	improved	-83340.261879	10	improved	83340.261879
[914]R1656:GT	improved	-86709.692987	10	improved	86709.692987
[915]R25:GT	improved	-82720.137041	10	improved	82720.137041
[916]R31:GT	improved	-78373.39997	10	improved	78373.39997
[917]R98:GT	improved	-82196.320016	10	improved	82196.320016
[918]RIMMA0438.1:GT	improved	-74227.815566	10	improved	74227.815566
[919]RS710:GT	improved	-71899.137351	10	improved	71899.137351
[920]S001:GT	improved	-83462.803747	10	improved	83462.803747
[921]S22:GT	improved	-64858.707673	10	improved	64858.707673
[922]S311:GT	improved	-79819.356805	10	improved	79819.356805
[923]S37:GT	improved	-81822.934468	10	improved	81822.934468
[924]S53:GT	improved	-61130.174562	10	improved	61130.174562
[925]S7913:GT	improved	-78412.943193	10	improved	78412.943193
[926]S8324:GT	improved	-27830.635962	10	improved	27830.635962
[927]S8326:GT	improved	-82869.834061	10	improved	82869.834061
[928]SC11-1:GT	improved	-79366.917811	10	improved	79366.917811
[929]SC-14:GT	improved	-72565.844838	10	improved	72565.844838
[930]SC14:GT	improved	-70323.456495	10	improved	70323.456495
[931]SC24-1:GT	improved	-74126.978962	10	improved	74126.978962
[932]SC30-1:GT	improved	-82387.51772	10	improved	82387.51772
[933]SC-9:GT	improved	-71084.589764	10	improved	71084.589764
[934]SC9:GT	improved	-71394.543885	10	improved	71394.543885
[935]Seagu1117:GT	improved	-83275.511065	10	improved	83275.511065
[936]Sg1533:GT	improved	-78526.788179	10	improved	78526.788179
[937]SG17:GT	improved	-83645.379471	10	improved	83645.379471
[938]shan89:GT	improved	-83156.758243	10	improved	83156.758243
[939]shangyin110-1:GT	improved	-72961.053215	10	improved	72961.053215
[940]shen135:GT	improved	-83135.392994	10	improved	83135.392994
[941]shen137:GT	improved	-85894.622479	10	improved	85894.622479
[942]shen142:GT	improved	-62206.591668	10	improved	62206.591668
[943]shen5005:GT	improved	-80865.245011	10	improved	80865.245011
[944]shen977:GT	improved	-86655.327565	10	improved	86655.327565
[945]shuang741:GT	improved	-84345.703684	10	improved	84345.703684
[946]shuangM9B-1:GT	improved	-75015.64751	10	improved	75015.64751
[947]shuangtaiwu:GT	improved	-79852.628548	10	improved	79852.628548
[948]siyi:GT	improved	-66537.370201	10	improved	66537.370201
[949]song1145:GT	improved	-79310.34854	10	improved	79310.34854
[950]SS99:GT	improved	-76930.686122	10	improved	76930.686122
[951]su75:GT	improved	-72833.824698	10	improved	72833.824698
[952]suwan1611:GT	improved	-77160.844466	10	improved	77160.844466
[953]SW153:GT	improved	-74163.461328	10	improved	74163.461328
[954]SX-4-21:GT	improved	-74090.476639	10	improved	74090.476639
[955]SX-6-7:GT	improved	-72554.264042	10	improved	72554.264042
[956]SZ3:GT	improved	-84169.093122	10	improved	84169.093122
[957]T24:GT	improved	-75070.956506	10	improved	75070.956506
[958]tai184:GT	improved	-76323.330428	10	improved	76323.330428
[959]tangsipingtou:GT	improved	-74841.83047	10	improved	74841.83047
[960]tian77:GT	improved	-80480.740115	10	improved	80480.740115
[961]tie7922:GT	improved	-51602.557951	10	improved	51602.557951
[962]Timpunia-1:GT	improved	-73533.16587	10	improved	73533.16587
[963]Tx303:GT	improved	-74945.84945	10	improved	74945.84945
[964]Tx601:GT	improved	-76418.721472	10	improved	76418.721472
[965]Tzi8:GT	improved	-77053.695696	10	improved	77053.695696
[966]Va26:GT	improved	-78216.237881	10	improved	78216.237881
[967]Va35:GT	improved	-80127.978561	10	improved	80127.978561
[968]VG85-5:GT	improved	-75340.729583	10	improved	75340.729583
[969]VL0512447:GT	improved	-77912.062851	10	improved	77912.062851
[970]VL05128:GT	improved	-77477.681723	10	improved	77477.681723
[971]VL054178:GT	improved	-76744.658547	10	improved	76744.658547
[972]VL05610:GT	improved	-78926.604609	10	improved	78926.604609
[973]VL056883:GT	improved	-76956.765056	10	improved	76956.765056
[974]VL062784:GT	improved	-79325.34196	10	improved	79325.34196
[975]W117:GT	improved	-21862.861827	10	improved	21862.861827
[976]W153R:GT	improved	-85282.682693	10	improved	85282.682693
[977]W172:GT	improved	-40549.601284	10	improved	40549.601284
[978]W182bn:GT	improved	-76034.54083	10	improved	76034.54083
[979]W22:GT	improved	-75857.181754	10	improved	75857.181754
[980]W222:GT	improved	-75482.470873	10	improved	75482.470873
[981]W23:GT	improved	-74294.845221	10	improved	74294.845221
[982]W238:GT	improved	-77495.01607	10	improved	77495.01607
[983]W2H03:GT	improved	-74889.867999	10	improved	74889.867999
[984]W344:GT	improved	-75815.049514	10	improved	75815.049514
[985]W499:GT	improved	-25487.178234	10	improved	25487.178234
[986]W64A:GT	improved	-74736.909249	10	improved	74736.909249
[987]W668:GT	improved	-64775.139989	10	improved	64775.139989
[988]W8304:GT	improved	-19302.294702	10	improved	19302.294702
[989]W8555:GT	improved	-22062.317396	10	improved	22062.317396
[990]W966:GT	improved	-77123.914649	10	improved	77123.914649
[991]W967:GT	improved	-78740.54721	10	improved	78740.54721
[992]W968:GT	improved	-83081.945228	10	improved	83081.945228
[993]W969:GT	improved	-80130.065798	10	improved	80130.065798
[994]W9706:GT	improved	-80115.390237	10	improved	80115.390237
[995]wei3322:GT	improved	-76710.911472	10	improved	76710.911472
[996]wenhuang31413:GT	improved	-80896.422204	10	improved	80896.422204
[997]WIL500:GT	improved	-68884.253064	10	improved	68884.253064
[998]WIL900:GT	improved	-80321.02525	10	improved	80321.02525
[999]WIL901:GT	improved	-63877.292103	10	improved	63877.292103
[1000]WIL903:GT	improved	-65565.42949	10	improved	65565.42949
[1001]WN11H:GT	improved	-80123.889957	10	improved	80123.889957
[1002]wu109:GT	improved	-79027.511898	10	improved	79027.511898
[1003]wu125:GT	improved	-75430.781539	10	improved	75430.781539
[1004]wu126:GT	improved	-88827.044778	10	improved	88827.044778
[1005]wu312:GT	improved	-78702.561457	10	improved	78702.561457
[1006]X314:GT	improved	-64578.111581	10	improved	64578.111581
[1007]XF117:GT	improved	-69126.727669	10	improved	69126.727669
[1008]XF134:GT	improved	-81957.010957	10	improved	81957.010957
[1009]XF197:GT	improved	-82801.12166	10	improved	82801.12166
[1010]XF223:GT	improved	-79803.245522	10	improved	79803.245522
[1011]XF27:GT	improved	-78724.25934	10	improved	78724.25934
[1012]XF77:GT	improved	-75612.967633	10	improved	75612.967633
[1013]xi502:GT	improved	-86930.235703	10	improved	86930.235703
[1014]xiangai3:GT	improved	-75214.872302	10	improved	75214.872302
[1015]xing230:GT	improved	-72375.584457	10	improved	72375.584457
[1016]xingK36:GT	improved	-77093.680398	10	improved	77093.680398
[1017]xinlun5-9:GT	improved	-82169.842654	10	improved	82169.842654
[1018]XOP2:GT	improved	-63762.348732	10	improved	63762.348732
[1019]xuan6:GT	improved	-77662.665497	10	improved	77662.665497
[1020]xun92-6:GT	improved	-86504.387037	10	improved	86504.387037
[1021]xun92-8:GT	improved	-86603.011556	10	improved	86603.011556
[1022]xun971:GT	improved	-76645.178021	10	improved	76645.178021
[1023]XZ19:GT	improved	-80575.271578	10	improved	80575.271578
[1024]Y223:GT	improved	-84843.442691	10	improved	84843.442691
[1025]y9961:GT	improved	-78494.967653	10	improved	78494.967653
[1026]yan103:GT	improved	-78720.180816	10	improved	78720.180816
[1027]yan156:GT	improved	-79276.228955	10	improved	79276.228955
[1028]yan172:GT	improved	-77941.945194	10	improved	77941.945194
[1029]yan38:GT	improved	-77032.057016	10	improved	77032.057016
[1030]yan812:GT	improved	-41271.288573	10	improved	41271.288573
[1031]Yd6:GT	improved	-58183.661234	10	improved	58183.661234
[1032]ye107:GT	improved	-73918.317101	10	improved	73918.317101
[1033]ye488:GT	improved	-68544.953833	10	improved	68544.953833
[1034]ye515:GT	improved	-77629.492222	10	improved	77629.492222
[1035]ye52106:GT	improved	-77712.223931	10	improved	77712.223931
[1036]ye5237:GT	improved	-85929.951545	10	improved	85929.951545
[1037]ye8001:GT	improved	-66451.646965	10	improved	66451.646965
[1038]ye8112:GT	improved	-41164.337874	10	improved	41164.337874
[1039]ye832:GT	improved	-38303.477283	10	improved	38303.477283
[1040]yi12:GT	improved	-69438.331565	10	improved	69438.331565
[1041]yi36:GT	improved	-73172.205893	10	improved	73172.205893
[1042]yi49:GT	improved	-73938.433146	10	improved	73938.433146
[1043]yi67:GT	improved	-75241.880354	10	improved	75241.880354
[1044]ys06:GT	improved	-62034.60104	10	improved	62034.60104
[1045]yu374:GT	improved	-68247.553923	10	improved	68247.553923
[1046]yu537A:GT	improved	-76104.957562	10	improved	76104.957562
[1047]yu82:GT	improved	-71214.33349	10	improved	71214.33349
[1048]yu87-1:GT	improved	-80550.634927	10	improved	80550.634927
[1049]yuanwu02:GT	improved	-76882.851021	10	improved	76882.851021
[1050]yuanwu05:GT	improved	-82174.316725	10	improved	82174.316725
[1051]yue39-4:GT	improved	-80049.77551	10	improved	80049.77551
[1052]yue89A12-1:GT	improved	-78409.617566	10	improved	78409.617566
[1053]yue89E4-2:GT	improved	-84934.708228	10	improved	84934.708228
[1054]yun147:GT	improved	-76748.920549	10	improved	76748.920549
[1055]Z31B:GT	improved	-81782.050369	10	improved	81782.050369
[1056]zaC546:GT	improved	-79817.370489	10	improved	79817.370489
[1057]ZEAxppRCUDIAAPEI-1:GT	improved	-80300.582178	10	improved	80300.582178
[1058]ZEAxppRCVDIAAPEI-2:GT	improved	-80208.439027	10	improved	80208.439027
[1059]ZEAxppRCYDIAAPEI-5:GT	improved	-70557.551972	10	improved	70557.551972
[1060]ZEAxppRDCDIAAPEI-2:GT	improved	-81109.628157	10	improved	81109.628157
[1061]ZEAxppRDCDIAAPEI-7:GT	improved	-80868.299543	10	improved	80868.299543
[1062]ZEAxppRDGDIAAPEI-11:GT	improved	-79938.986171	10	improved	79938.986171
[1063]ZEAxppRDHDIAAPEI-12:GT	improved	-83740.438102	10	improved	83740.438102
[1064]ZEAxppRDIDIAAPEI-1:GT	improved	-84122.232169	10	improved	84122.232169
[1065]ZEAxppRDLDIAAPEI-2:GT	improved	-60390.535315	10	improved	60390.535315
[1066]ZEAxppRDQDIAAPEI-3:GT	improved	-82229.330922	10	improved	82229.330922
[1067]ZEAxujRADDIBAPE:GT	improved	-65760.832735	10	improved	65760.832735
[1068]ZEAxujRAGDIBAPE:GT	improved	-82963.125046	10	improved	82963.125046
[1069]ZEAxujRAHDIBAPE:GT	improved	-84877.375573	10	improved	84877.375573
[1070]ZEAxujRAJDIBAPE:GT	improved	-84609.277236	10	improved	84609.277236
[1071]ZEAxujRAKDIBAPE:GT	improved	-90525.258146	10	improved	90525.258146
[1072]ZEAxujRALDIBAPE:GT	improved	-47793.006417	10	improved	47793.006417
[1073]ZEAxujRAMDIBAPE:GT	improved	-69567.550841	10	improved	69567.550841
[1074]ZEAxujRANDIBAPE:GT	improved	-75806.509457	10	improved	75806.509457
[1075]ZEAxujRAODIBAPE:GT	improved	-61281.422352	10	improved	61281.422352
[1076]ZEAxujRAPDIAAPE:GT	improved	-79497.720748	10	improved	79497.720748
[1077]ZEAxujRAQDIAAPE:GT	improved	-81367.147187	10	improved	81367.147187
[1078]ZEAxujRARDIAAPE:GT	improved	-81809.703007	10	improved	81809.703007
[1079]ZEAxujRASDIAAPE:GT	improved	-82124.849241	10	improved	82124.849241
[1080]ZEAxujRATDIAAPE:GT	improved	-80424.248545	10	improved	80424.248545
[1081]ZEAxujRAUDIAAPE:GT	improved	-85268.498784	10	improved	85268.498784
[1082]ZEAxujRAVDIAAPE:GT	improved	-85374.686032	10	improved	85374.686032
[1083]ZEAxujRAWDIAAPE:GT	improved	-65262.278848	10	improved	65262.278848
[1084]ZEAxujRAXDIAAPE:GT	improved	-77875.629854	10	improved	77875.629854
[1085]ZEAxujRAYDIAAPE:GT	improved	-75763.999462	10	improved	75763.999462
[1086]ZEAxujRAZDIAAPE:GT	improved	-76309.052418	10	improved	76309.052418
[1087]ZEAxujRBADIAAPE:GT	improved	-68071.344602	10	improved	68071.344602
[1088]ZEAxujRBBDIAAPE:GT	improved	-82232.696679	10	improved	82232.696679
[1089]ZEAxujRBCDIBAPE:GT	improved	-79838.344796	10	improved	79838.344796
[1090]ZEAxujRBDDIBAPE:GT	improved	-82190.19096	10	improved	82190.19096
[1091]ZEAxujRBFDIBAPE:GT	improved	-77922.72786	10	improved	77922.72786
[1092]zhangjin6:GT	improved	-75692.552024	10	improved	75692.552024
[1093]zhangxi28:GT	improved	-75488.488026	10	improved	75488.488026
[1094]zhen367:GT	improved	-79170.420824	10	improved	79170.420824
[1095]zheng22:GT	improved	-75985.268503	10	improved	75985.268503
[1096]zheng32:GT	improved	-29445.935774	10	improved	29445.935774
[1097]zheng653:GT	improved	-77707.054615	10	improved	77707.054615
[1098]zhengbai11:GT	improved	-73733.985312	10	improved	73733.985312
[1099]zhong128:GT	improved	-77666.500113	10	improved	77666.500113
[1100]zhong451:GT	improved	-85770.04507	10	improved	85770.04507
[1101]zhonger02:GT	improved	-66184.708573	10	improved	66184.708573
[1102]zhonghuang64:GT	improved	-80076.708468	10	improved	80076.708468
[1103]zhongxi042:GT	improved	-73548.361714	10	improved	73548.361714
[1104]zhongyin10:GT	improved	-66059.521875	10	improved	66059.521875
[1105]zhongyin15:GT	improved	-76416.401531	10	improved	76416.401531
[1106]zi330:GT	improved	-38230.238024	10	improved	38230.238024
[1107]ziduosui:GT	improved	-75804.470112	10	improved	75804.470112
[1108]ziyu3:GT	improved	-81133.77991	10	improved	81133.77991
[1109]zong3:GT	improved	-76805.334185	10	improved	76805.334185
[1110]zong31:GT	improved	-78850.192371	10	improved	78850.192371
[1111]zong548-1521:GT	improved	-74830.131144	10	improved	74830.131144
[1112]ZPON7:GT	improved	-71354.931515	10	improved	71354.931515
[1113]ZS01250:GT	improved	-73587.458209	10	improved	73587.458209
[1114]zun90110:GT	improved	-83696.171446	10	improved	83696.171446
[5]ZEAxppRCWDIAAPEI-3:GT	landrace	-82977.520177	10	landrace	82977.520177
[6]ZEAxppRCXDIAAPEI-4:GT	landrace	-81522.808211	10	landrace	81522.808211
[7]BKN009:GT	landrace	-78098.573113	10	landrace	78098.573113
[8]BKN010:GT	landrace	-78568.653995	10	landrace	78568.653995
[9]BKN011:GT	landrace	-76675.566792	10	landrace	76675.566792
[10]BKN014:GT	landrace	-79268.046776	10	landrace	79268.046776
[11]BKN015:GT	landrace	-75118.023296	10	landrace	75118.023296
[12]BKN016:GT	landrace	-80982.94052	10	landrace	80982.94052
[13]BKN017:GT	landrace	-73307.678157	10	landrace	73307.678157
[14]BKN018:GT	landrace	-77404.664696	10	landrace	77404.664696
[15]BKN019:GT	landrace	-76996.95984	10	landrace	76996.95984
[16]BKN020:GT	landrace	-76468.422007	10	landrace	76468.422007
[17]BKN022:GT	landrace	-73629.275785	10	landrace	73629.275785
[18]BKN023:GT	landrace	-77765.568601	10	landrace	77765.568601
[19]BKN025:GT	landrace	-74810.417156	10	landrace	74810.417156
[20]BKN026:GT	landrace	-76200.301431	10	landrace	76200.301431
[21]BKN027:GT	landrace	-80594.879862	10	landrace	80594.879862
[22]BKN029:GT	landrace	-73563.148588	10	landrace	73563.148588
[23]BKN030:GT	landrace	-74682.648261	10	landrace	74682.648261
[24]BKN031:GT	landrace	-74932.565056	10	landrace	74932.565056
[25]BKN032:GT	landrace	-76958.473463	10	landrace	76958.473463
[26]BKN033:GT	landrace	-75763.99608	10	landrace	75763.99608
[27]BKN034:GT	landrace	-74770.451228	10	landrace	74770.451228
[28]BKN035:GT	landrace	-72557.89901	10	landrace	72557.89901
[29]BKN040:GT	landrace	-77871.00961	10	landrace	77871.00961
[30]RIMMA0438.1:GT	landrace	-74227.815566	10	landrace	74227.815566
[5]german_Teosinte:GT	wild	-60320.875548	10	wild	60320.875548
[6]TIL01:GT	wild	-60834.592241	10	wild	60834.592241
[7]TIL01-JD:GT	wild	-61811.345161	10	wild	61811.345161
[8]TIL02:GT	wild	-57960.887652	10	wild	57960.887652
[9]TIL03:GT	wild	-62484.340997	10	wild	62484.340997
[10]TIL04-TIP285:GT	wild	-59403.376809	10	wild	59403.376809
[11]TIL04-TIP454:GT	wild	-61676.275271	10	wild	61676.275271
[12]TIL05:GT	wild	-64011.102129	10	wild	64011.102129
[13]TIL06-TIP260:GT	wild	-58447.742093	10	wild	58447.742093
[14]TIL06-TIP496:GT	wild	-58105.383968	10	wild	58105.383968
[15]TIL07:GT	wild	-62858.216259	10	wild	62858.216259
[16]TIL09:GT	wild	-63639.417333	10	wild	63639.417333
[17]TIL10:GT	wild	-62391.82629	10	wild	62391.82629
[18]TIL11:GT	wild	-63593.799154	10	wild	63593.799154
[19]TIL12:GT	wild	-56286.091262	10	wild	56286.091262
[20]TIL14-TIP498:GT	wild	-62980.559403	10	wild	62980.559403
[21]TIL15:GT	wild	-58642.683662	10	wild	58642.683662
[22]TIL16:GT	wild	-57792.841286	10	wild	57792.841286
[23]TIL17:GT	wild	-63149.573499	10	wild	63149.573499
[24]TIL25-TIP489:GT	wild	-58759.815867	10	wild	58759.815867
