chr,grp,region_start,region_end,n_windows,region_stat,region_id,metric,population
1,1,7380000,7660000,28,0.002166315,1_0001,Pi,Improved
1,2,10780000,10840000,6,0.004299705,1_0002,Pi,Improved
1,3,12180000,12260000,8,0.004330625,1_0003,Pi,Improved
1,4,14540000,14650000,12,0.003403875,1_0004,Pi,Improved
1,5,16900000,16920000,2,0.006873755,1_0005,Pi,Improved
1,6,20530000,20580000,5,0.00703524,1_0006,Pi,Improved
1,7,53600000,53650000,5,0.0112465,1_0007,Pi,Improved
1,8,63290000,63350000,6,0.001773301,1_0008,Pi,Improved
1,9,63360000,63370000,1,6.12132e-06,1_0009,Pi,Improved
1,10,63390000,63530000,14,0.00394191,1_0010,Pi,Improved
1,11,69700000,69750000,5,0.00379893,1_0011,Pi,Improved
1,12,69800000,69900000,10,0.001441935,1_0012,Pi,Improved
1,13,73430000,73530000,11,0.00246196,1_0013,Pi,Improved
1,14,76230000,76310000,8,0.003361485,1_0014,Pi,Improved
1,15,77030000,77070000,4,0.00548949,1_0015,Pi,Improved
10,1,4240000,4340000,10,0.0037863,10_0001,Pi,Improved
10,2,4350000,4400000,5,0.00140928,10_0002,Pi,Improved
10,3,7280000,7300000,2,0.00674894,10_0003,Pi,Improved
10,4,8200000,8290000,9,0.00603118,10_0004,Pi,Improved
10,5,11040000,11090000,5,0.00263042,10_0005,Pi,Improved
10,6,11100000,11110000,1,0.00414355,10_0006,Pi,Improved
10,7,18890000,18930000,4,0.00786513,10_0007,Pi,Improved
10,8,20690000,20720000,3,0.00729316,10_0008,Pi,Improved
10,9,40620000,40660000,4,0.000619015,10_0009,Pi,Improved
10,10,41430000,41440000,1,0.00414456,10_0010,Pi,Improved
10,11,47600000,47630000,3,0.00263494,10_0011,Pi,Improved
10,12,50920000,51030000,12,0.004119175,10_0012,Pi,Improved
10,13,52290000,52360000,7,0.00364657,10_0013,Pi,Improved
10,14,53100000,53140000,4,0.00588852,10_0014,Pi,Improved
10,15,53580000,53600000,2,0.0007983285,10_0015,Pi,Improved
10,16,53650000,53710000,6,0.007509665,10_0016,Pi,Improved
10,17,53720000,53770000,6,0.00160973,10_0017,Pi,Improved
2,1,3890000,3910000,2,0.0105345,2_0001,Pi,Improved
2,2,4530000,4570000,4,0.007694435,2_0002,Pi,Improved
2,3,5570000,5600000,3,0.00163939,2_0003,Pi,Improved
2,4,8530000,8580000,6,0.003910045,2_0004,Pi,Improved
2,5,9540000,9570000,3,0.00259653,2_0005,Pi,Improved
2,6,9590000,9670000,8,0.002962495,2_0006,Pi,Improved
2,7,10420000,10460000,4,0.005266605,2_0007,Pi,Improved
2,8,10840000,10890000,5,0.00926296,2_0008,Pi,Improved
2,9,16870000,16890000,2,0.000371403,2_0009,Pi,Improved
2,10,16900000,16920000,2,0.003369385,2_0010,Pi,Improved
2,11,16930000,16960000,3,0.000225104,2_0011,Pi,Improved
2,12,18740000,18790000,5,0.00465788,2_0012,Pi,Improved
2,13,55060000,55090000,3,0.00349052,2_0013,Pi,Improved
2,14,58460000,58590000,13,0.00486373,2_0014,Pi,Improved
2,15,60610000,60660000,6,0.001896225,2_0015,Pi,Improved
2,16,60700000,60740000,4,0.00243682,2_0016,Pi,Improved
2,17,60750000,60800000,5,0.00151288,2_0017,Pi,Improved
2,18,63390000,63430000,4,0.009062155,2_0018,Pi,Improved
2,19,64140000,64190000,5,0.00209918,2_0019,Pi,Improved
2,20,64980000,65010000,3,0.00365957,2_0020,Pi,Improved
2,21,67150000,67260000,12,0.00385721,2_0021,Pi,Improved
2,22,67730000,67870000,14,0.00138473,2_0022,Pi,Improved
2,23,69540000,69580000,4,0.00346554,2_0023,Pi,Improved
2,24,73460000,73490000,3,0.00157157,2_0024,Pi,Improved
2,25,76890000,76970000,8,0.0020293,2_0025,Pi,Improved
2,26,78070000,78160000,9,0.00219038,2_0026,Pi,Improved
3,1,4730000,4760000,3,0.00793076,3_0001,Pi,Improved
3,2,5750000,5780000,3,0.00723707,3_0002,Pi,Improved
3,3,6670000,6710000,4,0.003734145,3_0003,Pi,Improved
3,4,7400000,7440000,4,0.00567588,3_0004,Pi,Improved
3,5,8380000,8410000,3,0.000373548,3_0005,Pi,Improved
3,6,8430000,8560000,13,0.0037925,3_0006,Pi,Improved
3,7,8570000,8650000,9,0.00293061,3_0007,Pi,Improved
3,8,8960000,9020000,6,0.006313155,3_0008,Pi,Improved
3,9,9280000,9360000,8,0.00471767,3_0009,Pi,Improved
3,10,14390000,14410000,2,0.006152765,3_0010,Pi,Improved
3,11,20080000,20110000,3,0.00875998,3_0011,Pi,Improved
3,12,61920000,62020000,10,0.00145799,3_0012,Pi,Improved
3,13,63060000,63090000,3,0.00374298,3_0013,Pi,Improved
3,14,64150000,64170000,2,0.005290295,3_0014,Pi,Improved
3,15,66600000,66650000,5,0.00899513,3_0015,Pi,Improved
3,16,68630000,68660000,3,0.00346194,3_0016,Pi,Improved
3,17,74610000,74700000,9,0.00251384,3_0017,Pi,Improved
3,18,76990000,77040000,5,0.00193884,3_0018,Pi,Improved
3,19,77650000,77670000,2,0.00816926,3_0019,Pi,Improved
3,20,80160000,80180000,2,0.0111768,3_0020,Pi,Improved
4,1,7740000,7770000,3,0.0101407,4_0001,Pi,Improved
4,2,48030000,48060000,3,7.32996e-05,4_0002,Pi,Improved
4,3,51440000,51460000,2,0.00594263,4_0003,Pi,Improved
4,4,52060000,52140000,8,0.0009053835,4_0004,Pi,Improved
4,5,56850000,56890000,4,0.00752344,4_0005,Pi,Improved
4,6,58080000,58140000,6,0.00277764,4_0006,Pi,Improved
4,7,61690000,61810000,12,0.002703265,4_0007,Pi,Improved
4,8,61890000,61950000,6,0.003243365,4_0008,Pi,Improved
4,9,66490000,66510000,2,0.002589495,4_0009,Pi,Improved
4,10,66550000,66590000,4,0.0060504,4_0010,Pi,Improved
4,11,66610000,66720000,11,0.00556238,4_0011,Pi,Improved
4,12,68240000,68290000,5,0.00343498,4_0012,Pi,Improved
5,1,16340000,16440000,10,0.005029365,5_0001,Pi,Improved
5,2,17960000,18070000,11,0.00997025,5_0002,Pi,Improved
5,3,55880000,56040000,17,0.00262384,5_0003,Pi,Improved
5,4,58620000,58650000,3,0.0059214,5_0004,Pi,Improved
5,5,59470000,59510000,4,0.011573835,5_0005,Pi,Improved
5,6,60040000,60180000,16,0.003066185,5_0006,Pi,Improved
5,7,63990000,64080000,9,0.00221713,5_0007,Pi,Improved
5,8,66790000,66820000,3,0.00510654,5_0008,Pi,Improved
5,9,67360000,67400000,4,0.00465263,5_0009,Pi,Improved
5,10,70470000,70560000,9,0.0041981,5_0010,Pi,Improved
6,1,3380000,3440000,7,0.00503787,6_0001,Pi,Improved
6,2,7600000,7630000,3,0.00409362,6_0002,Pi,Improved
6,3,9570000,9740000,18,0.00348904,6_0003,Pi,Improved
6,4,10370000,10450000,8,0.0009652885,6_0004,Pi,Improved
6,5,10460000,10600000,14,0.00202787,6_0005,Pi,Improved
6,6,39500000,39530000,3,0.00899802,6_0006,Pi,Improved
6,7,40750000,40780000,3,0.00471198,6_0007,Pi,Improved
6,8,40920000,40950000,3,0.00373197,6_0008,Pi,Improved
6,9,42420000,42450000,3,0.00248645,6_0009,Pi,Improved
6,10,50520000,50580000,7,0.00534026,6_0010,Pi,Improved
6,11,52160000,52190000,3,0.0010089,6_0011,Pi,Improved
6,12,61130000,61310000,19,0.00150814,6_0012,Pi,Improved
6,13,61330000,61410000,8,0.00163478,6_0013,Pi,Improved
6,14,62550000,62680000,13,0.0046975,6_0014,Pi,Improved
7,1,3030000,3050000,2,0.010320565,7_0001,Pi,Improved
7,2,6280000,6320000,4,0.00427321,7_0002,Pi,Improved
7,3,9060000,9140000,8,0.002161665,7_0003,Pi,Improved
7,4,57550000,57650000,10,0.001076835,7_0004,Pi,Improved
7,5,61020000,61060000,4,0.002789235,7_0005,Pi,Improved
7,6,61740000,61840000,10,0.002083225,7_0006,Pi,Improved
7,7,65500000,65530000,3,0.00601947,7_0007,Pi,Improved
7,8,65610000,65670000,6,0.00489581,7_0008,Pi,Improved
7,9,65720000,65760000,4,0.00308344,7_0009,Pi,Improved
7,10,66070000,66110000,4,0.00143371,7_0010,Pi,Improved
7,11,66120000,66170000,5,0.00830526,7_0011,Pi,Improved
7,12,66560000,66590000,3,0.00569201,7_0012,Pi,Improved
8,1,4520000,4560000,4,0.00513949,8_0001,Pi,Improved
8,2,5240000,5280000,4,0.006215085,8_0002,Pi,Improved
8,3,11760000,11850000,9,0.00261452,8_0003,Pi,Improved
8,4,14160000,14180000,2,0.00413239,8_0004,Pi,Improved
8,5,14200000,14230000,3,0.00513227,8_0005,Pi,Improved
8,6,48530000,48550000,2,0.007551065,8_0006,Pi,Improved
8,7,51810000,51840000,3,0.013185,8_0007,Pi,Improved
8,8,52300000,52340000,4,0.005367645,8_0008,Pi,Improved
8,9,52630000,52670000,4,0.00592185,8_0009,Pi,Improved
8,10,52680000,52720000,4,0.002974305,8_0010,Pi,Improved
8,11,53830000,53860000,3,0.00215106,8_0011,Pi,Improved
8,12,53870000,53920000,5,0.000902408,8_0012,Pi,Improved
8,13,54840000,54920000,9,0.000891452,8_0013,Pi,Improved
8,14,57140000,57160000,2,0.009050045,8_0014,Pi,Improved
8,15,63210000,63250000,4,0.00736325,8_0015,Pi,Improved
9,1,4170000,4200000,3,0.00253262,9_0001,Pi,Improved
9,2,4710000,4770000,6,0.00347233,9_0002,Pi,Improved
9,3,4780000,4820000,4,0.003940505,9_0003,Pi,Improved
9,4,5940000,5970000,4,0.0029022845,9_0004,Pi,Improved
9,5,5980000,5990000,1,0.00315329,9_0005,Pi,Improved
9,6,6530000,6570000,4,0.011393625,9_0006,Pi,Improved
9,7,9200000,9220000,2,0.01083741,9_0007,Pi,Improved
9,8,10880000,11010000,13,0.00522805,9_0008,Pi,Improved
9,9,51880000,51900000,2,0.00836557,9_0009,Pi,Improved
9,10,53720000,53810000,9,0.00324344,9_0010,Pi,Improved
9,11,54770000,54840000,7,0.00659321,9_0011,Pi,Improved
9,12,55620000,55650000,3,0.000897785,9_0012,Pi,Improved
9,13,55660000,55740000,8,0.001324925,9_0013,Pi,Improved
9,14,56230000,56250000,2,0.005779425,9_0014,Pi,Improved
9,15,58020000,58030000,1,0.000794308,9_0015,Pi,Improved
9,16,58160000,58460000,30,0.002667875,9_0016,Pi,Improved
9,17,60720000,60780000,6,0.001832245,9_0017,Pi,Improved
9,18,60800000,60910000,11,0.00126847,9_0018,Pi,Improved
1,1,6350000,6390000,4,0.006006175,1_0001,Pi,Landrace
1,2,9160000,9190000,3,0.00383759,1_0002,Pi,Landrace
1,3,9920000,9940000,2,0.008043895,1_0003,Pi,Landrace
1,4,10200000,10240000,4,0.00826209,1_0004,Pi,Landrace
1,5,12710000,12730000,2,0.00565738,1_0005,Pi,Landrace
1,6,14000000,14020000,2,0.0008544005,1_0006,Pi,Landrace
1,7,16550000,16610000,6,0.004422075,1_0007,Pi,Landrace
1,8,16720000,16840000,13,0.00495205,1_0008,Pi,Landrace
1,9,20530000,20570000,4,0.00484121,1_0009,Pi,Landrace
1,10,21300000,21340000,4,0.003684565,1_0010,Pi,Landrace
1,11,23970000,24010000,4,0.006223645,1_0011,Pi,Landrace
1,12,24980000,25000000,2,0.01132715,1_0012,Pi,Landrace
1,13,53590000,53650000,6,0.008034525,1_0013,Pi,Landrace
1,14,59150000,59180000,3,0.00629902,1_0014,Pi,Landrace
1,15,62000000,62070000,8,0.004482715,1_0015,Pi,Landrace
1,16,64860000,64890000,3,0.00652089,1_0016,Pi,Landrace
1,17,66530000,66560000,3,0.00683003,1_0017,Pi,Landrace
1,18,67950000,67980000,3,0.00606697,1_0018,Pi,Landrace
1,19,68510000,68530000,2,0.007321295,1_0019,Pi,Landrace
1,20,69730000,69760000,3,0.00465231,1_0020,Pi,Landrace
1,21,69860000,69910000,5,0.00444423,1_0021,Pi,Landrace
1,22,73480000,73550000,7,0.00191948,1_0022,Pi,Landrace
1,23,73940000,73960000,2,0.002943275,1_0023,Pi,Landrace
1,24,75010000,75030000,2,0.00683784,1_0024,Pi,Landrace
1,25,76240000,76290000,5,0.00147992,1_0025,Pi,Landrace
1,26,77020000,77060000,4,0.005160655,1_0026,Pi,Landrace
1,27,80930000,80950000,2,0.00533598,1_0027,Pi,Landrace
1,28,83010000,83030000,2,0.00437188,1_0028,Pi,Landrace
10,1,980000,1020000,4,0.008226235,10_0001,Pi,Landrace
10,2,4230000,4260000,3,0.00492746,10_0002,Pi,Landrace
10,3,4380000,4410000,3,0.0018058,10_0003,Pi,Landrace
10,4,5200000,5240000,4,0.002679915,10_0004,Pi,Landrace
10,5,7290000,7320000,3,0.00869893,10_0005,Pi,Landrace
10,6,8210000,8290000,8,0.00581737,10_0006,Pi,Landrace
10,7,9540000,9590000,5,0.00637915,10_0007,Pi,Landrace
10,8,9830000,9860000,3,0.00232248,10_0008,Pi,Landrace
10,9,11030000,11090000,6,0.00274939,10_0009,Pi,Landrace
10,10,12120000,12160000,4,0.00689928,10_0010,Pi,Landrace
10,11,13560000,13580000,2,0.01054123,10_0011,Pi,Landrace
10,12,18890000,18930000,4,0.00665422,10_0012,Pi,Landrace
10,13,20690000,20740000,5,0.00485179,10_0013,Pi,Landrace
10,14,46340000,46370000,3,0.00880846,10_0014,Pi,Landrace
10,15,47560000,47660000,10,0.00688238,10_0015,Pi,Landrace
10,16,50930000,51010000,8,0.00418108,10_0016,Pi,Landrace
10,17,52290000,52360000,7,0.00739213,10_0017,Pi,Landrace
10,18,56470000,56550000,8,0.00448587,10_0018,Pi,Landrace
10,19,56750000,56780000,3,0.0058843,10_0019,Pi,Landrace
2,1,1220000,1250000,3,0.0033192,2_0001,Pi,Landrace
2,2,2140000,2190000,5,0.00803416,2_0002,Pi,Landrace
2,3,3880000,3920000,4,0.005837905,2_0003,Pi,Landrace
2,4,4310000,4330000,2,0.00655594,2_0004,Pi,Landrace
2,5,4520000,4570000,5,0.00627881,2_0005,Pi,Landrace
2,6,5060000,5080000,2,0.00607257,2_0006,Pi,Landrace
2,7,5890000,5920000,3,0.00294883,2_0007,Pi,Landrace
2,8,6100000,6140000,4,0.00598416,2_0008,Pi,Landrace
2,9,6890000,6930000,4,0.009807945,2_0009,Pi,Landrace
2,10,7100000,7130000,3,0.00460847,2_0010,Pi,Landrace
2,11,7540000,7570000,3,0.00516302,2_0011,Pi,Landrace
2,12,8500000,8580000,8,0.004438025,2_0012,Pi,Landrace
2,13,8620000,8650000,3,0.00431625,2_0013,Pi,Landrace
2,14,9530000,9570000,4,0.00205806,2_0014,Pi,Landrace
2,15,10430000,10450000,2,0.0031086965,2_0015,Pi,Landrace
2,16,11110000,11140000,3,0.0113028,2_0016,Pi,Landrace
2,17,12930000,12950000,2,0.002993955,2_0017,Pi,Landrace
2,18,16550000,16610000,6,0.00400478,2_0018,Pi,Landrace
2,19,16840000,16880000,4,0.00636224,2_0019,Pi,Landrace
2,20,17000000,17020000,2,0.004550895,2_0020,Pi,Landrace
2,21,18760000,18820000,6,0.007033445,2_0021,Pi,Landrace
2,22,20720000,20760000,4,0.00585224,2_0022,Pi,Landrace
2,23,22310000,22330000,2,0.00856158,2_0023,Pi,Landrace
2,24,53060000,53080000,2,0.00874725,2_0024,Pi,Landrace
2,25,53670000,53700000,3,0.00907549,2_0025,Pi,Landrace
2,26,55060000,55090000,3,0.00597682,2_0026,Pi,Landrace
2,27,55730000,55800000,7,0.00428503,2_0027,Pi,Landrace
2,28,58140000,58180000,4,0.002313245,2_0028,Pi,Landrace
2,29,58490000,58580000,10,0.004970605,2_0029,Pi,Landrace
2,30,63320000,63360000,4,0.005237025,2_0030,Pi,Landrace
2,31,63400000,63440000,4,0.00726171,2_0031,Pi,Landrace
2,32,63620000,63640000,2,0.003542705,2_0032,Pi,Landrace
2,33,64160000,64190000,3,0.00460153,2_0033,Pi,Landrace
2,34,65180000,65220000,4,0.005022845,2_0034,Pi,Landrace
2,35,67140000,67220000,9,0.00354661,2_0035,Pi,Landrace
2,36,68660000,68700000,4,0.00870074,2_0036,Pi,Landrace
2,37,69650000,69680000,3,0.00128291,2_0037,Pi,Landrace
2,38,69820000,69870000,6,0.00594179,2_0038,Pi,Landrace
2,39,74840000,74860000,2,0.00586413,2_0039,Pi,Landrace
2,40,75200000,75250000,5,0.00574926,2_0040,Pi,Landrace
2,41,75430000,75460000,3,0.00502922,2_0041,Pi,Landrace
2,42,75490000,75530000,4,0.005963205,2_0042,Pi,Landrace
2,43,75750000,75790000,4,0.006865725,2_0043,Pi,Landrace
2,44,76760000,76820000,6,0.004278725,2_0044,Pi,Landrace
3,1,120000,170000,5,0.00299863,3_0001,Pi,Landrace
3,2,2840000,2870000,3,0.00430815,3_0002,Pi,Landrace
3,3,4710000,4770000,6,0.00540995,3_0003,Pi,Landrace
3,4,5550000,5570000,2,0.010852845,3_0004,Pi,Landrace
3,5,6300000,6330000,3,0.00531462,3_0005,Pi,Landrace
3,6,6560000,6580000,2,0.00719369,3_0006,Pi,Landrace
3,7,7080000,7110000,3,0.00862915,3_0007,Pi,Landrace
3,8,7550000,7580000,3,0.00469012,3_0008,Pi,Landrace
3,9,7860000,7910000,5,0.00860125,3_0009,Pi,Landrace
3,10,8510000,8550000,4,0.00183389,3_0010,Pi,Landrace
3,11,8950000,9030000,8,0.004190905,3_0011,Pi,Landrace
3,12,9230000,9250000,2,0.00901423,3_0012,Pi,Landrace
3,13,9280000,9370000,9,0.00534028,3_0013,Pi,Landrace
3,14,13840000,13890000,6,0.004436535,3_0014,Pi,Landrace
3,15,14380000,14420000,4,0.00414516,3_0015,Pi,Landrace
3,16,15340000,15370000,3,0.00504937,3_0016,Pi,Landrace
3,17,17370000,17400000,3,0.00805751,3_0017,Pi,Landrace
3,18,17410000,17450000,4,0.00669085,3_0018,Pi,Landrace
3,19,19940000,19980000,4,0.00768027,3_0019,Pi,Landrace
3,20,20080000,20130000,5,0.00547597,3_0020,Pi,Landrace
3,21,46030000,46050000,2,0.001039498,3_0021,Pi,Landrace
3,22,48210000,48240000,3,0.00608204,3_0022,Pi,Landrace
3,23,54140000,54180000,4,0.004983405,3_0023,Pi,Landrace
3,24,54220000,54250000,3,0.00948728,3_0024,Pi,Landrace
3,25,57320000,57370000,5,0.00444869,3_0025,Pi,Landrace
3,26,61940000,61990000,5,0.00546271,3_0026,Pi,Landrace
3,27,62620000,62650000,3,0.00604868,3_0027,Pi,Landrace
3,28,63050000,63090000,4,0.002780615,3_0028,Pi,Landrace
3,29,63370000,63420000,5,0.0040415,3_0029,Pi,Landrace
3,30,63800000,63820000,2,0.00686171,3_0030,Pi,Landrace
3,31,64710000,64730000,2,0.006131165,3_0031,Pi,Landrace
3,32,64850000,64870000,2,0.002524855,3_0032,Pi,Landrace
3,33,66580000,66670000,9,0.00724139,3_0033,Pi,Landrace
3,34,68630000,68670000,4,0.002830065,3_0034,Pi,Landrace
3,35,72760000,72780000,2,0.00551964,3_0035,Pi,Landrace
3,36,74740000,74770000,3,0.00909503,3_0036,Pi,Landrace
3,37,76620000,76660000,4,0.00575873,3_0037,Pi,Landrace
3,38,77630000,77680000,5,0.0037959,3_0038,Pi,Landrace
3,39,80160000,80190000,3,0.00539772,3_0039,Pi,Landrace
4,1,3790000,3830000,4,0.00721826,4_0001,Pi,Landrace
4,2,5050000,5080000,3,0.00585584,4_0002,Pi,Landrace
4,3,7740000,7770000,3,0.00853654,4_0003,Pi,Landrace
4,4,8380000,8400000,2,0.00930878,4_0004,Pi,Landrace
4,5,9610000,9640000,3,0.00829129,4_0005,Pi,Landrace
4,6,10910000,10940000,3,0.00414769,4_0006,Pi,Landrace
4,7,12340000,12360000,2,0.0033356,4_0007,Pi,Landrace
4,8,16450000,16510000,6,0.002789505,4_0008,Pi,Landrace
4,9,44690000,44710000,2,0.010130075,4_0009,Pi,Landrace
4,10,51440000,51470000,3,0.0022391,4_0010,Pi,Landrace
4,11,53220000,53250000,3,0.00454413,4_0011,Pi,Landrace
4,12,53910000,53940000,3,0.00422143,4_0012,Pi,Landrace
4,13,56550000,56580000,3,0.00692445,4_0013,Pi,Landrace
4,14,56840000,56890000,5,0.00716113,4_0014,Pi,Landrace
4,15,58090000,58140000,5,0.00368237,4_0015,Pi,Landrace
4,16,59510000,59530000,2,0.001683956,4_0016,Pi,Landrace
4,17,67590000,67610000,2,0.00560772,4_0017,Pi,Landrace
4,18,67850000,67890000,4,0.004831195,4_0018,Pi,Landrace
5,1,1850000,1880000,3,0.00699733,5_0001,Pi,Landrace
5,2,2360000,2390000,3,0.00387882,5_0002,Pi,Landrace
5,3,4940000,4980000,4,0.005031955,5_0003,Pi,Landrace
5,4,8960000,9000000,4,0.006861355,5_0004,Pi,Landrace
5,5,9260000,9320000,6,0.00453969,5_0005,Pi,Landrace
5,6,9400000,9460000,7,0.0044659,5_0006,Pi,Landrace
5,7,12680000,12700000,2,0.008756185,5_0007,Pi,Landrace
5,8,14410000,14430000,2,0.002727225,5_0008,Pi,Landrace
5,9,14750000,14770000,2,0.00685067,5_0009,Pi,Landrace
5,10,14930000,14950000,2,0.005810965,5_0010,Pi,Landrace
5,11,16370000,16420000,5,0.00622314,5_0011,Pi,Landrace
5,12,17990000,18060000,7,0.0059615,5_0012,Pi,Landrace
5,13,55890000,56040000,17,0.00178165,5_0013,Pi,Landrace
5,14,56450000,56470000,2,0.00270379,5_0014,Pi,Landrace
5,15,57370000,57430000,7,0.00344124,5_0015,Pi,Landrace
5,16,57620000,57670000,5,0.00275313,5_0016,Pi,Landrace
5,17,58610000,58650000,4,0.003601545,5_0017,Pi,Landrace
5,18,59470000,59520000,5,0.00444323,5_0018,Pi,Landrace
5,19,60030000,60130000,11,0.00398143,5_0019,Pi,Landrace
5,20,62250000,62270000,2,0.008849905,5_0020,Pi,Landrace
5,21,63860000,63910000,5,0.000185469,5_0021,Pi,Landrace
5,22,63980000,64050000,7,0.00176051,5_0022,Pi,Landrace
5,23,66190000,66280000,10,0.00709731,5_0023,Pi,Landrace
5,24,66790000,66830000,4,0.00586202,5_0024,Pi,Landrace
5,25,66960000,66990000,3,0.00822323,5_0025,Pi,Landrace
5,26,67360000,67410000,5,0.00560011,5_0026,Pi,Landrace
5,27,68140000,68190000,5,0.00291123,5_0027,Pi,Landrace
5,28,69000000,69020000,2,0.007095965,5_0028,Pi,Landrace
5,29,69220000,69270000,5,0.00531937,5_0029,Pi,Landrace
5,30,70490000,70550000,6,0.003406885,5_0030,Pi,Landrace
5,31,71110000,71140000,3,0.00416686,5_0031,Pi,Landrace
5,32,71580000,71620000,4,0.007934945,5_0032,Pi,Landrace
5,33,76760000,76790000,3,0.00952911,5_0033,Pi,Landrace
6,1,3380000,3440000,6,0.0062406,6_0001,Pi,Landrace
6,2,4440000,4480000,4,0.004233335,6_0002,Pi,Landrace
6,3,7600000,7640000,4,0.00388967,6_0003,Pi,Landrace
6,4,10470000,10520000,5,0.00322834,6_0004,Pi,Landrace
6,5,38070000,38170000,10,0.001135515,6_0005,Pi,Landrace
6,6,39500000,39530000,3,0.00476129,6_0006,Pi,Landrace
6,7,40670000,40710000,4,0.005694245,6_0007,Pi,Landrace
6,8,40750000,40780000,3,0.00470404,6_0008,Pi,Landrace
6,9,40950000,40970000,2,0.006723025,6_0009,Pi,Landrace
6,10,41270000,41310000,4,0.003913905,6_0010,Pi,Landrace
6,11,44080000,44110000,3,0.0076732,6_0011,Pi,Landrace
6,12,47110000,47150000,4,0.007349365,6_0012,Pi,Landrace
6,13,48990000,49030000,4,0.006118255,6_0013,Pi,Landrace
6,14,49980000,50010000,3,0.00533342,6_0014,Pi,Landrace
6,15,50050000,50070000,2,0.00853515,6_0015,Pi,Landrace
6,16,51290000,51320000,3,0.00277414,6_0016,Pi,Landrace
6,17,52090000,52130000,4,0.003636665,6_0017,Pi,Landrace
6,18,53360000,53400000,4,0.00631115,6_0018,Pi,Landrace
6,19,55320000,55340000,2,0.008790135,6_0019,Pi,Landrace
6,20,57060000,57080000,2,0.00676879,6_0020,Pi,Landrace
6,21,61410000,61450000,4,0.00381735,6_0021,Pi,Landrace
6,22,62550000,62660000,11,0.00391239,6_0022,Pi,Landrace
7,1,1010000,1040000,3,0.00280885,7_0001,Pi,Landrace
7,2,1670000,1710000,4,0.003604925,7_0002,Pi,Landrace
7,3,3030000,3060000,3,0.00645946,7_0003,Pi,Landrace
7,4,4270000,4300000,3,0.00329685,7_0004,Pi,Landrace
7,5,4830000,4860000,3,0.0045023,7_0005,Pi,Landrace
7,6,5710000,5730000,2,0.003916355,7_0006,Pi,Landrace
7,7,6000000,6030000,3,0.00971453,7_0007,Pi,Landrace
7,8,6280000,6320000,4,0.0038377,7_0008,Pi,Landrace
7,9,6770000,6790000,2,0.008124595,7_0009,Pi,Landrace
7,10,7790000,7820000,3,0.00441589,7_0010,Pi,Landrace
7,11,8630000,8650000,2,0.008144155,7_0011,Pi,Landrace
7,12,9470000,9520000,5,0.00509701,7_0012,Pi,Landrace
7,13,9770000,9810000,4,0.00353162,7_0013,Pi,Landrace
7,14,10010000,10060000,5,0.00508478,7_0014,Pi,Landrace
7,15,50170000,50220000,5,0.000805753,7_0015,Pi,Landrace
7,16,58070000,58130000,6,0.006082425,7_0016,Pi,Landrace
7,17,60650000,60690000,4,0.0054619,7_0017,Pi,Landrace
7,18,60770000,60800000,3,0.00586159,7_0018,Pi,Landrace
7,19,61030000,61060000,3,0.00454766,7_0019,Pi,Landrace
7,20,62040000,62090000,5,0.00543508,7_0020,Pi,Landrace
7,21,62150000,62170000,2,0.00617649,7_0021,Pi,Landrace
7,22,62750000,62770000,2,0.005308805,7_0022,Pi,Landrace
7,23,63470000,63490000,2,0.009186435,7_0023,Pi,Landrace
7,24,63980000,64010000,3,0.00453449,7_0024,Pi,Landrace
7,25,64580000,64640000,6,0.00498041,7_0025,Pi,Landrace
7,26,66140000,66180000,4,0.006374435,7_0026,Pi,Landrace
7,27,66550000,66590000,4,0.00507032,7_0027,Pi,Landrace
7,28,68790000,68820000,3,0.00218998,7_0028,Pi,Landrace
8,1,2200000,2220000,2,0.00184312,8_0001,Pi,Landrace
8,2,4330000,4380000,6,0.007132495,8_0002,Pi,Landrace
8,3,4530000,4570000,4,0.00618896,8_0003,Pi,Landrace
8,4,4600000,4620000,2,0.00869281,8_0004,Pi,Landrace
8,5,5240000,5280000,4,0.006958205,8_0005,Pi,Landrace
8,6,6720000,6750000,3,0.00680928,8_0006,Pi,Landrace
8,7,9280000,9310000,3,0.00170878,8_0007,Pi,Landrace
8,8,10950000,11000000,5,0.00465844,8_0008,Pi,Landrace
8,9,13060000,13080000,2,0.012388185,8_0009,Pi,Landrace
8,10,14140000,14280000,14,0.00851591,8_0010,Pi,Landrace
8,11,48530000,48550000,2,0.00914095,8_0011,Pi,Landrace
8,12,50740000,50780000,4,0.00796895,8_0012,Pi,Landrace
8,13,51160000,51210000,5,0.00559515,8_0013,Pi,Landrace
8,14,51810000,51840000,3,0.011913,8_0014,Pi,Landrace
8,15,52210000,52270000,6,0.01093693,8_0015,Pi,Landrace
8,16,52280000,52340000,6,0.003614715,8_0016,Pi,Landrace
8,17,52620000,52680000,6,0.00387896,8_0017,Pi,Landrace
8,18,53840000,53910000,7,0.00132807,8_0018,Pi,Landrace
8,19,55260000,55300000,4,0.00807426,8_0019,Pi,Landrace
8,20,57130000,57180000,5,0.00427377,8_0020,Pi,Landrace
8,21,61890000,61930000,4,0.00720696,8_0021,Pi,Landrace
9,1,2630000,2650000,2,0.009947075,9_0001,Pi,Landrace
9,2,3250000,3310000,6,0.00493103,9_0002,Pi,Landrace
9,3,4190000,4220000,3,0.00648429,9_0003,Pi,Landrace
9,4,5640000,5660000,2,0.00806553,9_0004,Pi,Landrace
9,5,5940000,5960000,2,0.00580983,9_0005,Pi,Landrace
9,6,6300000,6350000,5,0.00240408,9_0006,Pi,Landrace
9,7,6520000,6570000,5,0.00900532,9_0007,Pi,Landrace
9,8,9200000,9230000,3,0.00604125,9_0008,Pi,Landrace
9,9,10880000,11050000,17,0.0053552,9_0009,Pi,Landrace
9,10,45190000,45220000,3,0.00936793,9_0010,Pi,Landrace
9,11,45660000,45680000,2,0.00877297,9_0011,Pi,Landrace
9,12,48240000,48300000,6,0.006080405,9_0012,Pi,Landrace
9,13,50480000,50510000,3,0.0057125,9_0013,Pi,Landrace
9,14,51310000,51340000,3,0.00421879,9_0014,Pi,Landrace
9,15,51880000,51900000,2,0.009833675,9_0015,Pi,Landrace
9,16,52810000,52830000,2,0.006133765,9_0016,Pi,Landrace
9,17,54770000,54810000,4,0.00594681,9_0017,Pi,Landrace
9,18,56220000,56260000,4,0.00412088,9_0018,Pi,Landrace
9,19,56310000,56340000,3,0.00497127,9_0019,Pi,Landrace
9,20,58170000,58210000,4,0.002497495,9_0020,Pi,Landrace
9,21,61460000,61490000,3,0.008374,9_0021,Pi,Landrace
9,22,61690000,61720000,3,0.00563344,9_0022,Pi,Landrace
1,1,4500000,4590000,9,0.00575136,1_0001,Pi,Wild
1,2,4710000,4730000,2,0.01052189,1_0002,Pi,Wild
1,3,5130000,5150000,2,0.006691435,1_0003,Pi,Wild
1,4,8460000,8510000,5,0.00716581,1_0004,Pi,Wild
1,5,9540000,9610000,7,0.010363,1_0005,Pi,Wild
1,6,10200000,10220000,2,0.009277575,1_0006,Pi,Wild
1,7,12410000,12450000,4,0.00538438,1_0007,Pi,Wild
1,8,13090000,13120000,3,0.00692565,1_0008,Pi,Wild
1,9,13400000,13460000,6,0.00910884,1_0009,Pi,Wild
1,10,13980000,14020000,4,0.00796087,1_0010,Pi,Wild
1,11,16870000,16890000,2,0.009445695,1_0011,Pi,Wild
1,12,18450000,18480000,3,0.011438,1_0012,Pi,Wild
1,13,24610000,24630000,2,0.006105105,1_0013,Pi,Wild
1,14,24960000,25000000,4,0.00905408,1_0014,Pi,Wild
1,15,25250000,25280000,3,0.0064592,1_0015,Pi,Wild
1,16,26270000,26290000,2,0.008942855,1_0016,Pi,Wild
1,17,27380000,27420000,5,0.00651077,1_0017,Pi,Wild
1,18,53600000,53640000,4,0.01490695,1_0018,Pi,Wild
1,19,58830000,58850000,2,0.00951153,1_0019,Pi,Wild
1,20,61720000,61740000,2,0.0020179577,1_0020,Pi,Wild
1,21,62030000,62050000,2,0.011481,1_0021,Pi,Wild
1,22,62520000,62540000,2,0.00799472,1_0022,Pi,Wild
1,23,62910000,62940000,3,0.00715748,1_0023,Pi,Wild
1,24,67340000,67390000,5,0.00974955,1_0024,Pi,Wild
1,25,67670000,67690000,2,0.008061785,1_0025,Pi,Wild
1,26,67890000,67930000,4,0.00612598,1_0026,Pi,Wild
1,27,68510000,68530000,2,0.0075094,1_0027,Pi,Wild
1,28,71730000,71790000,6,0.00736214,1_0028,Pi,Wild
1,29,72910000,72960000,5,0.00582979,1_0029,Pi,Wild
1,30,75230000,75280000,5,0.00903598,1_0030,Pi,Wild
1,31,76250000,76290000,4,0.00635222,1_0031,Pi,Wild
1,32,76790000,76820000,3,0.0115794,1_0032,Pi,Wild
1,33,78140000,78170000,3,0.00570387,1_0033,Pi,Wild
1,34,78960000,78980000,2,0.00752227,1_0034,Pi,Wild
1,35,79210000,79230000,2,0.0113492,1_0035,Pi,Wild
1,36,79540000,79560000,2,0.00630386,1_0036,Pi,Wild
1,37,80390000,80440000,5,0.00610419,1_0037,Pi,Wild
1,38,80930000,80950000,2,0.007132655,1_0038,Pi,Wild
1,39,81640000,81660000,2,0.00737648,1_0039,Pi,Wild
1,40,82720000,82750000,3,0.010444,1_0040,Pi,Wild
10,1,4690000,4720000,3,0.00328167,10_0001,Pi,Wild
10,2,5440000,5460000,2,0.00406799,10_0002,Pi,Wild
10,3,7100000,7130000,3,0.00990823,10_0003,Pi,Wild
10,4,7380000,7480000,10,0.00661073,10_0004,Pi,Wild
10,5,8220000,8290000,7,0.00800208,10_0005,Pi,Wild
10,6,9030000,9060000,3,0.00764122,10_0006,Pi,Wild
10,7,9540000,9580000,5,0.0114741,10_0007,Pi,Wild
10,8,10240000,10270000,3,0.0109595,10_0008,Pi,Wild
10,9,10960000,11000000,4,0.00850796,10_0009,Pi,Wild
10,10,11050000,11100000,5,0.00387534,10_0010,Pi,Wild
10,11,11760000,11830000,7,0.00909051,10_0011,Pi,Wild
10,12,14310000,14330000,2,0.00829687,10_0012,Pi,Wild
10,13,15680000,15710000,3,0.00593202,10_0013,Pi,Wild
10,14,16490000,16520000,3,0.00743697,10_0014,Pi,Wild
10,15,18520000,18540000,2,0.01107722,10_0015,Pi,Wild
10,16,18890000,18920000,3,0.00944645,10_0016,Pi,Wild
10,17,20690000,20730000,4,0.007774625,10_0017,Pi,Wild
10,18,46340000,46370000,3,0.00952112,10_0018,Pi,Wild
10,19,50120000,50140000,2,0.007543565,10_0019,Pi,Wild
10,20,52270000,52310000,4,0.01024004,10_0020,Pi,Wild
10,21,52330000,52360000,3,0.0129749,10_0021,Pi,Wild
10,22,53670000,53690000,2,0.01453035,10_0022,Pi,Wild
10,23,55930000,55970000,4,0.009129095,10_0023,Pi,Wild
10,24,56160000,56180000,2,0.01095771,10_0024,Pi,Wild
10,25,56510000,56550000,4,0.00520409,10_0025,Pi,Wild
10,26,56750000,56780000,3,0.00817953,10_0026,Pi,Wild
10,27,57370000,57400000,3,0.0082211,10_0027,Pi,Wild
10,28,57720000,57750000,4,0.010057035,10_0028,Pi,Wild
10,29,58210000,58230000,2,0.00750952,10_0029,Pi,Wild
10,30,58760000,58780000,2,0.011092795,10_0030,Pi,Wild
10,31,58820000,58870000,5,0.0058894,10_0031,Pi,Wild
10,32,61510000,61650000,14,0.006382905,10_0032,Pi,Wild
2,1,620000,650000,3,0.00686592,2_0001,Pi,Wild
2,2,1070000,1090000,2,0.01180739,2_0002,Pi,Wild
2,3,3890000,3910000,2,0.011605,2_0003,Pi,Wild
2,4,4290000,4330000,4,0.009980355,2_0004,Pi,Wild
2,5,4660000,4690000,3,0.00677301,2_0005,Pi,Wild
2,6,5870000,5920000,5,0.00787917,2_0006,Pi,Wild
2,7,6880000,6930000,5,0.0110421,2_0007,Pi,Wild
2,8,7100000,7120000,2,0.0128407,2_0008,Pi,Wild
2,9,8680000,8710000,3,0.00726545,2_0009,Pi,Wild
2,10,9520000,9560000,4,0.00551944,2_0010,Pi,Wild
2,11,10440000,10460000,2,0.00616926,2_0011,Pi,Wild
2,12,10850000,10880000,3,0.0110593,2_0012,Pi,Wild
2,13,11120000,11160000,4,0.0141708,2_0013,Pi,Wild
2,14,12160000,12220000,6,0.00824019,2_0014,Pi,Wild
2,15,12980000,13000000,2,0.00975653,2_0015,Pi,Wild
2,16,16160000,16200000,4,0.004011085,2_0016,Pi,Wild
2,17,16830000,16930000,10,0.0020586905,2_0017,Pi,Wild
2,18,18780000,18810000,3,0.00750191,2_0018,Pi,Wild
2,19,20720000,20760000,4,0.007259155,2_0019,Pi,Wild
2,20,21370000,21420000,5,0.00473444,2_0020,Pi,Wild
2,21,22850000,22880000,3,0.00552104,2_0021,Pi,Wild
2,22,42080000,42100000,2,0.01107358,2_0022,Pi,Wild
2,23,53690000,53710000,2,0.0134716,2_0023,Pi,Wild
2,24,56950000,56970000,2,0.01481545,2_0024,Pi,Wild
2,25,57020000,57060000,4,0.005932725,2_0025,Pi,Wild
2,26,57920000,57940000,2,0.01075661,2_0026,Pi,Wild
2,27,58010000,58030000,2,0.010970965,2_0027,Pi,Wild
2,28,58670000,58700000,3,0.00704465,2_0028,Pi,Wild
2,29,58930000,58950000,2,0.0034624261,2_0029,Pi,Wild
2,30,58990000,59030000,4,0.008980075,2_0030,Pi,Wild
2,31,59500000,59530000,3,0.0065676,2_0031,Pi,Wild
2,32,60910000,60940000,3,0.00800576,2_0032,Pi,Wild
2,33,60980000,61000000,2,0.01155285,2_0033,Pi,Wild
2,34,61010000,61050000,4,0.009243965,2_0034,Pi,Wild
2,35,61400000,61570000,18,0.007223665,2_0035,Pi,Wild
2,36,62270000,62300000,3,0.00736983,2_0036,Pi,Wild
2,37,62540000,62570000,3,0.0130234,2_0037,Pi,Wild
2,38,63280000,63340000,6,0.008928015,2_0038,Pi,Wild
2,39,63400000,63440000,4,0.01043901,2_0039,Pi,Wild
2,40,63480000,63500000,2,0.00552148,2_0040,Pi,Wild
2,41,63620000,63650000,3,0.00956331,2_0041,Pi,Wild
2,42,63850000,63870000,2,0.007304875,2_0042,Pi,Wild
2,43,64160000,64180000,2,0.010624395,2_0043,Pi,Wild
2,44,64900000,64970000,7,0.00831662,2_0044,Pi,Wild
2,45,65200000,65230000,3,0.00669445,2_0045,Pi,Wild
2,46,66450000,66480000,4,0.0107835,2_0046,Pi,Wild
2,47,67090000,67110000,2,0.007039825,2_0047,Pi,Wild
2,48,67160000,67210000,5,0.00834616,2_0048,Pi,Wild
2,49,67750000,67770000,2,0.005636125,2_0049,Pi,Wild
2,50,68660000,68700000,4,0.00756915,2_0050,Pi,Wild
2,51,69070000,69100000,3,0.00725394,2_0051,Pi,Wild
2,52,69530000,69590000,6,0.00809458,2_0052,Pi,Wild
2,53,69650000,69680000,4,0.006918845,2_0053,Pi,Wild
2,54,71230000,71250000,2,0.007161235,2_0054,Pi,Wild
2,55,71360000,71400000,4,0.005379825,2_0055,Pi,Wild
2,56,71870000,71890000,2,0.00896861,2_0056,Pi,Wild
2,57,72430000,72460000,3,0.00904648,2_0057,Pi,Wild
2,58,73280000,73310000,3,0.00290088,2_0058,Pi,Wild
2,59,74680000,74750000,7,0.00641738,2_0059,Pi,Wild
2,60,74790000,74830000,4,0.005421495,2_0060,Pi,Wild
2,61,74850000,74870000,2,0.0051176495,2_0061,Pi,Wild
2,62,75430000,75450000,2,0.007766515,2_0062,Pi,Wild
2,63,75750000,75790000,4,0.00978919,2_0063,Pi,Wild
2,64,77240000,77260000,2,0.007794995,2_0064,Pi,Wild
3,1,80000,110000,3,0.00477084,3_0001,Pi,Wild
3,2,2240000,2280000,4,0.0104333,3_0002,Pi,Wild
3,3,2840000,2860000,2,0.008445995,3_0003,Pi,Wild
3,4,4520000,4610000,9,0.00824,3_0004,Pi,Wild
3,5,4680000,4710000,3,0.0058688,3_0005,Pi,Wild
3,6,4720000,4770000,5,0.00786924,3_0006,Pi,Wild
3,7,6340000,6360000,2,0.00511136,3_0007,Pi,Wild
3,8,6550000,6580000,3,0.0113877,3_0008,Pi,Wild
3,9,7090000,7110000,2,0.01295204,3_0009,Pi,Wild
3,10,8480000,8600000,13,0.00410008,3_0010,Pi,Wild
3,11,9320000,9340000,2,0.00459108,3_0011,Pi,Wild
3,12,9830000,9850000,2,0.01023262,3_0012,Pi,Wild
3,13,11080000,11110000,3,0.00989575,3_0013,Pi,Wild
3,14,12870000,12900000,3,0.00500107,3_0014,Pi,Wild
3,15,13460000,13510000,5,0.00956726,3_0015,Pi,Wild
3,16,13530000,13560000,3,2.28487e-05,3_0016,Pi,Wild
3,17,14210000,14240000,3,0.00757734,3_0017,Pi,Wild
3,18,15690000,15710000,2,0.004121754775,3_0018,Pi,Wild
3,19,15810000,15880000,7,0.0091145,3_0019,Pi,Wild
3,20,16010000,16040000,3,0.0101918,3_0020,Pi,Wild
3,21,16840000,16860000,2,0.00914328,3_0021,Pi,Wild
3,22,18180000,18230000,5,0.00956186,3_0022,Pi,Wild
3,23,18660000,18680000,2,0.007364455,3_0023,Pi,Wild
3,24,20220000,20250000,3,0.00999621,3_0024,Pi,Wild
3,25,20470000,20500000,3,0.00901384,3_0025,Pi,Wild
3,26,20510000,20540000,3,0.00856388,3_0026,Pi,Wild
3,27,56920000,56950000,3,0.00831938,3_0027,Pi,Wild
3,28,57320000,57380000,6,0.00815612,3_0028,Pi,Wild
3,29,59550000,59660000,11,0.00428178,3_0029,Pi,Wild
3,30,61020000,61040000,2,0.00561573,3_0030,Pi,Wild
3,31,62620000,62650000,3,0.00576097,3_0031,Pi,Wild
3,32,62660000,62680000,2,0.0024815815,3_0032,Pi,Wild
3,33,63050000,63100000,5,0.00516579,3_0033,Pi,Wild
3,34,63470000,63490000,2,0.0131915,3_0034,Pi,Wild
3,35,64400000,64440000,4,0.008984625,3_0035,Pi,Wild
3,36,64570000,64590000,2,0.004948885,3_0036,Pi,Wild
3,37,64850000,64870000,2,0.0078417,3_0037,Pi,Wild
3,38,65150000,65200000,6,0.003933685,3_0038,Pi,Wild
3,39,65990000,66010000,2,0.00808871,3_0039,Pi,Wild
3,40,66570000,66670000,10,0.00657984,3_0040,Pi,Wild
3,41,66870000,66890000,2,0.0031479577,3_0041,Pi,Wild
3,42,69920000,69940000,2,0.006389525,3_0042,Pi,Wild
3,43,70460000,70500000,4,0.006646435,3_0043,Pi,Wild
3,44,71190000,71210000,2,0.00893346,3_0044,Pi,Wild
3,45,72000000,72030000,3,0.010179,3_0045,Pi,Wild
3,46,72750000,72780000,3,0.0085437,3_0046,Pi,Wild
3,47,74940000,74990000,5,0.0074437,3_0047,Pi,Wild
3,48,75520000,75570000,5,0.00779388,3_0048,Pi,Wild
3,49,76480000,76510000,3,0.00724303,3_0049,Pi,Wild
3,50,77150000,77200000,5,0.0053328,3_0050,Pi,Wild
3,51,77250000,77280000,3,0.00519903,3_0051,Pi,Wild
3,52,77330000,77390000,6,0.00764359,3_0052,Pi,Wild
3,53,77630000,77700000,7,0.00318546,3_0053,Pi,Wild
3,54,78030000,78060000,3,0.00642344,3_0054,Pi,Wild
3,55,79810000,79830000,2,0.01048786,3_0055,Pi,Wild
3,56,80160000,80190000,3,0.00631235,3_0056,Pi,Wild
4,1,240000,270000,3,0.00831227,4_0001,Pi,Wild
4,2,280000,320000,4,0.00497005,4_0002,Pi,Wild
4,3,1360000,1390000,3,0.00865973,4_0003,Pi,Wild
4,4,1600000,1620000,2,0.00816507,4_0004,Pi,Wild
4,5,3220000,3240000,2,0.01045953,4_0005,Pi,Wild
4,6,4020000,4060000,4,0.005366845,4_0006,Pi,Wild
4,7,4610000,4630000,2,0.011613625,4_0007,Pi,Wild
4,8,5470000,5500000,3,0.00758218,4_0008,Pi,Wild
4,9,6000000,6020000,2,0.004451085,4_0009,Pi,Wild
4,10,6170000,6230000,7,0.00830898,4_0010,Pi,Wild
4,11,7230000,7260000,3,0.00764067,4_0011,Pi,Wild
4,12,7720000,7730000,1,0.0101144,4_0012,Pi,Wild
4,13,7740000,7770000,3,0.0101092,4_0013,Pi,Wild
4,14,7940000,7970000,3,0.00690375,4_0014,Pi,Wild
4,15,9610000,9650000,4,0.013173345,4_0015,Pi,Wild
4,16,10900000,10940000,4,0.00560061,4_0016,Pi,Wild
4,17,13170000,13240000,7,0.00340627,4_0017,Pi,Wild
4,18,48010000,48080000,7,0.00121176,4_0018,Pi,Wild
4,19,52050000,52130000,8,0.000998862,4_0019,Pi,Wild
4,20,52520000,52550000,3,0.00866215,4_0020,Pi,Wild
4,21,53220000,53250000,3,0.00687038,4_0021,Pi,Wild
4,22,53890000,53940000,5,0.00779257,4_0022,Pi,Wild
4,23,54360000,54400000,4,0.00718841,4_0023,Pi,Wild
4,24,54500000,54530000,3,0.00699724,4_0024,Pi,Wild
4,25,54970000,55000000,3,0.00722563,4_0025,Pi,Wild
4,26,56410000,56430000,2,0.007875995,4_0026,Pi,Wild
4,27,56590000,56620000,3,0.00557698,4_0027,Pi,Wild
4,28,56970000,57010000,4,0.00458384,4_0028,Pi,Wild
4,29,57200000,57240000,4,0.00557811,4_0029,Pi,Wild
4,30,57270000,57300000,3,0.00770543,4_0030,Pi,Wild
4,31,58080000,58140000,6,0.004704525,4_0031,Pi,Wild
4,32,58360000,58410000,5,0.00639104,4_0032,Pi,Wild
4,33,64350000,64390000,4,0.009203445,4_0033,Pi,Wild
4,34,66810000,66840000,3,0.00317595,4_0034,Pi,Wild
4,35,67580000,67610000,3,0.00478441,4_0035,Pi,Wild
4,36,67750000,67790000,4,0.00861943,4_0036,Pi,Wild
4,37,67840000,67900000,6,0.006669975,4_0037,Pi,Wild
4,38,67950000,68010000,6,0.00597734,4_0038,Pi,Wild
4,39,68130000,68150000,2,0.00584854,4_0039,Pi,Wild
4,40,68260000,68280000,2,0.004492855,4_0040,Pi,Wild
4,41,68400000,68480000,9,0.0015215,4_0041,Pi,Wild
4,42,69470000,69510000,4,0.005561215,4_0042,Pi,Wild
4,43,70580000,70610000,3,0.00622283,4_0043,Pi,Wild
5,1,1850000,1880000,3,0.0084238,5_0001,Pi,Wild
5,2,2360000,2380000,2,0.004206975,5_0002,Pi,Wild
5,3,3270000,3290000,2,0.011934405,5_0003,Pi,Wild
5,4,6270000,6300000,3,0.00769411,5_0004,Pi,Wild
5,5,12670000,12700000,3,0.00704469,5_0005,Pi,Wild
5,6,15750000,15780000,3,0.00484336,5_0006,Pi,Wild
5,7,16130000,16160000,3,0.00604612,5_0007,Pi,Wild
5,8,16370000,16430000,6,0.00979822,5_0008,Pi,Wild
5,9,16730000,16760000,3,0.00716507,5_0009,Pi,Wild
5,10,17000000,17030000,3,0.0113722,5_0010,Pi,Wild
5,11,17970000,18080000,11,0.0105007,5_0011,Pi,Wild
5,12,55200000,55210000,1,0.00281145,5_0012,Pi,Wild
5,13,55450000,55490000,4,0.0159183,5_0013,Pi,Wild
5,14,55890000,55980000,9,0.00302744,5_0014,Pi,Wild
5,15,57390000,57410000,2,0.0056952005,5_0015,Pi,Wild
5,16,57620000,57660000,4,0.007822145,5_0016,Pi,Wild
5,17,59470000,59510000,4,0.011451265,5_0017,Pi,Wild
5,18,60030000,60170000,17,0.00377042,5_0018,Pi,Wild
5,19,62960000,62990000,3,0.00617427,5_0019,Pi,Wild
5,20,63030000,63070000,4,0.0072939,5_0020,Pi,Wild
5,21,63990000,64040000,5,0.0123128,5_0021,Pi,Wild
5,22,66790000,66840000,5,0.00585535,5_0022,Pi,Wild
5,23,66960000,66990000,3,0.00981073,5_0023,Pi,Wild
5,24,67140000,67160000,2,0.0138894,5_0024,Pi,Wild
5,25,67430000,67470000,4,0.01242625,5_0025,Pi,Wild
5,26,68140000,68190000,5,0.00331426,5_0026,Pi,Wild
5,27,70500000,70550000,5,0.0102864,5_0027,Pi,Wild
5,28,73280000,73340000,6,0.007046835,5_0028,Pi,Wild
5,29,74170000,74190000,2,0.011116055,5_0029,Pi,Wild
5,30,74290000,74300000,1,9.33516e-05,5_0030,Pi,Wild
5,31,74310000,74390000,8,0.004861845,5_0031,Pi,Wild
5,32,74460000,74490000,3,0.00802072,5_0032,Pi,Wild
5,33,74720000,74750000,3,0.0120296,5_0033,Pi,Wild
5,34,74920000,74940000,2,0.007164095,5_0034,Pi,Wild
6,1,3410000,3430000,2,0.00616457,6_0001,Pi,Wild
6,2,4440000,4470000,3,0.00486659,6_0002,Pi,Wild
6,3,6760000,6790000,3,0.0111943,6_0003,Pi,Wild
6,4,7600000,7640000,4,0.00856095,6_0004,Pi,Wild
6,5,8210000,8240000,3,0.00372672,6_0005,Pi,Wild
6,6,10410000,10450000,4,0.00236047,6_0006,Pi,Wild
6,7,10460000,10510000,5,0.00579642,6_0007,Pi,Wild
6,8,39250000,39280000,3,0.0065859,6_0008,Pi,Wild
6,9,40740000,40780000,4,0.008570235,6_0009,Pi,Wild
6,10,40920000,40970000,6,0.0110745,6_0010,Pi,Wild
6,11,41580000,41610000,3,0.00622918,6_0011,Pi,Wild
6,12,43080000,43130000,5,0.0046239,6_0012,Pi,Wild
6,13,45770000,45790000,2,0.0136907,6_0013,Pi,Wild
6,14,45970000,45990000,2,0.0169767,6_0014,Pi,Wild
6,15,50650000,50680000,3,0.00770755,6_0015,Pi,Wild
6,16,51290000,51320000,3,0.00878641,6_0016,Pi,Wild
6,17,51620000,51650000,3,0.00788725,6_0017,Pi,Wild
6,18,52080000,52150000,7,0.00864578,6_0018,Pi,Wild
6,19,52900000,52940000,4,0.00370198,6_0019,Pi,Wild
6,20,53920000,53950000,3,0.00717496,6_0020,Pi,Wild
6,21,54310000,54360000,5,0.00564465,6_0021,Pi,Wild
6,22,57090000,57140000,5,0.00674399,6_0022,Pi,Wild
6,23,57760000,57800000,4,0.0090057,6_0023,Pi,Wild
6,24,58790000,58980000,19,0.00771136,6_0024,Pi,Wild
6,25,59050000,59090000,4,0.007636105,6_0025,Pi,Wild
6,26,59710000,59750000,4,0.008882515,6_0026,Pi,Wild
6,27,61070000,61090000,2,0.00888034,6_0027,Pi,Wild
6,28,61420000,61460000,4,0.00558689,6_0028,Pi,Wild
6,29,61920000,61940000,2,0.00481919,6_0029,Pi,Wild
6,30,62530000,62550000,2,0.005358845,6_0030,Pi,Wild
6,31,62570000,62640000,7,0.00723941,6_0031,Pi,Wild
7,1,1010000,1040000,3,0.00939596,7_0001,Pi,Wild
7,2,3020000,3080000,6,0.0084571,7_0002,Pi,Wild
7,3,3610000,3650000,4,0.0112991,7_0003,Pi,Wild
7,4,5550000,5580000,3,0.0113438,7_0004,Pi,Wild
7,5,5710000,5730000,2,0.004577875,7_0005,Pi,Wild
7,6,5900000,5930000,3,0.0120104,7_0006,Pi,Wild
7,7,6760000,6790000,3,0.0072559,7_0007,Pi,Wild
7,8,7800000,7820000,2,0.0068222,7_0008,Pi,Wild
7,9,8210000,8230000,2,0.008239545,7_0009,Pi,Wild
7,10,9070000,9100000,3,0.0104604,7_0010,Pi,Wild
7,11,9780000,9800000,2,0.009413385,7_0011,Pi,Wild
7,12,10020000,10050000,4,0.00070744805,7_0012,Pi,Wild
7,13,12970000,12990000,2,0.004576395,7_0013,Pi,Wild
7,14,13770000,13810000,4,0.007868055,7_0014,Pi,Wild
7,15,15690000,15710000,2,0.007199405,7_0015,Pi,Wild
7,16,15790000,15850000,6,0.004962275,7_0016,Pi,Wild
7,17,54630000,54670000,4,0.005452665,7_0017,Pi,Wild
7,18,54920000,54940000,2,0.00480681,7_0018,Pi,Wild
7,19,58070000,58100000,3,0.00691241,7_0019,Pi,Wild
7,20,59810000,59830000,2,0.008462405,7_0020,Pi,Wild
7,21,60250000,60300000,5,0.00598904,7_0021,Pi,Wild
7,22,60570000,60630000,6,0.00654083,7_0022,Pi,Wild
7,23,60650000,60670000,2,0.010217585,7_0023,Pi,Wild
7,24,60720000,60750000,3,0.00895693,7_0024,Pi,Wild
7,25,60770000,60800000,3,0.00877336,7_0025,Pi,Wild
7,26,60840000,60900000,6,0.009906735,7_0026,Pi,Wild
7,27,61940000,61970000,3,0.00660873,7_0027,Pi,Wild
7,28,62150000,62170000,2,0.00655488,7_0028,Pi,Wild
7,29,62200000,62230000,3,0.00950013,7_0029,Pi,Wild
7,30,64070000,64110000,4,0.006744655,7_0030,Pi,Wild
7,31,66120000,66180000,6,0.00844772,7_0031,Pi,Wild
7,32,66550000,66590000,4,0.0071437,7_0032,Pi,Wild
7,33,68730000,68800000,7,0.00526049,7_0033,Pi,Wild
8,1,60000,90000,3,0.0111615,8_0001,Pi,Wild
8,2,1410000,1470000,6,0.007090815,8_0002,Pi,Wild
8,3,1480000,1510000,3,0.00817993,8_0003,Pi,Wild
8,4,1600000,1630000,3,0.00880499,8_0004,Pi,Wild
8,5,2340000,2360000,2,0.008300685,8_0005,Pi,Wild
8,6,4520000,4550000,3,0.0119497,8_0006,Pi,Wild
8,7,4600000,4630000,3,0.00727368,8_0007,Pi,Wild
8,8,5240000,5400000,17,0.00792672,8_0008,Pi,Wild
8,9,6160000,6180000,2,0.00813195,8_0009,Pi,Wild
8,10,6540000,6570000,3,0.00602943,8_0010,Pi,Wild
8,11,6720000,6750000,3,0.00857496,8_0011,Pi,Wild
8,12,7270000,7310000,4,0.00470421,8_0012,Pi,Wild
8,13,7980000,8000000,2,0.009962625,8_0013,Pi,Wild
8,14,9270000,9310000,4,0.002845695,8_0014,Pi,Wild
8,15,10930000,11000000,7,0.00598679,8_0015,Pi,Wild
8,16,11800000,11820000,2,0.01375495,8_0016,Pi,Wild
8,17,16100000,16140000,4,0.006834495,8_0017,Pi,Wild
8,18,47810000,47830000,2,0.007856095,8_0018,Pi,Wild
8,19,52320000,52340000,2,0.0047202508,8_0019,Pi,Wild
8,20,53850000,53920000,7,0.000862045,8_0020,Pi,Wild
8,21,54740000,54770000,3,0.00344589,8_0021,Pi,Wild
8,22,54790000,54810000,2,0.00409899,8_0022,Pi,Wild
8,23,54840000,54930000,10,0.0019831665,8_0023,Pi,Wild
8,24,55270000,55290000,2,0.01269845,8_0024,Pi,Wild
8,25,56110000,56150000,4,0.009587875,8_0025,Pi,Wild
8,26,57140000,57170000,3,0.0119437,8_0026,Pi,Wild
8,27,58600000,58710000,12,0.00854675,8_0027,Pi,Wild
8,28,60770000,60800000,3,0.00526954,8_0028,Pi,Wild
8,29,61340000,61370000,3,0.0124901,8_0029,Pi,Wild
8,30,62840000,62860000,2,0.0110607,8_0030,Pi,Wild
8,31,63600000,63630000,3,0.00872573,8_0031,Pi,Wild
8,32,64740000,64780000,4,0.00475715,8_0032,Pi,Wild
8,33,65140000,65180000,4,0.0048961,8_0033,Pi,Wild
9,1,180000,210000,3,0.008336,9_0001,Pi,Wild
9,2,1770000,1800000,3,0.0152687,9_0002,Pi,Wild
9,3,2070000,2100000,3,0.00559125,9_0003,Pi,Wild
9,4,2280000,2310000,3,0.00736396,9_0004,Pi,Wild
9,5,2630000,2650000,2,0.01205571,9_0005,Pi,Wild
9,6,2900000,3060000,16,0.00917306,9_0006,Pi,Wild
9,7,3340000,3360000,2,0.01195245,9_0007,Pi,Wild
9,8,4160000,4240000,8,0.00714413,9_0008,Pi,Wild
9,9,4300000,4350000,5,0.00903522,9_0009,Pi,Wild
9,10,4360000,4430000,7,0.00547339,9_0010,Pi,Wild
9,11,4570000,4590000,2,0.00841093,9_0011,Pi,Wild
9,12,5000000,5090000,9,0.00373265,9_0012,Pi,Wild
9,13,5350000,5380000,3,0.00847904,9_0013,Pi,Wild
9,14,6040000,6050000,1,0.0091408,9_0014,Pi,Wild
9,15,6060000,6090000,3,0.0143571,9_0015,Pi,Wild
9,16,6300000,6360000,6,0.004910565,9_0016,Pi,Wild
9,17,6540000,6560000,2,0.01240655,9_0017,Pi,Wild
9,18,8890000,8920000,3,0.0067397,9_0018,Pi,Wild
9,19,10900000,10940000,4,0.0107132,9_0019,Pi,Wild
9,20,10960000,11040000,8,0.01291495,9_0020,Pi,Wild
9,21,43630000,43650000,2,0.00397125,9_0021,Pi,Wild
9,22,45190000,45220000,3,0.0144096,9_0022,Pi,Wild
9,23,48240000,48270000,3,0.0118019,9_0023,Pi,Wild
9,24,50060000,50090000,3,0.0100089,9_0024,Pi,Wild
9,25,51300000,51350000,6,0.005370555,9_0025,Pi,Wild
9,26,51360000,51380000,2,0.007399645,9_0026,Pi,Wild
9,27,51540000,51570000,3,0.00645544,9_0027,Pi,Wild
9,28,51880000,51900000,2,0.010488965,9_0028,Pi,Wild
9,29,54790000,54850000,6,0.01019373,9_0029,Pi,Wild
9,30,55850000,55890000,4,0.006631885,9_0030,Pi,Wild
9,31,56220000,56310000,10,0.00645987,9_0031,Pi,Wild
9,32,56850000,56880000,3,0.00420534,9_0032,Pi,Wild
9,33,56900000,56920000,2,0.00979747,9_0033,Pi,Wild
9,34,57410000,57430000,2,0.008415275,9_0034,Pi,Wild
9,35,57460000,57490000,3,0.00586808,9_0035,Pi,Wild
9,36,58140000,58210000,7,0.00733234,9_0036,Pi,Wild
9,37,58550000,58590000,4,0.004274565,9_0037,Pi,Wild
9,38,58780000,58800000,2,0.00853421,9_0038,Pi,Wild
9,39,59100000,59140000,4,0.003262,9_0039,Pi,Wild
9,40,59990000,60030000,4,0.006693765,9_0040,Pi,Wild
9,41,61660000,61710000,5,0.0066579,9_0041,Pi,Wild
9,42,62730000,62790000,6,0.00744345,9_0042,Pi,Wild
1,1,7379999,7660000,28,2.00364,1_0001,TajimaD,Improved
1,2,10779999,10840000,6,1.6902,1_0002,TajimaD,Improved
1,3,12179999,12260000,8,2.060515,1_0003,TajimaD,Improved
1,4,14539999,14650000,12,1.76338,1_0004,TajimaD,Improved
1,5,16899999,16920000,2,2.91903,1_0005,TajimaD,Improved
1,6,20529999,20580000,5,4.0847,1_0006,TajimaD,Improved
1,7,53599999,53650000,5,2.38998,1_0007,TajimaD,Improved
1,8,63289999,63350000,6,1.857445,1_0008,TajimaD,Improved
1,9,63359999,63370000,1,-1.06943,1_0009,TajimaD,Improved
1,10,63389999,63530000,14,2.43494,1_0010,TajimaD,Improved
1,11,69699999,69750000,5,3.17525,1_0011,TajimaD,Improved
1,12,69799999,69900000,10,2.06721,1_0012,TajimaD,Improved
1,13,73429999,73530000,11,-1.53035,1_0013,TajimaD,Improved
1,14,76229999,76310000,8,0.8266885,1_0014,TajimaD,Improved
1,15,77029999,77070000,4,4.44585,1_0015,TajimaD,Improved
10,1,4239999,4340000,10,0.9664925,10_0001,TajimaD,Improved
10,2,4349999,4400000,5,-0.390933,10_0002,TajimaD,Improved
10,3,7279999,7300000,2,2.52879,10_0003,TajimaD,Improved
10,4,8199999,8290000,9,3.7432,10_0004,TajimaD,Improved
10,5,11039999,11090000,5,1.42967,10_0005,TajimaD,Improved
10,6,11099999,11110000,1,3.30332,10_0006,TajimaD,Improved
10,7,18889999,18930000,4,3.894795,10_0007,TajimaD,Improved
10,8,20689999,20720000,3,3.26126,10_0008,TajimaD,Improved
10,9,40619999,40660000,4,1.10227195,10_0009,TajimaD,Improved
10,10,41429999,41440000,1,0.934233,10_0010,TajimaD,Improved
10,11,47599999,47630000,3,3.25199,10_0011,TajimaD,Improved
10,12,50919999,51030000,12,3.78999,10_0012,TajimaD,Improved
10,13,52289999,52360000,7,-0.452037,10_0013,TajimaD,Improved
10,14,53099999,53140000,4,1.5520265,10_0014,TajimaD,Improved
10,15,53579999,53600000,2,-1.310055,10_0015,TajimaD,Improved
10,16,53649999,53710000,6,2.288245,10_0016,TajimaD,Improved
10,17,53719999,53770000,6,1.49719,10_0017,TajimaD,Improved
2,1,3889999,3910000,2,3.23024,2_0001,TajimaD,Improved
2,2,4529999,4570000,4,3.52414,2_0002,TajimaD,Improved
2,3,5569999,5600000,3,-0.412672,2_0003,TajimaD,Improved
2,4,8529999,8580000,6,1.15816,2_0004,TajimaD,Improved
2,5,9539999,9570000,3,2.83975,2_0005,TajimaD,Improved
2,6,9589999,9670000,8,0.6543371,2_0006,TajimaD,Improved
2,7,10419999,10460000,4,3.387315,2_0007,TajimaD,Improved
2,8,10839999,10890000,5,3.82916,2_0008,TajimaD,Improved
2,9,16869999,16890000,2,-0.73114,2_0009,TajimaD,Improved
2,10,16899999,16920000,2,4.918945,2_0010,TajimaD,Improved
2,11,16929999,16960000,3,-1.44587,2_0011,TajimaD,Improved
2,12,18739999,18790000,5,2.85489,2_0012,TajimaD,Improved
2,13,55059999,55090000,3,1.14138,2_0013,TajimaD,Improved
2,14,58459999,58590000,13,2.14148,2_0014,TajimaD,Improved
2,15,60609999,60660000,6,2.07687,2_0015,TajimaD,Improved
2,16,60699999,60740000,4,1.0761575,2_0016,TajimaD,Improved
2,17,60749999,60800000,5,0.194086,2_0017,TajimaD,Improved
2,18,63389999,63430000,4,3.607865,2_0018,TajimaD,Improved
2,19,64139999,64190000,5,-0.524215,2_0019,TajimaD,Improved
2,20,64979999,65010000,3,0.67102,2_0020,TajimaD,Improved
2,21,67149999,67260000,12,1.349845,2_0021,TajimaD,Improved
2,22,67729999,67870000,14,0.133754145,2_0022,TajimaD,Improved
2,23,69539999,69580000,4,-0.666098,2_0023,TajimaD,Improved
2,24,73459999,73490000,3,1.55794,2_0024,TajimaD,Improved
2,25,76889999,76970000,8,-0.0346412,2_0025,TajimaD,Improved
2,26,78069999,78160000,9,2.32458,2_0026,TajimaD,Improved
3,1,4729999,4760000,3,1.79617,3_0001,TajimaD,Improved
3,2,5749999,5780000,3,2.88542,3_0002,TajimaD,Improved
3,3,6669999,6710000,4,-0.391261,3_0003,TajimaD,Improved
3,4,7399999,7440000,4,1.1029175,3_0004,TajimaD,Improved
3,5,8379999,8410000,3,-0.456815,3_0005,TajimaD,Improved
3,6,8429999,8560000,13,2.90505,3_0006,TajimaD,Improved
3,7,8569999,8650000,9,3.2745,3_0007,TajimaD,Improved
3,8,8959999,9020000,6,2.538965,3_0008,TajimaD,Improved
3,9,9279999,9360000,8,2.980115,3_0009,TajimaD,Improved
3,10,14389999,14410000,2,0.705873,3_0010,TajimaD,Improved
3,11,20079999,20110000,3,2.13159,3_0011,TajimaD,Improved
3,12,61919999,62020000,10,1.0903035,3_0012,TajimaD,Improved
3,13,63059999,63090000,3,3.13674,3_0013,TajimaD,Improved
3,14,64149999,64170000,2,2.449735,3_0014,TajimaD,Improved
3,15,66599999,66650000,5,2.31975,3_0015,TajimaD,Improved
3,16,68629999,68660000,3,4.67506,3_0016,TajimaD,Improved
3,17,74609999,74700000,9,-0.935646,3_0017,TajimaD,Improved
3,18,76989999,77040000,5,0.363885,3_0018,TajimaD,Improved
3,19,77649999,77670000,2,2.506,3_0019,TajimaD,Improved
3,20,80159999,80180000,2,4.177095,3_0020,TajimaD,Improved
4,1,7739999,7770000,3,4.329,4_0001,TajimaD,Improved
4,2,48029999,48060000,3,-1.06654,4_0002,TajimaD,Improved
4,3,51439999,51460000,2,4.45334,4_0003,TajimaD,Improved
4,4,52059999,52140000,8,3.17528,4_0004,TajimaD,Improved
4,5,56849999,56890000,4,2.771525,4_0005,TajimaD,Improved
4,6,58079999,58140000,6,1.463905,4_0006,TajimaD,Improved
4,7,61689999,61810000,12,0.8353065,4_0007,TajimaD,Improved
4,8,61889999,61950000,6,1.22927,4_0008,TajimaD,Improved
4,9,66489999,66510000,2,1.6676035,4_0009,TajimaD,Improved
4,10,66549999,66590000,4,3.09031,4_0010,TajimaD,Improved
4,11,66609999,66720000,11,2.50665,4_0011,TajimaD,Improved
4,12,68239999,68290000,5,3.37688,4_0012,TajimaD,Improved
5,1,16339999,16440000,10,1.5577075,5_0001,TajimaD,Improved
5,2,17959999,18070000,11,2.19188,5_0002,TajimaD,Improved
5,3,55879999,56040000,17,2.38848,5_0003,TajimaD,Improved
5,4,58619999,58650000,3,0.23726,5_0004,TajimaD,Improved
5,5,59469999,59510000,4,3.39539,5_0005,TajimaD,Improved
5,6,60039999,60180000,16,2.982035,5_0006,TajimaD,Improved
5,7,63989999,64080000,9,-0.237796,5_0007,TajimaD,Improved
5,8,66789999,66820000,3,1.84667,5_0008,TajimaD,Improved
5,9,67359999,67400000,4,-0.0354475,5_0009,TajimaD,Improved
5,10,70469999,70560000,9,0.845316,5_0010,TajimaD,Improved
6,1,3379999,3440000,7,2.51971,6_0001,TajimaD,Improved
6,2,7599999,7630000,3,-0.387872,6_0002,TajimaD,Improved
6,3,9569999,9740000,18,1.181345,6_0003,TajimaD,Improved
6,4,10369999,10450000,8,1.61350755,6_0004,TajimaD,Improved
6,5,10459999,10600000,14,1.601015,6_0005,TajimaD,Improved
6,6,39499999,39530000,3,2.28712,6_0006,TajimaD,Improved
6,7,40749999,40780000,3,1.70754,6_0007,TajimaD,Improved
6,8,40919999,40950000,3,0.557829,6_0008,TajimaD,Improved
6,9,42419999,42450000,3,-1.36004,6_0009,TajimaD,Improved
6,10,50519999,50580000,7,1.59667,6_0010,TajimaD,Improved
6,11,52159999,52190000,3,-0.71507,6_0011,TajimaD,Improved
6,12,61129999,61310000,19,2.09069,6_0012,TajimaD,Improved
6,13,61329999,61410000,8,1.972245,6_0013,TajimaD,Improved
6,14,62549999,62680000,13,1.05117,6_0014,TajimaD,Improved
7,1,3029999,3050000,2,2.20156,7_0001,TajimaD,Improved
7,2,6279999,6320000,4,1.449155,7_0002,TajimaD,Improved
7,3,9059999,9140000,8,-0.1740046,7_0003,TajimaD,Improved
7,4,57549999,57650000,10,0.9715905,7_0004,TajimaD,Improved
7,5,61019999,61060000,4,0.5770965,7_0005,TajimaD,Improved
7,6,61739999,61840000,10,-0.6205415,7_0006,TajimaD,Improved
7,7,65499999,65530000,3,3.16822,7_0007,TajimaD,Improved
7,8,65609999,65670000,6,1.822895,7_0008,TajimaD,Improved
7,9,65719999,65760000,4,1.89629,7_0009,TajimaD,Improved
7,10,66069999,66110000,4,1.394055,7_0010,TajimaD,Improved
7,11,66119999,66170000,5,3.68359,7_0011,TajimaD,Improved
7,12,66559999,66590000,3,0.669059,7_0012,TajimaD,Improved
8,1,4519999,4560000,4,3.051295,8_0001,TajimaD,Improved
8,2,5239999,5280000,4,0.7695145,8_0002,TajimaD,Improved
8,3,11759999,11850000,9,-0.795855,8_0003,TajimaD,Improved
8,4,14159999,14180000,2,0.122983,8_0004,TajimaD,Improved
8,5,14199999,14230000,3,-0.10628,8_0005,TajimaD,Improved
8,6,48529999,48550000,2,3.133815,8_0006,TajimaD,Improved
8,7,51809999,51840000,3,3.41027,8_0007,TajimaD,Improved
8,8,52299999,52340000,4,1.06711,8_0008,TajimaD,Improved
8,9,52629999,52670000,4,3.809535,8_0009,TajimaD,Improved
8,10,52679999,52720000,4,4.025815,8_0010,TajimaD,Improved
8,11,53829999,53860000,3,2.97356,8_0011,TajimaD,Improved
8,12,53869999,53920000,5,-0.234625,8_0012,TajimaD,Improved
8,13,54839999,54920000,9,1.6664,8_0013,TajimaD,Improved
8,14,57139999,57160000,2,1.297045,8_0014,TajimaD,Improved
8,15,63209999,63250000,4,3.134265,8_0015,TajimaD,Improved
9,1,4169999,4200000,3,-0.133394,9_0001,TajimaD,Improved
9,2,4709999,4770000,6,1.97935,9_0002,TajimaD,Improved
9,3,4779999,4820000,4,1.0756705,9_0003,TajimaD,Improved
9,4,5939999,5970000,4,3.7908,9_0004,TajimaD,Improved
9,5,5979999,5990000,1,0.937067,9_0005,TajimaD,Improved
9,6,6529999,6570000,4,3.06175,9_0006,TajimaD,Improved
9,7,9199999,9220000,2,2.210385,9_0007,TajimaD,Improved
9,8,10879999,11010000,13,2.6104,9_0008,TajimaD,Improved
9,9,51879999,51900000,2,3.54473,9_0009,TajimaD,Improved
9,10,53719999,53810000,9,2.69671,9_0010,TajimaD,Improved
9,11,54769999,54840000,7,1.91455,9_0011,TajimaD,Improved
9,12,55619999,55650000,3,2.46461,9_0012,TajimaD,Improved
9,13,55659999,55740000,8,2.367043,9_0013,TajimaD,Improved
9,14,56229999,56250000,2,2.246915,9_0014,TajimaD,Improved
9,15,58019999,58030000,1,0.889093,9_0015,TajimaD,Improved
9,16,58159999,58460000,30,2.16227,9_0016,TajimaD,Improved
9,17,60719999,60780000,6,-0.701555,9_0017,TajimaD,Improved
9,18,60799999,60910000,11,-1.12974,9_0018,TajimaD,Improved
1,1,6349999,6390000,4,2.69057,1_0001,TajimaD,Landrace
1,2,9159999,9190000,3,1.40505,1_0002,TajimaD,Landrace
1,3,9919999,9940000,2,3.931435,1_0003,TajimaD,Landrace
1,4,10199999,10240000,4,2.540935,1_0004,TajimaD,Landrace
1,5,12709999,12730000,2,3.217745,1_0005,TajimaD,Landrace
1,6,13999999,14020000,2,-1.63358,1_0006,TajimaD,Landrace
1,7,16549999,16610000,6,0.0956205,1_0007,TajimaD,Landrace
1,8,16719999,16840000,13,0.532348,1_0008,TajimaD,Landrace
1,9,20529999,20570000,4,1.281805,1_0009,TajimaD,Landrace
1,10,21299999,21340000,4,-0.4272705,1_0010,TajimaD,Landrace
1,11,23969999,24010000,4,1.71971,1_0011,TajimaD,Landrace
1,12,24979999,25000000,2,2.888195,1_0012,TajimaD,Landrace
1,13,53589999,53650000,6,0.7497035,1_0013,TajimaD,Landrace
1,14,59149999,59180000,3,2.8483,1_0014,TajimaD,Landrace
1,15,61999999,62070000,8,0.2403465,1_0015,TajimaD,Landrace
1,16,64859999,64890000,3,0.861788,1_0016,TajimaD,Landrace
1,17,66529999,66560000,3,2.51539,1_0017,TajimaD,Landrace
1,18,67949999,67980000,3,1.54578,1_0018,TajimaD,Landrace
1,19,68509999,68530000,2,3.661975,1_0019,TajimaD,Landrace
1,20,69729999,69760000,3,2.78258,1_0020,TajimaD,Landrace
1,21,69859999,69910000,5,3.44282,1_0021,TajimaD,Landrace
1,22,73479999,73550000,7,-1.64765,1_0022,TajimaD,Landrace
1,23,73939999,73960000,2,-0.9423725,1_0023,TajimaD,Landrace
1,24,75009999,75030000,2,2.609785,1_0024,TajimaD,Landrace
1,25,76239999,76290000,5,-1.49649,1_0025,TajimaD,Landrace
1,26,77019999,77060000,4,3.859315,1_0026,TajimaD,Landrace
1,27,80929999,80950000,2,2.32606,1_0027,TajimaD,Landrace
1,28,83009999,83030000,2,1.42644,1_0028,TajimaD,Landrace
10,1,979999,1020000,4,1.77098,10_0001,TajimaD,Landrace
10,2,4229999,4260000,3,0.985043,10_0002,TajimaD,Landrace
10,3,4379999,4410000,3,0.830219,10_0003,TajimaD,Landrace
10,4,5199999,5240000,4,-1.161595,10_0004,TajimaD,Landrace
10,5,7289999,7320000,3,3.4561,10_0005,TajimaD,Landrace
10,6,8209999,8290000,8,2.21387,10_0006,TajimaD,Landrace
10,7,9539999,9590000,5,1.52069,10_0007,TajimaD,Landrace
10,8,9829999,9860000,3,1.05113,10_0008,TajimaD,Landrace
10,9,11029999,11090000,6,0.9454985,10_0009,TajimaD,Landrace
10,10,12119999,12160000,4,1.4571365,10_0010,TajimaD,Landrace
10,11,13559999,13580000,2,1.1764625,10_0011,TajimaD,Landrace
10,12,18889999,18930000,4,1.73249,10_0012,TajimaD,Landrace
10,13,20689999,20740000,5,2.10706,10_0013,TajimaD,Landrace
10,14,46339999,46370000,3,1.92678,10_0014,TajimaD,Landrace
10,15,47559999,47660000,10,2.85988,10_0015,TajimaD,Landrace
10,16,50929999,51010000,8,3.15486,10_0016,TajimaD,Landrace
10,17,52289999,52360000,7,0.821529,10_0017,TajimaD,Landrace
10,18,56469999,56550000,8,3.430845,10_0018,TajimaD,Landrace
10,19,56749999,56780000,3,0.683069,10_0019,TajimaD,Landrace
2,1,1219999,1250000,3,-0.612813,2_0001,TajimaD,Landrace
2,2,2139999,2190000,5,2.50115,2_0002,TajimaD,Landrace
2,3,3879999,3920000,4,0.997947,2_0003,TajimaD,Landrace
2,4,4309999,4330000,2,1.3388775,2_0004,TajimaD,Landrace
2,5,4519999,4570000,5,2.34937,2_0005,TajimaD,Landrace
2,6,5059999,5080000,2,2.66813,2_0006,TajimaD,Landrace
2,7,5889999,5920000,3,-1.0069,2_0007,TajimaD,Landrace
2,8,6099999,6140000,4,0.767842,2_0008,TajimaD,Landrace
2,9,6889999,6930000,4,2.870635,2_0009,TajimaD,Landrace
2,10,7099999,7130000,3,-0.207276,2_0010,TajimaD,Landrace
2,11,7539999,7570000,3,2.37908,2_0011,TajimaD,Landrace
2,12,8499999,8580000,8,0.559355455,2_0012,TajimaD,Landrace
2,13,8619999,8650000,3,0.0418832,2_0013,TajimaD,Landrace
2,14,9529999,9570000,4,0.696971,2_0014,TajimaD,Landrace
2,15,10429999,10450000,2,-0.2716975,2_0015,TajimaD,Landrace
2,16,11109999,11140000,3,2.36377,2_0016,TajimaD,Landrace
2,17,12929999,12950000,2,-0.8632325,2_0017,TajimaD,Landrace
2,18,16549999,16610000,6,-0.4737265,2_0018,TajimaD,Landrace
2,19,16839999,16880000,4,2.911475,2_0019,TajimaD,Landrace
2,20,16999999,17020000,2,2.265565,2_0020,TajimaD,Landrace
2,21,18759999,18820000,6,1.92061,2_0021,TajimaD,Landrace
2,22,20719999,20760000,4,2.38179,2_0022,TajimaD,Landrace
2,23,22309999,22330000,2,2.65873,2_0023,TajimaD,Landrace
2,24,53059999,53080000,2,1.278287,2_0024,TajimaD,Landrace
2,25,53669999,53700000,3,0.74567,2_0025,TajimaD,Landrace
2,26,55059999,55090000,3,2.05074,2_0026,TajimaD,Landrace
2,27,55729999,55800000,7,0.39102,2_0027,TajimaD,Landrace
2,28,58139999,58180000,4,1.57198,2_0028,TajimaD,Landrace
2,29,58489999,58580000,10,-0.396019,2_0029,TajimaD,Landrace
2,30,63319999,63360000,4,2.58718,2_0030,TajimaD,Landrace
2,31,63399999,63440000,4,1.52484,2_0031,TajimaD,Landrace
2,32,63619999,63640000,2,-0.254689,2_0032,TajimaD,Landrace
2,33,64159999,64190000,3,1.24913,2_0033,TajimaD,Landrace
2,34,65179999,65220000,4,1.0704025,2_0034,TajimaD,Landrace
2,35,67139999,67220000,9,0.377407,2_0035,TajimaD,Landrace
2,36,68659999,68700000,4,2.743145,2_0036,TajimaD,Landrace
2,37,69649999,69680000,3,-1.63173,2_0037,TajimaD,Landrace
2,38,69819999,69870000,6,1.52943,2_0038,TajimaD,Landrace
2,39,74839999,74860000,2,1.82596,2_0039,TajimaD,Landrace
2,40,75199999,75250000,5,0.617113,2_0040,TajimaD,Landrace
2,41,75429999,75460000,3,1.58603,2_0041,TajimaD,Landrace
2,42,75489999,75530000,4,2.724025,2_0042,TajimaD,Landrace
2,43,75749999,75790000,4,1.269985,2_0043,TajimaD,Landrace
2,44,76759999,76820000,6,1.427025,2_0044,TajimaD,Landrace
3,1,119999,170000,5,-1.28849,3_0001,TajimaD,Landrace
3,2,2839999,2870000,3,0.155023,3_0002,TajimaD,Landrace
3,3,4709999,4770000,6,2.142145,3_0003,TajimaD,Landrace
3,4,5549999,5570000,2,3.08252,3_0004,TajimaD,Landrace
3,5,6299999,6330000,3,0.604613,3_0005,TajimaD,Landrace
3,6,6559999,6580000,2,0.382382,3_0006,TajimaD,Landrace
3,7,7079999,7110000,3,1.76167,3_0007,TajimaD,Landrace
3,8,7549999,7580000,3,2.45053,3_0008,TajimaD,Landrace
3,9,7859999,7910000,5,3.24864,3_0009,TajimaD,Landrace
3,10,8509999,8550000,4,0.0278344,3_0010,TajimaD,Landrace
3,11,8949999,9030000,8,2.676605,3_0011,TajimaD,Landrace
3,12,9229999,9250000,2,0.8355495,3_0012,TajimaD,Landrace
3,13,9279999,9370000,9,2.44227,3_0013,TajimaD,Landrace
3,14,13839999,13890000,6,-0.2939795,3_0014,TajimaD,Landrace
3,15,14379999,14420000,4,-0.354248,3_0015,TajimaD,Landrace
3,16,15339999,15370000,3,1.05222,3_0016,TajimaD,Landrace
3,17,17369999,17400000,3,0.036223,3_0017,TajimaD,Landrace
3,18,17409999,17450000,4,0.2374035,3_0018,TajimaD,Landrace
3,19,19939999,19980000,4,0.67525445,3_0019,TajimaD,Landrace
3,20,20079999,20130000,5,0.563135,3_0020,TajimaD,Landrace
3,21,46029999,46050000,2,-1.2560485,3_0021,TajimaD,Landrace
3,22,48209999,48240000,3,0.539359,3_0022,TajimaD,Landrace
3,23,54139999,54180000,4,2.135375,3_0023,TajimaD,Landrace
3,24,54219999,54250000,3,1.45175,3_0024,TajimaD,Landrace
3,25,57319999,57370000,5,0.499314,3_0025,TajimaD,Landrace
3,26,61939999,61990000,5,3.13221,3_0026,TajimaD,Landrace
3,27,62619999,62650000,3,-0.507843,3_0027,TajimaD,Landrace
3,28,63049999,63090000,4,-0.0783748,3_0028,TajimaD,Landrace
3,29,63369999,63420000,5,4.25507,3_0029,TajimaD,Landrace
3,30,63799999,63820000,2,2.163265,3_0030,TajimaD,Landrace
3,31,64709999,64730000,2,2.531085,3_0031,TajimaD,Landrace
3,32,64849999,64870000,2,-1.37933,3_0032,TajimaD,Landrace
3,33,66579999,66670000,9,2.58244,3_0033,TajimaD,Landrace
3,34,68629999,68670000,4,2.27932,3_0034,TajimaD,Landrace
3,35,72759999,72780000,2,2.8587,3_0035,TajimaD,Landrace
3,36,74739999,74770000,3,2.93164,3_0036,TajimaD,Landrace
3,37,76619999,76660000,4,1.87823,3_0037,TajimaD,Landrace
3,38,77629999,77680000,5,2.11205,3_0038,TajimaD,Landrace
3,39,80159999,80190000,3,1.53572,3_0039,TajimaD,Landrace
4,1,3789999,3830000,4,1.46331,4_0001,TajimaD,Landrace
4,2,5049999,5080000,3,3.30733,4_0002,TajimaD,Landrace
4,3,7739999,7770000,3,2.58611,4_0003,TajimaD,Landrace
4,4,8379999,8400000,2,1.4947117,4_0004,TajimaD,Landrace
4,5,9609999,9640000,3,-0.71367,4_0005,TajimaD,Landrace
4,6,10909999,10940000,3,0.427193,4_0006,TajimaD,Landrace
4,7,12339999,12360000,2,-1.203579,4_0007,TajimaD,Landrace
4,8,16449999,16510000,6,-1.09797,4_0008,TajimaD,Landrace
4,9,44689999,44710000,2,1.742135,4_0009,TajimaD,Landrace
4,10,51439999,51470000,3,2.45065,4_0010,TajimaD,Landrace
4,11,53219999,53250000,3,0.883149,4_0011,TajimaD,Landrace
4,12,53909999,53940000,3,0.630171,4_0012,TajimaD,Landrace
4,13,56549999,56580000,3,0.724019,4_0013,TajimaD,Landrace
4,14,56839999,56890000,5,1.89365,4_0014,TajimaD,Landrace
4,15,58089999,58140000,5,1.64674,4_0015,TajimaD,Landrace
4,16,59509999,59530000,2,0.734278,4_0016,TajimaD,Landrace
4,17,67589999,67610000,2,2.43872,4_0017,TajimaD,Landrace
4,18,67849999,67890000,4,2.336825,4_0018,TajimaD,Landrace
5,1,1849999,1880000,3,2.4555,5_0001,TajimaD,Landrace
5,2,2359999,2390000,3,1.51036,5_0002,TajimaD,Landrace
5,3,4939999,4980000,4,-0.570141,5_0003,TajimaD,Landrace
5,4,8959999,9000000,4,2.628595,5_0004,TajimaD,Landrace
5,5,9259999,9320000,6,1.950005,5_0005,TajimaD,Landrace
5,6,9399999,9460000,7,0.824566,5_0006,TajimaD,Landrace
5,7,12679999,12700000,2,1.6316685,5_0007,TajimaD,Landrace
5,8,14409999,14430000,2,-0.6496175,5_0008,TajimaD,Landrace
5,9,14749999,14770000,2,1.999545,5_0009,TajimaD,Landrace
5,10,14929999,14950000,2,0.402225,5_0010,TajimaD,Landrace
5,11,16369999,16420000,5,0.611654,5_0011,TajimaD,Landrace
5,12,17989999,18060000,7,0.430145,5_0012,TajimaD,Landrace
5,13,55889999,56040000,17,0.94314,5_0013,TajimaD,Landrace
5,14,56449999,56470000,2,-0.42411885,5_0014,TajimaD,Landrace
5,15,57369999,57430000,7,-1.1944,5_0015,TajimaD,Landrace
5,16,57619999,57670000,5,-1.44136,5_0016,TajimaD,Landrace
5,17,58609999,58650000,4,-1.0265865,5_0017,TajimaD,Landrace
5,18,59469999,59520000,5,0.351223,5_0018,TajimaD,Landrace
5,19,60029999,60130000,11,2.63442,5_0019,TajimaD,Landrace
5,20,62249999,62270000,2,2.79725,5_0020,TajimaD,Landrace
5,21,63859999,63910000,5,-2.06715,5_0021,TajimaD,Landrace
5,22,63979999,64050000,7,-1.52555,5_0022,TajimaD,Landrace
5,23,66189999,66280000,10,1.211618,5_0023,TajimaD,Landrace
5,24,66789999,66830000,4,1.78161,5_0024,TajimaD,Landrace
5,25,66959999,66990000,3,2.49655,5_0025,TajimaD,Landrace
5,26,67359999,67410000,5,0.431337,5_0026,TajimaD,Landrace
5,27,68139999,68190000,5,1.07292,5_0027,TajimaD,Landrace
5,28,68999999,69020000,2,1.546188,5_0028,TajimaD,Landrace
5,29,69219999,69270000,5,1.59592,5_0029,TajimaD,Landrace
5,30,70489999,70550000,6,-0.711931,5_0030,TajimaD,Landrace
5,31,71109999,71140000,3,-0.029037,5_0031,TajimaD,Landrace
5,32,71579999,71620000,4,1.790946,5_0032,TajimaD,Landrace
5,33,76759999,76790000,3,1.13029,5_0033,TajimaD,Landrace
6,1,3379999,3440000,6,2.415105,6_0001,TajimaD,Landrace
6,2,4439999,4480000,4,1.74267,6_0002,TajimaD,Landrace
6,3,7599999,7640000,4,-0.4981215,6_0003,TajimaD,Landrace
6,4,10469999,10520000,5,-0.128924,6_0004,TajimaD,Landrace
6,5,38069999,38170000,10,0.26685005,6_0005,TajimaD,Landrace
6,6,39499999,39530000,3,-0.322338,6_0006,TajimaD,Landrace
6,7,40669999,40710000,4,1.58136,6_0007,TajimaD,Landrace
6,8,40749999,40780000,3,-0.023017,6_0008,TajimaD,Landrace
6,9,40949999,40970000,2,0.37650655,6_0009,TajimaD,Landrace
6,10,41269999,41310000,4,0.22453212,6_0010,TajimaD,Landrace
6,11,44079999,44110000,3,2.29752,6_0011,TajimaD,Landrace
6,12,47109999,47150000,4,2.44007,6_0012,TajimaD,Landrace
6,13,48989999,49030000,4,2.96399,6_0013,TajimaD,Landrace
6,14,49979999,50010000,3,3.61463,6_0014,TajimaD,Landrace
6,15,50049999,50070000,2,2.0739,6_0015,TajimaD,Landrace
6,16,51289999,51320000,3,-0.959537,6_0016,TajimaD,Landrace
6,17,52089999,52130000,4,-1.0244745,6_0017,TajimaD,Landrace
6,18,53359999,53400000,4,2.2140225,6_0018,TajimaD,Landrace
6,19,55319999,55340000,2,3.93068,6_0019,TajimaD,Landrace
6,20,57059999,57080000,2,0.07953025,6_0020,TajimaD,Landrace
6,21,61409999,61450000,4,1.76235,6_0021,TajimaD,Landrace
6,22,62549999,62660000,11,2.5869,6_0022,TajimaD,Landrace
7,1,1009999,1040000,3,-1.1195,7_0001,TajimaD,Landrace
7,2,1669999,1710000,4,-0.973959,7_0002,TajimaD,Landrace
7,3,3029999,3060000,3,0.988001,7_0003,TajimaD,Landrace
7,4,4269999,4300000,3,2.44912,7_0004,TajimaD,Landrace
7,5,4829999,4860000,3,0.121333,7_0005,TajimaD,Landrace
7,6,5709999,5730000,2,-0.682127,7_0006,TajimaD,Landrace
7,7,5999999,6030000,3,1.71956,7_0007,TajimaD,Landrace
7,8,6279999,6320000,4,0.443769,7_0008,TajimaD,Landrace
7,9,6769999,6790000,2,0.982177,7_0009,TajimaD,Landrace
7,10,7789999,7820000,3,1.47642,7_0010,TajimaD,Landrace
7,11,8629999,8650000,2,2.643825,7_0011,TajimaD,Landrace
7,12,9469999,9520000,5,1.03112,7_0012,TajimaD,Landrace
7,13,9769999,9810000,4,0.520785,7_0013,TajimaD,Landrace
7,14,10009999,10060000,5,3.61609,7_0014,TajimaD,Landrace
7,15,50169999,50220000,5,0.244462,7_0015,TajimaD,Landrace
7,16,58069999,58130000,6,2.126085,7_0016,TajimaD,Landrace
7,17,60649999,60690000,4,1.479675,7_0017,TajimaD,Landrace
7,18,60769999,60800000,3,0.681672,7_0018,TajimaD,Landrace
7,19,61029999,61060000,3,0.980873,7_0019,TajimaD,Landrace
7,20,62039999,62090000,5,0.861697,7_0020,TajimaD,Landrace
7,21,62149999,62170000,2,3.72166,7_0021,TajimaD,Landrace
7,22,62749999,62770000,2,2.005965,7_0022,TajimaD,Landrace
7,23,63469999,63490000,2,3.36744,7_0023,TajimaD,Landrace
7,24,63979999,64010000,3,0.365088,7_0024,TajimaD,Landrace
7,25,64579999,64640000,6,0.955063,7_0025,TajimaD,Landrace
7,26,66139999,66180000,4,1.159725,7_0026,TajimaD,Landrace
7,27,66549999,66590000,4,0.00368500000000005,7_0027,TajimaD,Landrace
7,28,68789999,68820000,3,-1.02043,7_0028,TajimaD,Landrace
8,1,2199999,2220000,2,-1.51172,8_0001,TajimaD,Landrace
8,2,4329999,4380000,6,1.3592345,8_0002,TajimaD,Landrace
8,3,4529999,4570000,4,2.544635,8_0003,TajimaD,Landrace
8,4,4599999,4620000,2,4.531165,8_0004,TajimaD,Landrace
8,5,5239999,5280000,4,1.331965,8_0005,TajimaD,Landrace
8,6,6719999,6750000,3,0.824343,8_0006,TajimaD,Landrace
8,7,9279999,9310000,3,-1.01832,8_0007,TajimaD,Landrace
8,8,10949999,11000000,5,-0.177603,8_0008,TajimaD,Landrace
8,9,13059999,13080000,2,1.8896015,8_0009,TajimaD,Landrace
8,10,14139999,14280000,14,1.760405,8_0010,TajimaD,Landrace
8,11,48529999,48550000,2,3.80366,8_0011,TajimaD,Landrace
8,12,50739999,50780000,4,1.721085,8_0012,TajimaD,Landrace
8,13,51159999,51210000,5,0.506044,8_0013,TajimaD,Landrace
8,14,51809999,51840000,3,1.25641,8_0014,TajimaD,Landrace
8,15,52209999,52270000,6,2.0041,8_0015,TajimaD,Landrace
8,16,52279999,52340000,6,-0.147520685,8_0016,TajimaD,Landrace
8,17,52619999,52680000,6,0.428417,8_0017,TajimaD,Landrace
8,18,53839999,53910000,7,0.835726,8_0018,TajimaD,Landrace
8,19,55259999,55300000,4,0.544753,8_0019,TajimaD,Landrace
8,20,57129999,57180000,5,-0.719564,8_0020,TajimaD,Landrace
8,21,61889999,61930000,4,2.989765,8_0021,TajimaD,Landrace
9,1,2629999,2650000,2,2.60694,9_0001,TajimaD,Landrace
9,2,3249999,3310000,6,1.026321,9_0002,TajimaD,Landrace
9,3,4189999,4220000,3,1.20247,9_0003,TajimaD,Landrace
9,4,5639999,5660000,2,1.477139,9_0004,TajimaD,Landrace
9,5,5939999,5960000,2,1.975145,9_0005,TajimaD,Landrace
9,6,6299999,6350000,5,-0.914715,9_0006,TajimaD,Landrace
9,7,6519999,6570000,5,1.16778,9_0007,TajimaD,Landrace
9,8,9199999,9230000,3,0.699886,9_0008,TajimaD,Landrace
9,9,10879999,11050000,17,0.694172,9_0009,TajimaD,Landrace
9,10,45189999,45220000,3,1.69461,9_0010,TajimaD,Landrace
9,11,45659999,45680000,2,-0.6741365,9_0011,TajimaD,Landrace
9,12,48239999,48300000,6,0.4640525,9_0012,TajimaD,Landrace
9,13,50479999,50510000,3,1.62929,9_0013,TajimaD,Landrace
9,14,51309999,51340000,3,0.383032,9_0014,TajimaD,Landrace
9,15,51879999,51900000,2,2.872295,9_0015,TajimaD,Landrace
9,16,52809999,52830000,2,3.492395,9_0016,TajimaD,Landrace
9,17,54769999,54810000,4,0.142677,9_0017,TajimaD,Landrace
9,18,56219999,56260000,4,1.1989535,9_0018,TajimaD,Landrace
9,19,56309999,56340000,3,2.08556,9_0019,TajimaD,Landrace
9,20,58169999,58210000,4,-0.7481955,9_0020,TajimaD,Landrace
9,21,61459999,61490000,3,2.57953,9_0021,TajimaD,Landrace
9,22,61689999,61720000,3,2.4674,9_0022,TajimaD,Landrace
1,1,4499999,4590000,9,1.67005,1_0001,TajimaD,Wild
1,2,4709999,4730000,2,1.341961975,1_0002,TajimaD,Wild
1,3,5129999,5150000,2,1.890705,1_0003,TajimaD,Wild
1,4,8459999,8510000,5,0.821182,1_0004,TajimaD,Wild
1,5,9539999,9610000,7,1.5311,1_0005,TajimaD,Wild
1,6,10199999,10220000,2,2.02591,1_0006,TajimaD,Wild
1,7,12409999,12450000,4,-0.556201,1_0007,TajimaD,Wild
1,8,13089999,13120000,3,1.40516,1_0008,TajimaD,Wild
1,9,13399999,13460000,6,1.06236,1_0009,TajimaD,Wild
1,10,13979999,14020000,4,1.483575,1_0010,TajimaD,Wild
1,11,16869999,16890000,2,1.2673975,1_0011,TajimaD,Wild
1,12,18449999,18480000,3,0.734679,1_0012,TajimaD,Wild
1,13,24609999,24630000,2,0.387527,1_0013,TajimaD,Wild
1,14,24959999,25000000,4,0.9512975,1_0014,TajimaD,Wild
1,15,25249999,25280000,3,-0.813721,1_0015,TajimaD,Wild
1,16,26269999,26290000,2,1.443012,1_0016,TajimaD,Wild
1,17,27379999,27420000,5,0.806981,1_0017,TajimaD,Wild
1,18,53599999,53640000,4,1.125065,1_0018,TajimaD,Wild
1,19,58829999,58850000,2,0.182025,1_0019,TajimaD,Wild
1,20,61719999,61740000,2,-0.595053,1_0020,TajimaD,Wild
1,21,62029999,62050000,2,0.2108535,1_0021,TajimaD,Wild
1,22,62519999,62540000,2,1.010224,1_0022,TajimaD,Wild
1,23,62909999,62940000,3,-1.05372,1_0023,TajimaD,Wild
1,24,67339999,67390000,5,1.57425,1_0024,TajimaD,Wild
1,25,67669999,67690000,2,1.50104,1_0025,TajimaD,Wild
1,26,67889999,67930000,4,0.959815,1_0026,TajimaD,Wild
1,27,68509999,68530000,2,1.818646,1_0027,TajimaD,Wild
1,28,71729999,71790000,6,1.21289,1_0028,TajimaD,Wild
1,29,72909999,72960000,5,0.851722,1_0029,TajimaD,Wild
1,30,75229999,75280000,5,1.71993,1_0030,TajimaD,Wild
1,31,76249999,76290000,4,0.9898145,1_0031,TajimaD,Wild
1,32,76789999,76820000,3,0.873699,1_0032,TajimaD,Wild
1,33,78139999,78170000,3,1.84,1_0033,TajimaD,Wild
1,34,78959999,78980000,2,0.3662105,1_0034,TajimaD,Wild
1,35,79209999,79230000,2,1.323764,1_0035,TajimaD,Wild
1,36,79539999,79560000,2,0.3466361,1_0036,TajimaD,Wild
1,37,80389999,80440000,5,1.50558,1_0037,TajimaD,Wild
1,38,80929999,80950000,2,1.451685,1_0038,TajimaD,Wild
1,39,81639999,81660000,2,1.0011995,1_0039,TajimaD,Wild
1,40,82719999,82750000,3,1.48892,1_0040,TajimaD,Wild
10,1,4689999,4720000,3,-1.88006,10_0001,TajimaD,Wild
10,2,5439999,5460000,2,-1.378045,10_0002,TajimaD,Wild
10,3,7099999,7130000,3,-0.140513,10_0003,TajimaD,Wild
10,4,7379999,7480000,10,1.170185,10_0004,TajimaD,Wild
10,5,8219999,8290000,7,0.96496,10_0005,TajimaD,Wild
10,6,9029999,9060000,3,0.0441383,10_0006,TajimaD,Wild
10,7,9539999,9580000,5,1.93643,10_0007,TajimaD,Wild
10,8,10239999,10270000,3,1.52339,10_0008,TajimaD,Wild
10,9,10959999,11000000,4,-1.051215,10_0009,TajimaD,Wild
10,10,11049999,11100000,5,-0.176907,10_0010,TajimaD,Wild
10,11,11759999,11830000,7,0.354454,10_0011,TajimaD,Wild
10,12,14309999,14330000,2,0.78468,10_0012,TajimaD,Wild
10,13,15679999,15710000,3,-1.3283,10_0013,TajimaD,Wild
10,14,16489999,16520000,3,-0.542528,10_0014,TajimaD,Wild
10,15,18519999,18540000,2,1.1443155,10_0015,TajimaD,Wild
10,16,18889999,18920000,3,1.24509,10_0016,TajimaD,Wild
10,17,20689999,20730000,4,-0.006078,10_0017,TajimaD,Wild
10,18,46339999,46370000,3,0.730646,10_0018,TajimaD,Wild
10,19,50119999,50140000,2,0.6010384,10_0019,TajimaD,Wild
10,20,52269999,52310000,4,1.690485,10_0020,TajimaD,Wild
10,21,52329999,52360000,3,0.687417,10_0021,TajimaD,Wild
10,22,53669999,53690000,2,0.736543,10_0022,TajimaD,Wild
10,23,55929999,55970000,4,0.736034,10_0023,TajimaD,Wild
10,24,56159999,56180000,2,1.99527,10_0024,TajimaD,Wild
10,25,56509999,56550000,4,1.372212,10_0025,TajimaD,Wild
10,26,56749999,56780000,3,0.514822,10_0026,TajimaD,Wild
10,27,57369999,57400000,3,0.593298,10_0027,TajimaD,Wild
10,28,57719999,57750000,4,0.990191,10_0028,TajimaD,Wild
10,29,58209999,58230000,2,0.5085045,10_0029,TajimaD,Wild
10,30,58759999,58780000,2,1.66637,10_0030,TajimaD,Wild
10,31,58819999,58870000,5,-0.502964,10_0031,TajimaD,Wild
10,32,61509999,61650000,14,0.7066355,10_0032,TajimaD,Wild
2,1,619999,650000,3,-0.335873,2_0001,TajimaD,Wild
2,2,1069999,1090000,2,1.57972,2_0002,TajimaD,Wild
2,3,3889999,3910000,2,2.72517,2_0003,TajimaD,Wild
2,4,4289999,4330000,4,1.3859925,2_0004,TajimaD,Wild
2,5,4659999,4690000,3,0.145456,2_0005,TajimaD,Wild
2,6,5869999,5920000,5,-0.49332,2_0006,TajimaD,Wild
2,7,6879999,6930000,5,1.08255,2_0007,TajimaD,Wild
2,8,7099999,7120000,2,2.06307,2_0008,TajimaD,Wild
2,9,8679999,8710000,3,-0.659729,2_0009,TajimaD,Wild
2,10,9519999,9560000,4,1.776045,2_0010,TajimaD,Wild
2,11,10439999,10460000,2,0.7945425,2_0011,TajimaD,Wild
2,12,10849999,10880000,3,1.5429,2_0012,TajimaD,Wild
2,13,11119999,11160000,4,1.288015,2_0013,TajimaD,Wild
2,14,12159999,12220000,6,1.225855,2_0014,TajimaD,Wild
2,15,12979999,13000000,2,1.010519,2_0015,TajimaD,Wild
2,16,16159999,16200000,4,-1.19616,2_0016,TajimaD,Wild
2,17,16829999,16930000,10,-0.293665,2_0017,TajimaD,Wild
2,18,18779999,18810000,3,-0.298573,2_0018,TajimaD,Wild
2,19,20719999,20760000,4,0.5979095,2_0019,TajimaD,Wild
2,20,21369999,21420000,5,-0.917873,2_0020,TajimaD,Wild
2,21,22849999,22880000,3,0.264207,2_0021,TajimaD,Wild
2,22,42079999,42100000,2,-0.415958,2_0022,TajimaD,Wild
2,23,53689999,53710000,2,0.10254095,2_0023,TajimaD,Wild
2,24,56949999,56970000,2,1.38633995,2_0024,TajimaD,Wild
2,25,57019999,57060000,4,0.179632,2_0025,TajimaD,Wild
2,26,57919999,57940000,2,1.194355,2_0026,TajimaD,Wild
2,27,58009999,58030000,2,1.0774735,2_0027,TajimaD,Wild
2,28,58669999,58700000,3,0.116349,2_0028,TajimaD,Wild
2,29,58929999,58950000,2,0.30841,2_0029,TajimaD,Wild
2,30,58989999,59030000,4,1.54582,2_0030,TajimaD,Wild
2,31,59499999,59530000,3,-0.630583,2_0031,TajimaD,Wild
2,32,60909999,60940000,3,0.915024,2_0032,TajimaD,Wild
2,33,60979999,61000000,2,1.3378695,2_0033,TajimaD,Wild
2,34,61009999,61050000,4,1.237125,2_0034,TajimaD,Wild
2,35,61399999,61570000,18,0.7952915,2_0035,TajimaD,Wild
2,36,62269999,62300000,3,1.83763,2_0036,TajimaD,Wild
2,37,62539999,62570000,3,0.850975,2_0037,TajimaD,Wild
2,38,63279999,63340000,6,1.39902,2_0038,TajimaD,Wild
2,39,63399999,63440000,4,1.213207,2_0039,TajimaD,Wild
2,40,63479999,63500000,2,1.004825895,2_0040,TajimaD,Wild
2,41,63619999,63650000,3,0.783498,2_0041,TajimaD,Wild
2,42,63849999,63870000,2,1.090569,2_0042,TajimaD,Wild
2,43,64159999,64180000,2,1.709914,2_0043,TajimaD,Wild
2,44,64899999,64970000,7,0.71473,2_0044,TajimaD,Wild
2,45,65199999,65230000,3,1.35298,2_0045,TajimaD,Wild
2,46,66449999,66480000,4,0.8358485,2_0046,TajimaD,Wild
2,47,67089999,67110000,2,1.676595,2_0047,TajimaD,Wild
2,48,67159999,67210000,5,0.945191,2_0048,TajimaD,Wild
2,49,67749999,67770000,2,1.138365,2_0049,TajimaD,Wild
2,50,68659999,68700000,4,1.0369775,2_0050,TajimaD,Wild
2,51,69069999,69100000,3,1.91911,2_0051,TajimaD,Wild
2,52,69529999,69590000,6,0.873549,2_0052,TajimaD,Wild
2,53,69649999,69680000,4,1.624445,2_0053,TajimaD,Wild
2,54,71229999,71250000,2,0.48818,2_0054,TajimaD,Wild
2,55,71359999,71400000,4,0.31044315,2_0055,TajimaD,Wild
2,56,71869999,71890000,2,0.60459336,2_0056,TajimaD,Wild
2,57,72429999,72460000,3,2.13306,2_0057,TajimaD,Wild
2,58,73279999,73310000,3,-0.796746,2_0058,TajimaD,Wild
2,59,74679999,74750000,7,1.2137,2_0059,TajimaD,Wild
2,60,74789999,74830000,4,0.877887,2_0060,TajimaD,Wild
2,61,74849999,74870000,2,-0.11059,2_0061,TajimaD,Wild
2,62,75429999,75450000,2,1.777995,2_0062,TajimaD,Wild
2,63,75749999,75790000,4,1.3683385,2_0063,TajimaD,Wild
2,64,77239999,77260000,2,1.4874415,2_0064,TajimaD,Wild
3,1,79999,110000,3,-1.3109,3_0001,TajimaD,Wild
3,2,2239999,2280000,4,1.325735,3_0002,TajimaD,Wild
3,3,2839999,2860000,2,1.0107475,3_0003,TajimaD,Wild
3,4,4519999,4610000,9,1.20049,3_0004,TajimaD,Wild
3,5,4679999,4710000,3,1.12208,3_0005,TajimaD,Wild
3,6,4719999,4770000,5,0.787845,3_0006,TajimaD,Wild
3,7,6339999,6360000,2,-0.741866,3_0007,TajimaD,Wild
3,8,6549999,6580000,3,0.682901,3_0008,TajimaD,Wild
3,9,7089999,7110000,2,1.271124,3_0009,TajimaD,Wild
3,10,8479999,8600000,13,1.01631,3_0010,TajimaD,Wild
3,11,9319999,9340000,2,-0.13374585,3_0011,TajimaD,Wild
3,12,9829999,9850000,2,1.67116,3_0012,TajimaD,Wild
3,13,11079999,11110000,3,0.536707,3_0013,TajimaD,Wild
3,14,12869999,12900000,3,-1.88147,3_0014,TajimaD,Wild
3,15,13459999,13510000,5,0.548188,3_0015,TajimaD,Wild
3,16,13529999,13560000,3,-0.911439,3_0016,TajimaD,Wild
3,17,14209999,14240000,3,1.96275,3_0017,TajimaD,Wild
3,18,15689999,15710000,2,0.1862555,3_0018,TajimaD,Wild
3,19,15809999,15880000,7,1.05988,3_0019,TajimaD,Wild
3,20,16009999,16040000,3,0.529531,3_0020,TajimaD,Wild
3,21,16839999,16860000,2,-0.2164495,3_0021,TajimaD,Wild
3,22,18179999,18230000,5,-0.845464,3_0022,TajimaD,Wild
3,23,18659999,18680000,2,1.0803145,3_0023,TajimaD,Wild
3,24,20219999,20250000,3,0.99051,3_0024,TajimaD,Wild
3,25,20469999,20500000,3,-0.35575,3_0025,TajimaD,Wild
3,26,20509999,20540000,3,-0.270011,3_0026,TajimaD,Wild
3,27,56919999,56950000,3,1.72871,3_0027,TajimaD,Wild
3,28,57319999,57380000,6,0.630117,3_0028,TajimaD,Wild
3,29,59549999,59660000,11,0.962939,3_0029,TajimaD,Wild
3,30,61019999,61040000,2,0.417197,3_0030,TajimaD,Wild
3,31,62619999,62650000,3,-1.38816,3_0031,TajimaD,Wild
3,32,62659999,62680000,2,-1.76192,3_0032,TajimaD,Wild
3,33,63049999,63100000,5,-0.220628,3_0033,TajimaD,Wild
3,34,63469999,63490000,2,1.68946,3_0034,TajimaD,Wild
3,35,64399999,64440000,4,0.9966775,3_0035,TajimaD,Wild
3,36,64569999,64590000,2,1.371095,3_0036,TajimaD,Wild
3,37,64849999,64870000,2,0.25166,3_0037,TajimaD,Wild
3,38,65149999,65200000,6,0.3492659,3_0038,TajimaD,Wild
3,39,65989999,66010000,2,1.384375,3_0039,TajimaD,Wild
3,40,66569999,66670000,10,0.5311925,3_0040,TajimaD,Wild
3,41,66869999,66890000,2,-0.9165405,3_0041,TajimaD,Wild
3,42,69919999,69940000,2,1.81494,3_0042,TajimaD,Wild
3,43,70459999,70500000,4,1.45678,3_0043,TajimaD,Wild
3,44,71189999,71210000,2,0.832723,3_0044,TajimaD,Wild
3,45,71999999,72030000,3,1.03828,3_0045,TajimaD,Wild
3,46,72749999,72780000,3,1.79072,3_0046,TajimaD,Wild
3,47,74939999,74990000,5,1.32796,3_0047,TajimaD,Wild
3,48,75519999,75570000,5,0.575922,3_0048,TajimaD,Wild
3,49,76479999,76510000,3,1.88686,3_0049,TajimaD,Wild
3,50,77149999,77200000,5,1.20162,3_0050,TajimaD,Wild
3,51,77249999,77280000,3,0.890351,3_0051,TajimaD,Wild
3,52,77329999,77390000,6,1.36934,3_0052,TajimaD,Wild
3,53,77629999,77700000,7,-0.0742007,3_0053,TajimaD,Wild
3,54,78029999,78060000,3,-0.392026,3_0054,TajimaD,Wild
3,55,79809999,79830000,2,1.11049,3_0055,TajimaD,Wild
3,56,80159999,80190000,3,0.724771,3_0056,TajimaD,Wild
4,1,239999,270000,3,1.08911,4_0001,TajimaD,Wild
4,2,279999,320000,4,1.5411395,4_0002,TajimaD,Wild
4,3,1359999,1390000,3,2.12725,4_0003,TajimaD,Wild
4,4,1599999,1620000,2,0.9889245,4_0004,TajimaD,Wild
4,5,3219999,3240000,2,1.142989,4_0005,TajimaD,Wild
4,6,4019999,4060000,4,-0.80173,4_0006,TajimaD,Wild
4,7,4609999,4630000,2,1.3086895,4_0007,TajimaD,Wild
4,8,5469999,5500000,3,1.88155,4_0008,TajimaD,Wild
4,9,5999999,6020000,2,-0.818406,4_0009,TajimaD,Wild
4,10,6169999,6230000,7,-0.11113,4_0010,TajimaD,Wild
4,11,7229999,7260000,3,0.42619,4_0011,TajimaD,Wild
4,12,7719999,7730000,1,0.256461,4_0012,TajimaD,Wild
4,13,7739999,7770000,3,0.897992,4_0013,TajimaD,Wild
4,14,7939999,7970000,3,0.995174,4_0014,TajimaD,Wild
4,15,9609999,9650000,4,0.020244,4_0015,TajimaD,Wild
4,16,10899999,10940000,4,0.1851325,4_0016,TajimaD,Wild
4,17,13169999,13240000,7,-1.79504,4_0017,TajimaD,Wild
4,18,48009999,48080000,7,-0.110707,4_0018,TajimaD,Wild
4,19,52049999,52130000,8,0.457664,4_0019,TajimaD,Wild
4,20,52519999,52550000,3,1.18347,4_0020,TajimaD,Wild
4,21,53219999,53250000,3,1.17184,4_0021,TajimaD,Wild
4,22,53889999,53940000,5,0.86305,4_0022,TajimaD,Wild
4,23,54359999,54400000,4,0.479022,4_0023,TajimaD,Wild
4,24,54499999,54530000,3,2.25638,4_0024,TajimaD,Wild
4,25,54969999,55000000,3,0.281882,4_0025,TajimaD,Wild
4,26,56409999,56430000,2,1.536295,4_0026,TajimaD,Wild
4,27,56589999,56620000,3,1.77807,4_0027,TajimaD,Wild
4,28,56969999,57010000,4,-0.759511,4_0028,TajimaD,Wild
4,29,57199999,57240000,4,0.5050225,4_0029,TajimaD,Wild
4,30,57269999,57300000,3,0.792191,4_0030,TajimaD,Wild
4,31,58079999,58140000,6,0.6554975,4_0031,TajimaD,Wild
4,32,58359999,58410000,5,1.10946,4_0032,TajimaD,Wild
4,33,64349999,64390000,4,0.618972,4_0033,TajimaD,Wild
4,34,66809999,66840000,3,1.28555,4_0034,TajimaD,Wild
4,35,67579999,67610000,3,0.276739,4_0035,TajimaD,Wild
4,36,67749999,67790000,4,1.14655,4_0036,TajimaD,Wild
4,37,67839999,67900000,6,1.96683,4_0037,TajimaD,Wild
4,38,67949999,68010000,6,0.654641,4_0038,TajimaD,Wild
4,39,68129999,68150000,2,1.0590845,4_0039,TajimaD,Wild
4,40,68259999,68280000,2,1.164569,4_0040,TajimaD,Wild
4,41,68399999,68480000,9,-0.701866,4_0041,TajimaD,Wild
4,42,69469999,69510000,4,1.17546,4_0042,TajimaD,Wild
4,43,70579999,70610000,3,1.07321,4_0043,TajimaD,Wild
5,1,1849999,1880000,3,0.945256,5_0001,TajimaD,Wild
5,2,2359999,2380000,2,-0.245367,5_0002,TajimaD,Wild
5,3,3269999,3290000,2,1.5103545,5_0003,TajimaD,Wild
5,4,6269999,6300000,3,0.00677308,5_0004,TajimaD,Wild
5,5,12669999,12700000,3,1.74544,5_0005,TajimaD,Wild
5,6,15749999,15780000,3,-0.897351,5_0006,TajimaD,Wild
5,7,16129999,16160000,3,0.216922,5_0007,TajimaD,Wild
5,8,16369999,16430000,6,1.0126405,5_0008,TajimaD,Wild
5,9,16729999,16760000,3,-0.484299,5_0009,TajimaD,Wild
5,10,16999999,17030000,3,1.39059,5_0010,TajimaD,Wild
5,11,17969999,18080000,11,1.21011,5_0011,TajimaD,Wild
5,12,55199999,55210000,1,2.72871,5_0012,TajimaD,Wild
5,13,55449999,55490000,4,1.48323,5_0013,TajimaD,Wild
5,14,55889999,55980000,9,1.22429,5_0014,TajimaD,Wild
5,15,57389999,57410000,2,0.01461,5_0015,TajimaD,Wild
5,16,57619999,57660000,4,-0.160322,5_0016,TajimaD,Wild
5,17,59469999,59510000,4,-0.393613,5_0017,TajimaD,Wild
5,18,60029999,60170000,17,1.13143,5_0018,TajimaD,Wild
5,19,62959999,62990000,3,-0.789769,5_0019,TajimaD,Wild
5,20,63029999,63070000,4,-0.278248,5_0020,TajimaD,Wild
5,21,63989999,64040000,5,1.05991,5_0021,TajimaD,Wild
5,22,66789999,66840000,5,1.70007,5_0022,TajimaD,Wild
5,23,66959999,66990000,3,0.928371,5_0023,TajimaD,Wild
5,24,67139999,67160000,2,0.7754805,5_0024,TajimaD,Wild
5,25,67429999,67470000,4,1.1310885,5_0025,TajimaD,Wild
5,26,68139999,68190000,5,0.841297,5_0026,TajimaD,Wild
5,27,70499999,70550000,5,0.580399,5_0027,TajimaD,Wild
5,28,73279999,73340000,6,-0.2131865,5_0028,TajimaD,Wild
5,29,74169999,74190000,2,1.94949,5_0029,TajimaD,Wild
5,30,74289999,74300000,1,-1.1642,5_0030,TajimaD,Wild
5,31,74309999,74390000,8,1.184175,5_0031,TajimaD,Wild
5,32,74459999,74490000,3,0.911038,5_0032,TajimaD,Wild
5,33,74719999,74750000,3,0.463251,5_0033,TajimaD,Wild
5,34,74919999,74940000,2,2.171115,5_0034,TajimaD,Wild
6,1,3409999,3430000,2,-0.221562,6_0001,TajimaD,Wild
6,2,4439999,4470000,3,0.405417,6_0002,TajimaD,Wild
6,3,6759999,6790000,3,-0.461745,6_0003,TajimaD,Wild
6,4,7599999,7640000,4,-0.53739125,6_0004,TajimaD,Wild
6,5,8209999,8240000,3,-1.70861,6_0005,TajimaD,Wild
6,6,10409999,10450000,4,0.869134,6_0006,TajimaD,Wild
6,7,10459999,10510000,5,-1.00118,6_0007,TajimaD,Wild
6,8,39249999,39280000,3,-0.464078,6_0008,TajimaD,Wild
6,9,40739999,40780000,4,0.6634185,6_0009,TajimaD,Wild
6,10,40919999,40970000,6,0.3072095,6_0010,TajimaD,Wild
6,11,41579999,41610000,3,-0.678623,6_0011,TajimaD,Wild
6,12,43079999,43130000,5,-1.85451,6_0012,TajimaD,Wild
6,13,45769999,45790000,2,1.44227,6_0013,TajimaD,Wild
6,14,45969999,45990000,2,1.062497,6_0014,TajimaD,Wild
6,15,50649999,50680000,3,0.845765,6_0015,TajimaD,Wild
6,16,51289999,51320000,3,0.806729,6_0016,TajimaD,Wild
6,17,51619999,51650000,3,0.0274562,6_0017,TajimaD,Wild
6,18,52079999,52150000,7,1.51403,6_0018,TajimaD,Wild
6,19,52899999,52940000,4,-1.551995,6_0019,TajimaD,Wild
6,20,53919999,53950000,3,0.25851,6_0020,TajimaD,Wild
6,21,54309999,54360000,5,0.251908,6_0021,TajimaD,Wild
6,22,57089999,57140000,5,1.28873,6_0022,TajimaD,Wild
6,23,57759999,57800000,4,1.40401,6_0023,TajimaD,Wild
6,24,58789999,58980000,19,1.11472,6_0024,TajimaD,Wild
6,25,59049999,59090000,4,1.322615,6_0025,TajimaD,Wild
6,26,59709999,59750000,4,1.474134,6_0026,TajimaD,Wild
6,27,61069999,61090000,2,1.81096,6_0027,TajimaD,Wild
6,28,61419999,61460000,4,0.426004,6_0028,TajimaD,Wild
6,29,61919999,61940000,2,0.1917935,6_0029,TajimaD,Wild
6,30,62529999,62550000,2,-0.282653,6_0030,TajimaD,Wild
6,31,62569999,62640000,7,0.7416,6_0031,TajimaD,Wild
7,1,1009999,1040000,3,0.339021,7_0001,TajimaD,Wild
7,2,3019999,3080000,6,0.250205,7_0002,TajimaD,Wild
7,3,3609999,3650000,4,0.961714,7_0003,TajimaD,Wild
7,4,5549999,5580000,3,1.54235,7_0004,TajimaD,Wild
7,5,5709999,5730000,2,-1.42946,7_0005,TajimaD,Wild
7,6,5899999,5930000,3,1.68338,7_0006,TajimaD,Wild
7,7,6759999,6790000,3,0.985176,7_0007,TajimaD,Wild
7,8,7799999,7820000,2,1.575385,7_0008,TajimaD,Wild
7,9,8209999,8230000,2,-0.6353435,7_0009,TajimaD,Wild
7,10,9069999,9100000,3,0.863991,7_0010,TajimaD,Wild
7,11,9779999,9800000,2,1.31637,7_0011,TajimaD,Wild
7,12,10019999,10050000,4,1.75698,7_0012,TajimaD,Wild
7,13,12969999,12990000,2,0.535612,7_0013,TajimaD,Wild
7,14,13769999,13810000,4,-0.5952695,7_0014,TajimaD,Wild
7,15,15689999,15710000,2,-0.00845399999999999,7_0015,TajimaD,Wild
7,16,15789999,15850000,6,-1.2564,7_0016,TajimaD,Wild
7,17,54629999,54670000,4,-1.67827,7_0017,TajimaD,Wild
7,18,54919999,54940000,2,-0.7822865,7_0018,TajimaD,Wild
7,19,58069999,58100000,3,0.0237167,7_0019,TajimaD,Wild
7,20,59809999,59830000,2,0.8700325,7_0020,TajimaD,Wild
7,21,60249999,60300000,5,1.00891,7_0021,TajimaD,Wild
7,22,60569999,60630000,6,0.1101906,7_0022,TajimaD,Wild
7,23,60649999,60670000,2,0.7971515,7_0023,TajimaD,Wild
7,24,60719999,60750000,3,0.677426,7_0024,TajimaD,Wild
7,25,60769999,60800000,3,0.43242,7_0025,TajimaD,Wild
7,26,60839999,60900000,6,0.925391,7_0026,TajimaD,Wild
7,27,61939999,61970000,3,0.437101,7_0027,TajimaD,Wild
7,28,62149999,62170000,2,0.5985025,7_0028,TajimaD,Wild
7,29,62199999,62230000,3,1.38146,7_0029,TajimaD,Wild
7,30,64069999,64110000,4,1.71591,7_0030,TajimaD,Wild
7,31,66119999,66180000,6,1.48013,7_0031,TajimaD,Wild
7,32,66549999,66590000,4,-0.2467475,7_0032,TajimaD,Wild
7,33,68729999,68800000,7,0.658548,7_0033,TajimaD,Wild
8,1,59999,90000,3,-0.202406,8_0001,TajimaD,Wild
8,2,1409999,1470000,6,1.22565,8_0002,TajimaD,Wild
8,3,1479999,1510000,3,1.81605,8_0003,TajimaD,Wild
8,4,1599999,1630000,3,0.504216,8_0004,TajimaD,Wild
8,5,2339999,2360000,2,1.1173115,8_0005,TajimaD,Wild
8,6,4519999,4550000,3,1.6932,8_0006,TajimaD,Wild
8,7,4599999,4630000,3,0.756965,8_0007,TajimaD,Wild
8,8,5239999,5400000,17,0.700868,8_0008,TajimaD,Wild
8,9,6159999,6180000,2,1.015479,8_0009,TajimaD,Wild
8,10,6539999,6570000,3,-0.12634,8_0010,TajimaD,Wild
8,11,6719999,6750000,3,-0.343851,8_0011,TajimaD,Wild
8,12,7269999,7310000,4,-1.606955,8_0012,TajimaD,Wild
8,13,7979999,8000000,2,0.66446,8_0013,TajimaD,Wild
8,14,9269999,9310000,4,-1.183397,8_0014,TajimaD,Wild
8,15,10929999,11000000,7,-0.521946,8_0015,TajimaD,Wild
8,16,11799999,11820000,2,1.0233865,8_0016,TajimaD,Wild
8,17,16099999,16140000,4,0.55619966,8_0017,TajimaD,Wild
8,18,47809999,47830000,2,0.594563,8_0018,TajimaD,Wild
8,19,52319999,52340000,2,-0.06056,8_0019,TajimaD,Wild
8,20,53849999,53920000,7,-1.43399,8_0020,TajimaD,Wild
8,21,54739999,54770000,3,1.72789,8_0021,TajimaD,Wild
8,22,54789999,54810000,2,1.245581,8_0022,TajimaD,Wild
8,23,54839999,54930000,10,0.7290195,8_0023,TajimaD,Wild
8,24,55269999,55290000,2,0.0027325,8_0024,TajimaD,Wild
8,25,56109999,56150000,4,0.927526,8_0025,TajimaD,Wild
8,26,57139999,57170000,3,-0.489253,8_0026,TajimaD,Wild
8,27,58599999,58710000,12,0.694825,8_0027,TajimaD,Wild
8,28,60769999,60800000,3,0.646281,8_0028,TajimaD,Wild
8,29,61339999,61370000,3,1.19033,8_0029,TajimaD,Wild
8,30,62839999,62860000,2,1.050918,8_0030,TajimaD,Wild
8,31,63599999,63630000,3,1.20773,8_0031,TajimaD,Wild
8,32,64739999,64780000,4,1.076737,8_0032,TajimaD,Wild
8,33,65139999,65180000,4,0.0217229,8_0033,TajimaD,Wild
9,1,179999,210000,3,1.70015,9_0001,TajimaD,Wild
9,2,1769999,1800000,3,1.00343,9_0002,TajimaD,Wild
9,3,2069999,2100000,3,0.113143,9_0003,TajimaD,Wild
9,4,2279999,2310000,3,0.11912,9_0004,TajimaD,Wild
9,5,2629999,2650000,2,1.177236,9_0005,TajimaD,Wild
9,6,2899999,3060000,16,0.732148,9_0006,TajimaD,Wild
9,7,3339999,3360000,2,1.619,9_0007,TajimaD,Wild
9,8,4159999,4240000,8,1.52977,9_0008,TajimaD,Wild
9,9,4299999,4350000,5,1.33172,9_0009,TajimaD,Wild
9,10,4359999,4430000,7,0.795078,9_0010,TajimaD,Wild
9,11,4569999,4590000,2,1.33693,9_0011,TajimaD,Wild
9,12,4999999,5090000,9,-1.53022,9_0012,TajimaD,Wild
9,13,5349999,5380000,3,1.41963,9_0013,TajimaD,Wild
9,14,6039999,6050000,1,1.09825,9_0014,TajimaD,Wild
9,15,6059999,6090000,3,1.59256,9_0015,TajimaD,Wild
9,16,6299999,6360000,6,0.8676485,9_0016,TajimaD,Wild
9,17,6539999,6560000,2,0.898878,9_0017,TajimaD,Wild
9,18,8889999,8920000,3,0.434566,9_0018,TajimaD,Wild
9,19,10899999,10940000,4,-0.156817,9_0019,TajimaD,Wild
9,20,10959999,11040000,8,0.631787,9_0020,TajimaD,Wild
9,21,43629999,43650000,2,0.1210005,9_0021,TajimaD,Wild
9,22,45189999,45220000,3,0.517365,9_0022,TajimaD,Wild
9,23,48239999,48270000,3,0.763347,9_0023,TajimaD,Wild
9,24,50059999,50090000,3,-0.327779,9_0024,TajimaD,Wild
9,25,51299999,51350000,6,1.49201,9_0025,TajimaD,Wild
9,26,51359999,51380000,2,0.209847,9_0026,TajimaD,Wild
9,27,51539999,51570000,3,1.18833,9_0027,TajimaD,Wild
9,28,51879999,51900000,2,0.8903805,9_0028,TajimaD,Wild
9,29,54789999,54850000,6,0.4949395,9_0029,TajimaD,Wild
9,30,55849999,55890000,4,1.201835,9_0030,TajimaD,Wild
9,31,56219999,56310000,10,1.04937,9_0031,TajimaD,Wild
9,32,56849999,56880000,3,-1.039,9_0032,TajimaD,Wild
9,33,56899999,56920000,2,0.6192625,9_0033,TajimaD,Wild
9,34,57409999,57430000,2,0.755898,9_0034,TajimaD,Wild
9,35,57459999,57490000,3,0.0295447,9_0035,TajimaD,Wild
9,36,58139999,58210000,7,0.701783,9_0036,TajimaD,Wild
9,37,58549999,58590000,4,-1.278755,9_0037,TajimaD,Wild
9,38,58779999,58800000,2,1.4928915,9_0038,TajimaD,Wild
9,39,59099999,59140000,4,-0.6973485,9_0039,TajimaD,Wild
9,40,59989999,60030000,4,0.338602,9_0040,TajimaD,Wild
9,41,61659999,61710000,5,1.09858,9_0041,TajimaD,Wild
9,42,62729999,62790000,6,1.4613575,9_0042,TajimaD,Wild
