sample	group	Genetic_load_sum	N_del_sum	n_chr_rows	Abs_genetic_load
[5]030-1:GT	improved	-280495.332278	71801	10	280495.332278
[6]08-64:GT	improved	-314101.625242	80313	10	314101.625242
[7]1101:GT	improved	-298054.753391	76184	10	298054.753391
[8]1121:GT	improved	-330642.783877	84465	10	330642.783877
[9]1127:GT	improved	-315843.806546	80713	10	315843.806546
[10]11430:GT	improved	-268874.38024	68951	10	268874.38024
[11]1145:GT	improved	-315211.15277	80568	10	315211.15277
[12]1205A:GT	improved	-228063.336679	57956	10	228063.336679
[13]1313:GT	improved	-303495.29161	77660	10	303495.29161
[14]140:GT	improved	-296509.805882	76242	10	296509.805882
[15]150-4:GT	improved	-317610.926574	81084	10	317610.926574
[16]1538:GT	improved	-285865.195007	73165	10	285865.195007
[17]1610:GT	improved	-208730.328576	53326	10	208730.328576
[18]1614:GT	improved	-216354.08865	55145	10	216354.08865
[19]17564:GT	improved	-317709.46671	81344	10	317709.46671
[20]18:GT	improved	-330039.517028	84244	10	330039.517028
[21]18-599:GT	improved	-331203.987204	84512	10	331203.987204
[22]196:GT	improved	-340605.898129	87215	10	340605.898129
[23]200-24-13413:GT	improved	-297333.370092	76287	10	297333.370092
[24]2005:GT	improved	-289174.695781	74071	10	289174.695781
[25]2005-4:GT	improved	-323582.162843	82901	10	323582.162843
[26]200B:GT	improved	-319926.745256	81737	10	319926.745256
[27]20564:GT	improved	-302174.030666	77369	10	302174.030666
[28]207:GT	improved	-296764.433203	75828	10	296764.433203
[29]20762:GT	improved	-305165.653844	78072	10	305165.653844
[30]20837:GT	improved	-307141.095702	78498	10	307141.095702
[31]2369:GT	improved	-85979.917213	21929	10	85979.917213
[32]282set_33-16:GT	improved	-298836.4259	76540	10	298836.4259
[33]282set_38-11Goodman-Buckler:GT	improved	-295952.516138	75762	10	295952.516138
[34]282set_4226:GT	improved	-303905.827845	77657	10	303905.827845
[35]282set_4722:GT	improved	-309021.104458	79157	10	309021.104458
[36]282set_A188:GT	improved	-304703.891868	78159	10	304703.891868
[37]282set_A214NGoodman-Buckler:GT	improved	-244436.311486	62872	10	244436.311486
[38]282set_A239:GT	improved	-301297.855581	76749	10	301297.855581
[39]282set_A441-5:GT	improved	-297455.72893	76343	10	297455.72893
[40]282set_A554:GT	improved	-292873.386385	75066	10	292873.386385
[41]282set_A556:GT	improved	-288687.805411	73820	10	288687.805411
[42]282set_A6:GT	improved	-304938.363256	78323	10	304938.363256
[43]282set_A619:GT	improved	-312660.744911	79997	10	312660.744911
[44]282set_A632:GT	improved	-241146.388492	61753	10	241146.388492
[45]282set_A634:GT	improved	-240830.564347	61760	10	240830.564347
[46]282set_A635:GT	improved	-226584.468079	58174	10	226584.468079
[47]282set_A641:GT	improved	-268621.698716	68765	10	268621.698716
[48]282set_A654:GT	improved	-299576.786973	76919	10	299576.786973
[49]282set_A659:GT	improved	-294744.442894	75374	10	294744.442894
[50]282set_A661:GT	improved	-292268.010293	75001	10	292268.010293
[51]282set_A679:GT	improved	-70463.280629	17878	10	70463.280629
[52]282set_A680:GT	improved	-31111.926846	8003	10	31111.926846
[53]282set_A682:GT	improved	-310483.829895	79316	10	310483.829895
[54]282set_Ab28A:GT	improved	-294059.782339	75383	10	294059.782339
[55]282set_B10:GT	improved	-246577.988928	63164	10	246577.988928
[56]282set_B103:GT	improved	-291759.102973	74507	10	291759.102973
[57]282set_B104:GT	improved	-177673.19414	45588	10	177673.19414
[58]282set_B105:GT	improved	-240028.895033	61535	10	240028.895033
[59]282set_B109:GT	improved	-57050.378292	14546	10	57050.378292
[60]282set_B14A:GT	improved	-207200.018101	53112	10	207200.018101
[61]282set_B164:GT	improved	-282649.62097	72380	10	282649.62097
[62]282set_B2:GT	improved	-284668.630661	72858	10	284668.630661
[63]282set_B37:GT	improved	-257890.127367	65941	10	257890.127367
[64]282set_B46:GT	improved	-285912.150638	73022	10	285912.150638
[65]282set_B52:GT	improved	-286941.470843	73460	10	286941.470843
[66]282set_B57:GT	improved	-299830.532187	76794	10	299830.532187
[67]282set_B64:GT	improved	-252114.718534	64509	10	252114.718534
[68]282set_B68:GT	improved	-239358.29505	61413	10	239358.29505
[69]282set_B73:GT	improved	-1743.753186	432	10	1743.753186
[70]282set_B75:GT	improved	-287077.003332	73464	10	287077.003332
[71]282set_B76:GT	improved	-261249.131742	66821	10	261249.131742
[72]282set_B77:GT	improved	-309572.154316	79312	10	309572.154316
[73]282set_B79:GT	improved	-282259.493454	72349	10	282259.493454
[74]282set_B84:GT	improved	-172737.379626	44173	10	172737.379626
[75]282set_C103:GT	improved	-327203.218852	83439	10	327203.218852
[76]282set_C123:GT	improved	-317467.730246	81179	10	317467.730246
[77]282set_C49A:GT	improved	-300307.722187	77091	10	300307.722187
[78]282set_CH701-30:GT	improved	-287918.102141	73774	10	287918.102141
[79]282set_CH9:GT	improved	-295955.834617	75672	10	295955.834617
[80]282set_CI187-2:GT	improved	-278181.10041	70999	10	278181.10041
[81]282set_CI21E:GT	improved	-265847.336008	68179	10	265847.336008
[82]282set_CI28AGoodman-Buckler:GT	improved	-293167.901195	75149	10	293167.901195
[83]282set_CI31A:GT	improved	-295544.874592	75587	10	295544.874592
[84]282set_CI3A:GT	improved	-301904.156236	77348	10	301904.156236
[85]282set_CI64:GT	improved	-301367.412955	77436	10	301367.412955
[86]282set_CI66:GT	improved	-300971.592516	77178	10	300971.592516
[87]282set_Ci7Goodman-Buckler:GT	improved	-293093.311036	74916	10	293093.311036
[88]282set_Ci90CGoodman-Buckler:GT	improved	-293477.715602	75170	10	293477.715602
[89]282set_Ci91BGoodman-Buckler:GT	improved	-275280.134885	70370	10	275280.134885
[90]282set_CM105:GT	improved	-253244.303101	64929	10	253244.303101
[91]282set_CM37:GT	improved	-298697.180963	76391	10	298697.180963
[92]282set_CM7:GT	improved	-298256.180191	76292	10	298256.180191
[93]282set_CML10:GT	improved	-305346.810037	78545	10	305346.810037
[94]282set_CML108:GT	improved	-300583.663791	77262	10	300583.663791
[95]282set_CML11:GT	improved	-304086.389072	78226	10	304086.389072
[96]282set_CML14:GT	improved	-300978.220861	77364	10	300978.220861
[97]282set_CML154Q:GT	improved	-306482.089761	78785	10	306482.089761
[98]282set_CML157Q:GT	improved	-304026.139823	78057	10	304026.139823
[99]282set_CML158Q:GT	improved	-303863.757058	77999	10	303863.757058
[100]282set_CML218:GT	improved	-308511.840978	79406	10	308511.840978
[101]282set_CML220:GT	improved	-302667.498698	77755	10	302667.498698
[102]282set_CML228:GT	improved	-312426.531684	80191	10	312426.531684
[103]282set_CML238:GT	improved	-304289.263981	78202	10	304289.263981
[104]282set_CML247:GT	improved	-308671.403888	79234	10	308671.403888
[105]282set_CML254:GT	improved	-301208.498663	77410	10	301208.498663
[106]282set_CML258:GT	improved	-300681.873188	77351	10	300681.873188
[107]282set_CML261:GT	improved	-296171.796491	76142	10	296171.796491
[108]282set_CML264:GT	improved	-302187.973823	77831	10	302187.973823
[109]282set_CML277:GT	improved	-305932.987734	78690	10	305932.987734
[110]282set_CML281:GT	improved	-303805.39703	78089	10	303805.39703
[111]282set_CML287:GT	improved	-304609.672628	78230	10	304609.672628
[112]282set_CML311:GT	improved	-305985.133185	78621	10	305985.133185
[113]282set_CML314:GT	improved	-300369.435343	77173	10	300369.435343
[114]282set_CML321:GT	improved	-302830.073269	77881	10	302830.073269
[115]282set_CML322:GT	improved	-304525.57383	78174	10	304525.57383
[116]282set_CML323:GT	improved	-301029.347526	77393	10	301029.347526
[117]282set_CML328:GT	improved	-311055.146768	79861	10	311055.146768
[118]282set_CML331:GT	improved	-304666.465862	78223	10	304666.465862
[119]282set_CML332:GT	improved	-303672.877771	77942	10	303672.877771
[120]282set_CML333:GT	improved	-305605.959131	78515	10	305605.959131
[121]282set_CML341:GT	improved	-301353.452404	77687	10	301353.452404
[122]282set_CML38:GT	improved	-306565.271697	78800	10	306565.271697
[123]282set_CML45:GT	improved	-312168.541325	80154	10	312168.541325
[124]282set_CML5:GT	improved	-303629.311706	78103	10	303629.311706
[125]282set_CML52:GT	improved	-307733.604132	79030	10	307733.604132
[126]282set_CML61:GT	improved	-303836.809784	78013	10	303836.809784
[127]282set_CML69:GT	improved	-306413.893944	78660	10	306413.893944
[128]282set_CML77:GT	improved	-302588.109047	77660	10	302588.109047
[129]282set_CML91:GT	improved	-299943.740109	77210	10	299943.740109
[130]282set_CML92:GT	improved	-298941.644536	76783	10	298941.644536
[131]282set_CMV3:GT	improved	-304259.417085	78220	10	304259.417085
[132]282set_CO106:GT	improved	-300776.045862	77166	10	300776.045862
[133]282set_CO125:GT	improved	-295566.809301	75823	10	295566.809301
[134]282set_CO255:GT	improved	-311741.77043	79869	10	311741.77043
[135]282set_D940Y:GT	improved	-307068.268854	78696	10	307068.268854
[136]282set_DE1:GT	improved	-303056.911927	77552	10	303056.911927
[137]282set_DE-2:GT	improved	-298162.768256	76263	10	298162.768256
[138]282set_DE811:GT	improved	-264445.267206	67735	10	264445.267206
[139]282set_E2558W:GT	improved	-296541.145349	76020	10	296541.145349
[140]282set_EP1:GT	improved	-315744.458903	80997	10	315744.458903
[141]282set_F2834T:GT	improved	-301468.097345	77320	10	301468.097345
[142]282set_F6:GT	improved	-304240.128198	78012	10	304240.128198
[143]282set_F7:GT	improved	-320268.940942	82232	10	320268.940942
[144]282set_GA209:GT	improved	-295958.954621	76081	10	295958.954621
[145]282set_GT112:GT	improved	-304680.131124	78114	10	304680.131124
[146]282set_H105W:GT	improved	-260706.085903	66757	10	260706.085903
[147]282set_H49:GT	improved	-295783.332425	75640	10	295783.332425
[148]282set_H84:GT	improved	-263084.978757	67358	10	263084.978757
[149]282set_H91:GT	improved	-218815.612887	56075	10	218815.612887
[150]282set_H95:GT	improved	-303882.39818	77911	10	303882.39818
[151]282set_H99:GT	improved	-300620.758574	77051	10	300620.758574
[152]282set_Hi27Goodman-Buckler:GT	improved	-285522.537354	73317	10	285522.537354
[153]282set_HP301:GT	improved	-301867.231124	77334	10	301867.231124
[154]282set_I137TN:GT	improved	-301764.059866	77543	10	301764.059866
[155]282set_i1677a:GT	improved	-310288.267333	79490	10	310288.267333
[156]282set_I205:GT	improved	-284056.872495	72671	10	284056.872495
[157]282set_I29:GT	improved	-296149.526267	76003	10	296149.526267
[158]282set_IA2132Goodman-Buckler:GT	improved	-301411.520508	77243	10	301411.520508
[159]282set_Ia5125:GT	improved	-305403.028658	78213	10	305403.028658
[160]282set_IDS28:GT	improved	-303626.087687	77952	10	303626.087687
[161]282set_IDS69:GT	improved	-305329.025423	78199	10	305329.025423
[162]282set_IDS91:GT	improved	-304095.033834	77884	10	304095.033834
[163]282set_Il101:GT	improved	-317314.162673	81527	10	317314.162673
[164]282set_Il14H:GT	improved	-314750.176178	80767	10	314750.176178
[165]282set_ILLHy:GT	improved	-262761.182041	67152	10	262761.182041
[166]282set_K148:GT	improved	-300724.017905	77090	10	300724.017905
[167]282set_K4:GT	improved	-296346.513663	75939	10	296346.513663
[168]282set_K55:GT	improved	-296363.543376	75979	10	296363.543376
[169]282set_K64:GT	improved	-295574.642623	75904	10	295574.642623
[170]282set_Ki11:GT	improved	-314372.135471	80630	10	314372.135471
[171]282set_Ki14:GT	improved	-313110.290585	80404	10	313110.290585
[172]282set_Ki2021:GT	improved	-312012.15412	80025	10	312012.15412
[173]282set_Ki21:GT	improved	-315553.587433	80899	10	315553.587433
[174]282set_Ki43:GT	improved	-313943.79142	80525	10	313943.79142
[175]282set_Ki44:GT	improved	-305415.786534	78378	10	305415.786534
[176]282set_Ky21:GT	improved	-292964.208844	75176	10	292964.208844
[177]282set_KY226:GT	improved	-284564.866529	73098	10	284564.866529
[178]282set_KY228:GT	improved	-301734.292687	77292	10	301734.292687
[179]282set_L317:GT	improved	-315709.394646	81056	10	315709.394646
[180]282set_L578:GT	improved	-300231.914946	77124	10	300231.914946
[181]282set_M14:GT	improved	-286135.027219	73293	10	286135.027219
[182]282set_M162W:GT	improved	-307018.225306	78891	10	307018.225306
[183]282set_M37W:GT	improved	-309697.058108	79270	10	309697.058108
[184]282set_MEF156-55-2:GT	improved	-308677.439596	79070	10	308677.439596
[185]282set_Mo17:GT	improved	-317713.502772	81039	10	317713.502772
[186]282set_Mo18W:GT	improved	-304358.98156	78129	10	304358.98156
[187]282set_MO1W:GT	improved	-297973.855965	76232	10	297973.855965
[188]282set_Mo24W:GT	improved	-300745.805861	77136	10	300745.805861
[189]282set_Mo44:GT	improved	-290043.551535	74115	10	290043.551535
[190]282set_Mo45:GT	improved	-303574.122971	77624	10	303574.122971
[191]282set_Mo46:GT	improved	-299225.785496	76734	10	299225.785496
[192]282set_Mo47:GT	improved	-284629.247966	73024	10	284629.247966
[193]282set_MoG:GT	improved	-304618.539707	78136	10	304618.539707
[194]282set_Mp339:GT	improved	-298103.948641	76402	10	298103.948641
[195]282set_MS1334:GT	improved	-301423.844901	77272	10	301423.844901
[196]282set_MS153:GT	improved	-297849.786554	76187	10	297849.786554
[197]282set_Mt42:GT	improved	-305627.949355	78264	10	305627.949355
[198]282set_N192:GT	improved	-85452.232701	22049	10	85452.232701
[199]282set_N28Ht:GT	improved	-255623.464927	65404	10	255623.464927
[200]282set_NC222:GT	improved	-299447.793182	76845	10	299447.793182
[201]282set_NC230:GT	improved	-296930.001852	76118	10	296930.001852
[202]282set_NC232:GT	improved	-298331.267911	76553	10	298331.267911
[203]282set_NC236:GT	improved	-292373.677867	74992	10	292373.677867
[204]282set_NC238:GT	improved	-300018.867488	76912	10	300018.867488
[205]282set_NC250:GT	improved	-274532.817299	70424	10	274532.817299
[206]282set_NC258:GT	improved	-315594.607791	80623	10	315594.607791
[207]282set_NC260:GT	improved	-298324.86245	76291	10	298324.86245
[208]282set_NC262:GT	improved	-313238.896044	80104	10	313238.896044
[209]282set_NC264:GT	improved	-306576.749045	78756	10	306576.749045
[210]282set_NC290A:GT	improved	-313887.611954	80355	10	313887.611954
[211]282set_NC294:GT	improved	-130611.050565	33445	10	130611.050565
[212]282set_NC296:GT	improved	-310700.616617	79652	10	310700.616617
[213]282set_NC296A:GT	improved	-306816.517379	78727	10	306816.517379
[214]282set_NC298:GT	improved	-172524.963026	44863	10	172524.963026
[215]282set_NC300:GT	improved	-305027.104857	78213	10	305027.104857
[216]282set_NC302:GT	improved	-312549.34819	80136	10	312549.34819
[217]282set_NC304:GT	improved	-312475.673372	80277	10	312475.673372
[218]282set_NC306:GT	improved	-113480.014823	29028	10	113480.014823
[219]282set_NC310:GT	improved	-58688.285146	15266	10	58688.285146
[220]282set_NC314:GT	improved	-176479.08157	45427	10	176479.08157
[221]282set_NC318:GT	improved	-298126.753341	76518	10	298126.753341
[222]282set_NC320:GT	improved	-300354.407557	77074	10	300354.407557
[223]282set_NC324:GT	improved	-192338.053461	49486	10	192338.053461
[224]282set_NC326:GT	improved	-24559.47602	6381	10	24559.47602
[225]282set_NC328:GT	improved	-49022.517235	12568	10	49022.517235
[226]282set_NC33:GT	improved	-300268.665012	77131	10	300268.665012
[227]282set_NC336:GT	improved	-307828.13442	78899	10	307828.13442
[228]282set_NC338:GT	improved	-308859.856932	79383	10	308859.856932
[229]282set_NC340:GT	improved	-308591.216391	79084	10	308591.216391
[230]282set_NC342:GT	improved	-308988.616315	79073	10	308988.616315
[231]282set_NC344:GT	improved	-313533.096998	80198	10	313533.096998
[232]282set_NC346:GT	improved	-311627.98118	79895	10	311627.98118
[233]282set_NC348:GT	improved	-307872.051777	78861	10	307872.051777
[234]282set_NC350:GT	improved	-308809.964253	79319	10	308809.964253
[235]282set_NC352:GT	improved	-307714.015042	78891	10	307714.015042
[236]282set_NC354:GT	improved	-303414.77482	77965	10	303414.77482
[237]282set_NC356:GT	improved	-311230.904771	80102	10	311230.904771
[238]282set_NC358:GT	improved	-304147.835399	78132	10	304147.835399
[239]282set_NC360:GT	improved	-309994.376672	79472	10	309994.376672
[240]282set_NC362:GT	improved	-313382.476789	80179	10	313382.476789
[241]282set_NC364:GT	improved	-312345.300684	79941	10	312345.300684
[242]282set_NC366:GT	improved	-309268.816791	79380	10	309268.816791
[243]282set_NC368:GT	improved	-135952.556813	34800	10	135952.556813
[244]282set_ND246:GT	improved	-301377.344851	77538	10	301377.344851
[245]282set_Oh40B:GT	improved	-311698.151371	79899	10	311698.151371
[246]282set_Oh43E:GT	improved	-311873.94612	79783	10	311873.94612
[247]282set_Oh603:GT	improved	-301333.765227	77130	10	301333.765227
[248]282set_OH7B:GT	improved	-295292.961332	75633	10	295292.961332
[249]282set_Os420:GT	improved	-285014.487612	72833	10	285014.487612
[250]282set_P39Goodman-Buckler:GT	improved	-322083.268151	82523	10	322083.268151
[251]282set_Pa762:GT	improved	-315156.347544	80630	10	315156.347544
[252]282set_Pa875:GT	improved	-293262.0978	75162	10	293262.0978
[253]282set_Pa880:GT	improved	-291464.694348	74643	10	291464.694348
[254]282set_Pa91:GT	improved	-307837.584877	78773	10	307837.584877
[255]282set_R168:GT	improved	-289725.203911	74217	10	289725.203911
[256]282set_R177:GT	improved	-308851.18637	78994	10	308851.18637
[257]282set_R229:GT	improved	-41447.692346	10617	10	41447.692346
[258]282set_R4:GT	improved	-281111.776096	71891	10	281111.776096
[259]282set_SA24:GT	improved	-303791.64827	77799	10	303791.64827
[260]282set_SC213R:GT	improved	-306721.156163	78704	10	306721.156163
[261]282set_SC357:GT	improved	-300677.033388	77040	10	300677.033388
[262]282set_SC55:GT	improved	-302083.916311	77562	10	302083.916311
[263]282set_SD40:GT	improved	-279236.117456	71324	10	279236.117456
[264]282set_SD44:GT	improved	-286640.427986	73429	10	286640.427986
[265]282set_Sg1533:GT	improved	-303600.405611	77735	10	303600.405611
[266]282set_Sg18:GT	improved	-301172.833251	77148	10	301172.833251
[267]282set_T232:GT	improved	-294034.41469	75369	10	294034.41469
[268]282set_T234:GT	improved	-298029.735769	76405	10	298029.735769
[269]282set_T8:GT	improved	-303390.405844	77653	10	303390.405844
[270]282set_Tx303:GT	improved	-299445.265527	76875	10	299445.265527
[271]282set_Tx601:GT	improved	-304807.012113	78323	10	304807.012113
[272]282set_Tzi10:GT	improved	-307183.798032	78818	10	307183.798032
[273]282set_Tzi11:GT	improved	-295683.035717	75903	10	295683.035717
[274]282set_Tzi16:GT	improved	-287874.615589	73693	10	287874.615589
[275]282set_Tzi18:GT	improved	-306112.745085	78593	10	306112.745085
[276]282set_Tzi25:GT	improved	-255286.626924	65509	10	255286.626924
[277]282set_Tzi8:GT	improved	-300439.678989	77156	10	300439.678989
[278]282set_Tzi9:GT	improved	-308041.956093	79103	10	308041.956093
[279]282set_U267Y:GT	improved	-301514.820603	77335	10	301514.820603
[280]282set_VA102:GT	improved	-304073.808174	77841	10	304073.808174
[281]282set_Va14:GT	improved	-300544.023261	76973	10	300544.023261
[282]282set_Va17:GT	improved	-300532.614513	76984	10	300532.614513
[283]282set_Va22:GT	improved	-309257.179358	79074	10	309257.179358
[284]282set_Va26:GT	improved	-301311.876847	76994	10	301311.876847
[285]282set_Va35:GT	improved	-310046.309195	79332	10	310046.309195
[286]282set_Va59:GT	improved	-314683.498446	80479	10	314683.498446
[287]282set_Va85:GT	improved	-301907.397871	77185	10	301907.397871
[288]282set_Va99:GT	improved	-292416.693514	74905	10	292416.693514
[289]282set_VaW6:GT	improved	-301360.93098	77344	10	301360.93098
[290]282set_W117Ht:GT	improved	-301643.161588	77234	10	301643.161588
[291]282set_W153R:GT	improved	-301684.105066	77139	10	301684.105066
[292]282set_W182B:GT	improved	-297680.322181	76152	10	297680.322181
[293]282set_Wf9:GT	improved	-294000.899754	75199	10	294000.899754
[294]282set_Yu796:GT	improved	-300198.148298	76866	10	300198.148298
[295]29MIBZ2:GT	improved	-302270.409774	77193	10	302270.409774
[296]2FACC:GT	improved	-147680.576645	37921	10	147680.576645
[297]2MA22:GT	improved	-269111.922195	68877	10	269111.922195
[298]3189:GT	improved	-246559.973387	62859	10	246559.973387
[299]32:GT	improved	-169137.177098	43231	10	169137.177098
[300]3335:GT	improved	-249699.00017	63866	10	249699.00017
[301]3489a:GT	improved	-278859.29507	71402	10	278859.29507
[302]3514:GT	improved	-295727.624526	75887	10	295727.624526
[303]3H2:GT	improved	-315601.595302	80802	10	315601.595302
[304]3IBZ2:GT	improved	-294023.623696	75477	10	294023.623696
[305]4003:GT	improved	-320704.507467	81981	10	320704.507467
[306]411:GT	improved	-313518.789361	80394	10	313518.789361
[307]433-7:GT	improved	-282039.179184	72168	10	282039.179184
[308]441950:GT	improved	-282350.754902	72136	10	282350.754902
[309]444:GT	improved	-319354.429422	81693	10	319354.429422
[310]4676A:GT	improved	-259617.447395	66508	10	259617.447395
[311]468-3:GT	improved	-182954.77453	46820	10	182954.77453
[312]4722:GT	improved	-307476.275984	78745	10	307476.275984
[313]4936:GT	improved	-313261.027825	80019	10	313261.027825
[314]4F1:GT	improved	-331543.377254	84722	10	331543.377254
[315]4N506:GT	improved	-107847.067255	27571	10	107847.067255
[316]5023:GT	improved	-314026.359366	80328	10	314026.359366
[317]5032:GT	improved	-314778.386671	80509	10	314778.386671
[318]5707:GT	improved	-313466.480378	80114	10	313466.480378
[319]6:GT	improved	-271084.532543	69355	10	271084.532543
[320]6103:GT	improved	-231790.548301	59310	10	231790.548301
[321]619:GT	improved	-337099.130439	86183	10	337099.130439
[322]624:GT	improved	-232447.876359	59183	10	232447.876359
[323]680:GT	improved	-265611.698296	67889	10	265611.698296
[324]68122:GT	improved	-326586.840138	83443	10	326586.840138
[325]68139:GT	improved	-311217.692938	79513	10	311217.692938
[326]68202:GT	improved	-243325.254108	62145	10	243325.254108
[327]697:GT	improved	-183777.421956	47122	10	183777.421956
[328]698-3:GT	improved	-260742.279908	66622	10	260742.279908
[329]6M502:GT	improved	-305560.07373	78253	10	305560.07373
[330]7026B:GT	improved	-293431.309612	75185	10	293431.309612
[331]707:GT	improved	-307855.029926	78976	10	307855.029926
[332]7146:GT	improved	-314075.868601	80484	10	314075.868601
[333]72-125:GT	improved	-348456.456706	89000	10	348456.456706
[334]7236:GT	improved	-289192.058262	73893	10	289192.058262
[335]7327:GT	improved	-307056.510178	78491	10	307056.510178
[336]740:GT	improved	-313509.915077	80095	10	313509.915077
[337]743:GT	improved	-87843.156234	22530	10	87843.156234
[338]75-14gao:GT	improved	-324141.825436	82853	10	324141.825436
[339]75-24:GT	improved	-312119.147479	80063	10	312119.147479
[340]75-364:GT	improved	-323141.524496	82792	10	323141.524496
[341]757:GT	improved	-252280.857813	64524	10	252280.857813
[342]764:GT	improved	-115074.766397	29554	10	115074.766397
[343]77:GT	improved	-316772.881278	81263	10	316772.881278
[344]779:GT	improved	-290961.870622	74792	10	290961.870622
[345]78002A:GT	improved	-100593.412892	25805	10	100593.412892
[346]78004:GT	improved	-121283.391069	31129	10	121283.391069
[347]78010:GT	improved	-127490.541871	32724	10	127490.541871
[348]78371A:GT	improved	-317222.420364	81052	10	317222.420364
[349]785:GT	improved	-221449.338101	56791	10	221449.338101
[350]78551S:GT	improved	-314211.209893	80271	10	314211.209893
[351]78599:GT	improved	-331547.735232	84631	10	331547.735232
[352]787:GT	improved	-295992.170161	75857	10	295992.170161
[353]7884:GT	improved	-291505.706163	74703	10	291505.706163
[354]790:GT	improved	-108959.147737	28032	10	108959.147737
[355]79028:GT	improved	-295171.260507	75623	10	295171.260507
[356]7903E:GT	improved	-216925.306054	55530	10	216925.306054
[357]79131:GT	improved	-280200.183752	71972	10	280200.183752
[358]792:GT	improved	-131556.107928	33778	10	131556.107928
[359]794:GT	improved	-71667.55464	18434	10	71667.55464
[360]795:GT	improved	-134310.390367	34466	10	134310.390367
[361]802:GT	improved	-314102.103835	80367	10	314102.103835
[362]806A:GT	improved	-245490.262806	62563	10	245490.262806
[363]807:GT	improved	-278466.898198	71228	10	278466.898198
[364]807D:GT	improved	-283476.864771	72376	10	283476.864771
[365]811A:GT	improved	-282786.879314	72178	10	282786.879314
[366]82huangzao4:GT	improved	-211117.718831	54149	10	211117.718831
[367]832:GT	improved	-161765.223355	41121	10	161765.223355
[368]83IBI3:GT	improved	-299480.493528	76636	10	299480.493528
[369]84-126-15-1:GT	improved	-311050.156548	79486	10	311050.156548
[370]85bai64:GT	improved	-311808.020716	79681	10	311808.020716
[371]87001:GT	improved	-316255.433126	80832	10	316255.433126
[372]8701:GT	improved	-308805.55719	78931	10	308805.55719
[373]87916W:GT	improved	-118632.582361	30546	10	118632.582361
[374]897:GT	improved	-322802.054212	82486	10	322802.054212
[375]8982:GT	improved	-317345.906468	81221	10	317345.906468
[376]9058:GT	improved	-326514.855826	83370	10	326514.855826
[377]9101-7:GT	improved	-224825.268496	57433	10	224825.268496
[378]91huang10:GT	improved	-301439.224764	77222	10	301439.224764
[379]91huang15:GT	improved	-311702.353796	79977	10	311702.353796
[380]91huang5:GT	improved	-297764.248027	76387	10	297764.248027
[381]926:GT	improved	-336538.979999	86054	10	336538.979999
[382]928:GT	improved	-335571.291389	85822	10	335571.291389
[383]92huang40:GT	improved	-311893.3268	79644	10	311893.3268
[384]953:GT	improved	-256143.910517	65540	10	256143.910517
[385]96201:GT	improved	-306840.7807	78570	10	306840.7807
[386]9702:GT	improved	-297848.729515	76179	10	297848.729515
[387]9706:GT	improved	-310097.141995	79266	10	310097.141995
[388]9710:GT	improved	-249570.030392	63791	10	249570.030392
[389]98F1:GT	improved	-103272.880011	26657	10	103272.880011
[390]99122:GT	improved	-289344.230567	73927	10	289344.230567
[391]A272:GT	improved	-314915.704227	80928	10	314915.704227
[392]A554:GT	improved	-296920.255735	76092	10	296920.255735
[393]A619:GT	improved	-271149.864935	69501	10	271149.864935
[394]A632:GT	improved	-241815.660088	61903	10	241815.660088
[395]A679:GT	improved	-67704.150409	17199	10	67704.150409
[396]A801:GT	improved	-252294.634117	64641	10	252294.634117
[397]Ay3566:GT	improved	-236255.977686	60457	10	236255.977686
[398]Ay420:GT	improved	-281496.838532	71867	10	281496.838532
[399]B09:GT	improved	-236856.355838	60638	10	236856.355838
[400]B100:GT	improved	-300943.615341	77152	10	300943.615341
[401]B102:GT	improved	-305666.372941	78326	10	305666.372941
[402]B12:GT	improved	-314715.185262	80770	10	314715.185262
[403]B14:GT	improved	-206664.58182	52949	10	206664.58182
[404]B37:GT	improved	-258346.85837	66033	10	258346.85837
[405]B394:GT	improved	-308373.14876	78740	10	308373.14876
[406]B4:GT	improved	-294991.025784	75504	10	294991.025784
[407]B47:GT	improved	-263220.276666	67380	10	263220.276666
[408]B68:GT	improved	-240060.643485	61570	10	240060.643485
[409]B7:GT	improved	-280971.879127	72025	10	280971.879127
[410]B73:GT	improved	-7257.836949	1819	10	7257.836949
[411]B76:GT	improved	-262544.102348	67157	10	262544.102348
[412]B8:GT	improved	-307352.432969	78861	10	307352.432969
[413]B95:GT	improved	-296573.845238	76046	10	296573.845238
[414]B97:GT	improved	-297440.407751	76398	10	297440.407751
[415]B98:GT	improved	-291215.705549	74775	10	291215.705549
[416]bai197:GT	improved	-339292.687727	86782	10	339292.687727
[417]baihe43:GT	improved	-310849.07788	79776	10	310849.07788
[418]baiU8112:GT	improved	-284840.838121	72762	10	284840.838121
[419]bao3040:GT	improved	-279672.285412	71415	10	279672.285412
[420]BC4B:GT	improved	-208450.834395	53400	10	208450.834395
[421]BCC03:GT	improved	-306355.988302	78518	10	306355.988302
[422]Beck:GT	improved	-180277.33848	46295	10	180277.33848
[423]ben7884:GT	improved	-292267.092802	74857	10	292267.092802
[424]BM:GT	improved	-314234.303601	80276	10	314234.303601
[425]BS110:GT	improved	-131539.16811	33779	10	131539.16811
[426]BT1:GT	improved	-312191.144012	79838	10	312191.144012
[427]C103:GT	improved	-309433.206333	79188	10	309433.206333
[428]C13:GT	improved	-319423.559483	81890	10	319423.559483
[429]C166:GT	improved	-334335.6974	85522	10	334335.6974
[430]C521:GT	improved	-305726.901745	78167	10	305726.901745
[431]C8605-2:GT	improved	-244887.094019	62590	10	244887.094019
[432]cai11-8:GT	improved	-318659.252144	81541	10	318659.252144
[433]CAU178:GT	improved	-322420.286066	82346	10	322420.286066
[434]CAU478:GT	improved	-239512.96485	61217	10	239512.96485
[435]CAU5003:GT	improved	-309584.973043	79222	10	309584.973043
[436]CAUCHANG72:GT	improved	-332292.605823	85006	10	332292.605823
[437]CAUMo17:GT	improved	-316362.594484	80667	10	316362.594484
[438]CAUZHENG58:GT	improved	-276782.841877	70771	10	276782.841877
[439]chang3:GT	improved	-295795.100732	75703	10	295795.100732
[440]chang69:GT	improved	-284665.929439	72861	10	284665.929439
[441]chang72:GT	improved	-327256.262676	83982	10	327256.262676
[442]chang7daxian1:GT	improved	-322724.053089	82692	10	322724.053089
[443]changD:GT	improved	-340389.130293	87059	10	340389.130293
[444]changK:GT	improved	-326252.721277	83345	10	326252.721277
[445]chaoxianbai:GT	improved	-289401.315317	74331	10	289401.315317
[446]chen322:GT	improved	-325067.441084	82981	10	325067.441084
[447]cheng18:GT	improved	-296402.250686	75808	10	296402.250686
[448]cheng435:GT	improved	-147702.668127	37532	10	147702.668127
[449]cheng698-3:GT	improved	-254358.645947	64970	10	254358.645947
[450]chengzi108:GT	improved	-306678.386665	78423	10	306678.386665
[451]chengzi2142:GT	improved	-314107.750438	80232	10	314107.750438
[452]chi545:GT	improved	-310712.948785	79529	10	310712.948785
[453]chihuang14:GT	improved	-214960.041936	55191	10	214960.041936
[454]chihuang32:GT	improved	-305421.782612	78146	10	305421.782612
[455]chong72:GT	improved	-289074.229931	73924	10	289074.229931
[456]CM105:GT	improved	-252801.471347	64808	10	252801.471347
[457]CML103:GT	improved	-304811.471344	78395	10	304811.471344
[458]CML103-run248:GT	improved	-304668.559335	78336	10	304668.559335
[459]CML125-2pianma:GT	improved	-296348.145054	76182	10	296348.145054
[460]CML133:GT	improved	-305813.38827	78466	10	305813.38827
[461]CML192:GT	improved	-308601.956666	79341	10	308601.956666
[462]CML202:GT	improved	-312483.125886	80154	10	312483.125886
[463]CML206:GT	improved	-313308.000563	80197	10	313308.000563
[464]CML228:GT	improved	-313094.356008	80365	10	313094.356008
[465]CML247:GT	improved	-311278.616666	79913	10	311278.616666
[466]CML277:GT	improved	-306952.713234	78925	10	306952.713234
[467]CML312SR:GT	improved	-316210.066005	81106	10	316210.066005
[468]CML322:GT	improved	-309098.391469	79306	10	309098.391469
[469]CML330:GT	improved	-311277.928149	79896	10	311277.928149
[470]CML333:GT	improved	-305350.243611	78416	10	305350.243611
[471]CML341:GT	improved	-309316.232554	79657	10	309316.232554
[472]CML411:GT	improved	-311863.103599	80063	10	311863.103599
[473]CML418:GT	improved	-307452.607334	78955	10	307452.607334
[474]CML479:GT	improved	-307704.440048	79078	10	307704.440048
[475]CML504:GT	improved	-311600.8861	80114	10	311600.8861
[476]CML505:GT	improved	-303645.510843	77790	10	303645.510843
[477]CML511:GT	improved	-312099.719158	80078	10	312099.719158
[478]CML52:GT	improved	-306041.343192	78681	10	306041.343192
[479]CML58:GT	improved	-334517.435462	85561	10	334517.435462
[480]CML69:GT	improved	-308804.312422	79282	10	308804.312422
[481]CML84:GT	improved	-304519.361218	78312	10	304519.361218
[482]CML85:GT	improved	-311367.408848	80001	10	311367.408848
[483]CML96:GT	improved	-296534.4423	76189	10	296534.4423
[484]CML99:GT	improved	-290402.883589	74500	10	290402.883589
[485]CN104:GT	improved	-283940.057187	72587	10	283940.057187
[486]CN165:GT	improved	-268060.295203	68772	10	268060.295203
[487]Co109:GT	improved	-300114.895388	76990	10	300114.895388
[488]CR14:GT	improved	-148592.144382	38259	10	148592.144382
[489]CR1HT:GT	improved	-308327.937065	78803	10	308327.937065
[490]CT109:GT	improved	-325405.492766	83115	10	325405.492766
[491]CT52C:GT	improved	-316978.95034	80854	10	316978.95034
[492]Cwu215B:GT	improved	-301765.459909	77566	10	301765.459909
[493]D1049:GT	improved	-277938.23612	71049	10	277938.23612
[494]D1051:GT	improved	-322123.078376	82354	10	322123.078376
[495]D1139:GT	improved	-274275.247593	70003	10	274275.247593
[496]d140:GT	improved	-274838.178419	69980	10	274838.178419
[497]D15:GT	improved	-203639.880765	52026	10	203639.880765
[498]D20:GT	improved	-319497.980485	81581	10	319497.980485
[499]D23:GT	improved	-297793.685529	76014	10	297793.685529
[500]D33A:GT	improved	-306329.451881	78302	10	306329.451881
[501]D340:GT	improved	-247766.878791	63147	10	247766.878791
[502]D619:GT	improved	-342689.916973	87582	10	342689.916973
[503]D729:GT	improved	-314744.97871	80652	10	314744.97871
[504]D801:GT	improved	-231840.381097	59065	10	231840.381097
[505]D854:GT	improved	-286185.965876	73121	10	286185.965876
[506]D856:GT	improved	-331898.372359	84716	10	331898.372359
[507]D857:GT	improved	-284936.037182	72889	10	284936.037182
[508]D864:GT	improved	-309041.1623	79076	10	309041.1623
[509]D869:GT	improved	-271997.672457	69725	10	271997.672457
[510]D88:GT	improved	-310357.159376	79374	10	310357.159376
[511]D881:GT	improved	-217965.627583	55416	10	217965.627583
[512]D883:GT	improved	-318810.002815	81600	10	318810.002815
[513]D886:GT	improved	-311091.748865	79445	10	311091.748865
[514]D892:GT	improved	-300765.443625	76841	10	300765.443625
[515]D978:GT	improved	-283353.617025	72425	10	283353.617025
[516]da255:GT	improved	-306982.414236	78713	10	306982.414236
[517]dai6:GT	improved	-299179.455021	76782	10	299179.455021
[518]daMO:GT	improved	-320183.518609	81708	10	320183.518609
[519]dan3115:GT	improved	-305659.383635	78168	10	305659.383635
[520]dan340:GT	improved	-296053.156641	75723	10	296053.156641
[521]dan598:GT	improved	-311710.192579	79784	10	311710.192579
[522]dan599:GT	improved	-323185.909813	82486	10	323185.909813
[523]dan9046:GT	improved	-312583.643829	79883	10	312583.643829
[524]dan9064:GT	improved	-284885.869411	72748	10	284885.869411
[525]danhuang02:GT	improved	-316582.19871	80847	10	316582.19871
[526]daqing133:GT	improved	-301957.818621	77439	10	301957.818621
[527]De811:GT	improved	-264227.041648	67685	10	264227.041648
[528]DF20:GT	improved	-77113.009688	19860	10	77113.009688
[529]DF24:GT	improved	-55378.53634	14112	10	55378.53634
[530]DF27:GT	improved	-305778.565257	78012	10	305778.565257
[531]DF32:GT	improved	-317210.65723	80950	10	317210.65723
[532]DH138:GT	improved	-329346.497028	84043	10	329346.497028
[533]DH149:GT	improved	-304719.350431	77876	10	304719.350431
[534]DH40:GT	improved	-302426.347743	77408	10	302426.347743
[535]DH65232:GT	improved	-308426.781413	78978	10	308426.781413
[536]DH65232-DH9:GT	improved	-335067.446671	85779	10	335067.446671
[537]DJ7:GT	improved	-7068.779879	1803	10	7068.779879
[538]DM07:GT	improved	-269324.580848	69019	10	269324.580848
[539]DM101B:GT	improved	-249699.665703	63894	10	249699.665703
[540]dong327:GT	improved	-301239.094513	77084	10	301239.094513
[541]dupl-178:GT	improved	-322400.445729	82338	10	322400.445729
[542]dupl-478:GT	improved	-241897.492663	61819	10	241897.492663
[543]dupl-5003:GT	improved	-311528.096962	79703	10	311528.096962
[544]dupl-Zheng58:GT	improved	-279072.967735	71366	10	279072.967735
[545]duzi:GT	improved	-322457.097898	82596	10	322457.097898
[546]E200:GT	improved	-328243.617455	83900	10	328243.617455
[547]e220:GT	improved	-254523.028878	65249	10	254523.028878
[548]E28:GT	improved	-285080.821892	72934	10	285080.821892
[549]E588:GT	improved	-316188.513709	80810	10	316188.513709
[550]E600:GT	improved	-315259.959325	80582	10	315259.959325
[551]E601:GT	improved	-255651.621375	65323	10	255651.621375
[552]E8501:GT	improved	-305962.094215	78232	10	305962.094215
[553]equn3:GT	improved	-296224.610134	75737	10	296224.610134
[554]equn4:GT	improved	-304496.497846	77766	10	304496.497846
[555]ernan24:GT	improved	-302604.356275	77607	10	302604.356275
[556]ES40:GT	improved	-321042.944941	82122	10	321042.944941
[557]F42:GT	improved	-8886.571981	2302	10	8886.571981
[558]F7:GT	improved	-322801.996584	82934	10	322801.996584
[559]F7584:GT	improved	-305940.757133	78043	10	305940.757133
[560]F939:GT	improved	-314478.246615	80528	10	314478.246615
[561]fangyin:GT	improved	-308416.574938	78608	10	308416.574938
[562]fanrong2:GT	improved	-303156.571345	77681	10	303156.571345
[563]FAP1360A:GT	improved	-289931.997915	74427	10	289931.997915
[564]FAPW:GT	improved	-228379.934505	58365	10	228379.934505
[565]FBHJ:GT	improved	-238416.009577	61200	10	238416.009577
[566]FC-13:GT	improved	-299604.024426	76414	10	299604.024426
[567]Feb-48:GT	improved	-313235.166193	80185	10	313235.166193
[568]fengke1:GT	improved	-316202.417588	81112	10	316202.417588
[569]FR14:GT	improved	-269643.722619	69040	10	269643.722619
[570]fu8521:GT	improved	-291007.063958	74370	10	291007.063958
[571]fu8527:GT	improved	-299722.943345	76740	10	299722.943345
[572]fu8529:GT	improved	-301927.205923	77306	10	301927.205923
[573]fu8538:GT	improved	-302395.858263	77293	10	302395.858263
[574]fu8701:GT	improved	-262323.184094	67029	10	262323.184094
[575]fu96:GT	improved	-296941.730713	75937	10	296941.730713
[576]fusheA:GT	improved	-300620.021913	77234	10	300620.021913
[577]gan41:GT	improved	-314347.785159	80429	10	314347.785159
[578]german_B73:GT	improved	-11738.419209	3003	10	11738.419209
[579]german_CH10:GT	improved	-318542.393516	81738	10	318542.393516
[580]german_D06:GT	improved	-283560.410237	72924	10	283560.410237
[581]german_D09:GT	improved	-288181.004555	74165	10	288181.004555
[582]german_D152:GT	improved	-311462.689757	79880	10	311462.689757
[583]german_DK105:GT	improved	-319571.349008	81933	10	319571.349008
[584]german_EC169:GT	improved	-204366.91933	52357	10	204366.91933
[585]german_EC49A:GT	improved	-301905.17665	77554	10	301905.17665
[586]german_EP1:GT	improved	-315216.042144	80879	10	315216.042144
[587]german_EP44:GT	improved	-310348.555789	79851	10	310348.555789
[588]german_EZ5:GT	improved	-309802.978224	79525	10	309802.978224
[589]german_F03802:GT	improved	-307979.927447	78944	10	307979.927447
[590]german_F2:GT	improved	-315461.148436	81070	10	315461.148436
[591]german_F252:GT	improved	-295250.359029	75613	10	295250.359029
[592]german_F283:GT	improved	-310994.946701	79766	10	310994.946701
[593]german_F353:GT	improved	-293110.034434	75049	10	293110.034434
[594]german_F618:GT	improved	-266908.965269	68425	10	266908.965269
[595]german_F64:GT	improved	-309046.73844	79531	10	309046.73844
[596]german_F7:GT	improved	-319988.646871	82156	10	319988.646871
[597]german_F98902:GT	improved	-186917.942756	47942	10	186917.942756
[598]german_FF0721H-7:GT	improved	-318638.757779	81897	10	318638.757779
[599]german_Lo11:GT	improved	-312378.146357	80237	10	312378.146357
[600]german_Mo17:GT	improved	-316085.869033	80618	10	316085.869033
[601]german_PH207:GT	improved	-296348.645881	75701	10	296348.645881
[602]german_UH006:GT	improved	-320182.294932	82281	10	320182.294932
[603]german_UH007:GT	improved	-317420.034097	81531	10	317420.034097
[604]german_UH009:GT	improved	-319062.673341	81765	10	319062.673341
[605]german_UH250:GT	improved	-275480.20639	70749	10	275480.20639
[606]german_UH304:GT	improved	-290230.334235	74195	10	290230.334235
[607]german_W117:GT	improved	-300366.736566	76970	10	300366.736566
[608]GN4095:GT	improved	-310014.912565	79119	10	310014.912565
[609]guan17-1:GT	improved	-315495.899756	80546	10	315495.899756
[610]guangyou5:GT	improved	-315128.336117	80586	10	315128.336117
[611]GY3:GT	improved	-218382.019956	55573	10	218382.019956
[612]H105W:GT	improved	-260031.277009	66619	10	260031.277009
[613]H114:GT	improved	-255440.042542	65249	10	255440.042542
[614]H127:GT	improved	-307034.454177	78625	10	307034.454177
[615]H16:GT	improved	-310525.263416	79715	10	310525.263416
[616]H2:GT	improved	-283076.944026	72657	10	283076.944026
[617]H21:GT	improved	-329579.677874	84207	10	329579.677874
[618]H66-6:GT	improved	-256467.596997	65714	10	256467.596997
[619]H84:GT	improved	-262449.399263	67196	10	262449.399263
[620]H8431:GT	improved	-218016.66828	55977	10	218016.66828
[621]H99:GT	improved	-314121.885041	80708	10	314121.885041
[622]hai014:GT	improved	-312415.408641	79941	10	312415.408641
[623]hai1134:GT	improved	-317008.662743	80947	10	317008.662743
[624]hai9-21:GT	improved	-293835.20005	75343	10	293835.20005
[625]han21:GT	improved	-268866.501408	68771	10	268866.501408
[626]han49:GT	improved	-323608.591943	82902	10	323608.591943
[627]HB8229:GT	improved	-273175.494064	69916	10	273175.494064
[628]HBAI:GT	improved	-291859.526136	74707	10	291859.526136
[629]HD568:GT	improved	-240818.294687	61500	10	240818.294687
[630]Hda-5:GT	improved	-271615.286747	69709	10	271615.286747
[631]he344:GT	improved	-306965.097268	78416	10	306965.097268
[632]HHe01:GT	improved	-304953.171986	78080	10	304953.171986
[633]HP301:GT	improved	-300790.8	77045	10	300790.8
[634]hu803:GT	improved	-216096.357272	55052	10	216096.357272
[635]hua160:GT	improved	-299659.455258	76670	10	299659.455258
[636]huangC:GT	improved	-300593.282736	76733	10	300593.282736
[637]huangchanga:GT	improved	-332101.306446	84849	10	332101.306446
[638]huangchangb:GT	improved	-335639.141907	85791	10	335639.141907
[639]huangyesi:GT	improved	-344796.512584	88063	10	344796.512584
[640]huangyesi3:GT	improved	-342923.055879	87620	10	342923.055879
[641]huangzaosi:GT	improved	-347443.743828	88745	10	347443.743828
[642]huo17:GT	improved	-320223.328405	81678	10	320223.328405
[643]huobai:GT	improved	-316582.956959	81048	10	316582.956959
[644]huotanghuang:GT	improved	-320619.245655	81818	10	320619.245655
[645]huotanghuang17:GT	improved	-301018.557977	77150	10	301018.557977
[646]IA5125:GT	improved	-305263.751956	78170	10	305263.751956
[647]IB014:GT	improved	-301497.230116	77188	10	301497.230116
[648]IB02:GT	improved	-298305.025854	76351	10	298305.025854
[649]IBB14:GT	improved	-267034.799664	68320	10	267034.799664
[650]IBB15:GT	improved	-293396.579439	74968	10	293396.579439
[651]IBC2:GT	improved	-299599.247268	76686	10	299599.247268
[652]Il14H:GT	improved	-314238.915272	80620	10	314238.915272
[653]J8606:GT	improved	-314274.04654	80307	10	314274.04654
[654]ji4112:GT	improved	-337975.838779	86480	10	337975.838779
[655]ji432:GT	improved	-314005.877048	80443	10	314005.877048
[656]ji434:GT	improved	-293106.263328	75182	10	293106.263328
[657]ji444:GT	improved	-338071.703256	86480	10	338071.703256
[658]ji53:GT	improved	-314629.568645	80475	10	314629.568645
[659]ji533:GT	improved	-320697.889941	81973	10	320697.889941
[660]ji63:GT	improved	-294618.90539	75514	10	294618.90539
[661]ji833:GT	improved	-296230.496764	75878	10	296230.496764
[662]ji846:GT	improved	-308709.166044	78917	10	308709.166044
[663]ji853:GT	improved	-320102.986089	81845	10	320102.986089
[664]ji870:GT	improved	-224716.830734	57529	10	224716.830734
[665]jian1495a:GT	improved	-299002.053375	76516	10	299002.053375
[666]jian1495b:GT	improved	-296084.290501	75704	10	296084.290501
[667]jiao05:GT	improved	-291303.055236	74511	10	291303.055236
[668]jiao3:GT	improved	-313624.976009	80342	10	313624.976009
[669]jiao51:GT	improved	-330237.868148	84745	10	330237.868148
[670]jingnuo2:GT	improved	-320483.224509	82115	10	320483.224509
[671]jinsui54:GT	improved	-326743.386151	83490	10	326743.386151
[672]jiu138-5:GT	improved	-307770.191915	78693	10	307770.191915
[673]jiu22:GT	improved	-303666.034349	77847	10	303666.034349
[674]jiutai1:GT	improved	-264059.321191	67477	10	264059.321191
[675]K10:GT	improved	-299553.81729	76606	10	299553.81729
[676]K12:GT	improved	-324591.056931	82826	10	324591.056931
[677]K14:GT	improved	-308547.073586	78729	10	308547.073586
[678]K22:GT	improved	-295654.454306	75458	10	295654.454306
[679]K514:GT	improved	-322823.650466	82480	10	322823.650466
[680]Ki11:GT	improved	-315253.666	80817	10	315253.666
[681]Ki21:GT	improved	-314416.079807	80601	10	314416.079807
[682]KI3:GT	improved	-315594.050381	80864	10	315594.050381
[683]KP3130:GT	improved	-287364.434933	73547	10	287364.434933
[684]Ky21:GT	improved	-294662.183443	75616	10	294662.183443
[685]L005:GT	improved	-325788.287171	83089	10	325788.287171
[686]L05-6:GT	improved	-184874.133334	47043	10	184874.133334
[687]L061F:GT	improved	-286039.202659	73070	10	286039.202659
[688]L061M:GT	improved	-280679.682705	71612	10	280679.682705
[689]L069:GT	improved	-319252.522991	81518	10	319252.522991
[690]L-1:GT	improved	-326226.606584	83299	10	326226.606584
[691]L105:GT	improved	-292731.430423	75153	10	292731.430423
[692]L127:GT	improved	-296333.718127	75793	10	296333.718127
[693]L135:GT	improved	-299331.577012	76522	10	299331.577012
[694]L139:GT	improved	-304093.889537	77710	10	304093.889537
[695]L473:GT	improved	-292880.370092	74831	10	292880.370092
[696]L578:GT	improved	-300674.138459	77296	10	300674.138459
[697]La2-4:GT	improved	-191754.816779	48971	10	191754.816779
[698]lan766-4-2:GT	improved	-277478.829351	71101	10	277478.829351
[699]LD61:GT	improved	-315008.731573	80736	10	315008.731573
[700]LH1:GT	improved	-271224.716584	69219	10	271224.716584
[701]LH119:GT	improved	-48826.400082	12631	10	48826.400082
[702]LH123HT:GT	improved	-293386.028435	74995	10	293386.028435
[703]LH127:GT	improved	-300295.872791	76700	10	300295.872791
[704]LH128:GT	improved	-309246.799124	79092	10	309246.799124
[705]LH132:GT	improved	-73779.982088	19042	10	73779.982088
[706]LH143:GT	improved	-240144.871717	61476	10	240144.871717
[707]LH145:GT	improved	-256213.488972	65623	10	256213.488972
[708]LH146HT:GT	improved	-171580.99825	44117	10	171580.99825
[709]LH149:GT	improved	-74646.763126	19138	10	74646.763126
[710]LH150:GT	improved	-308766.322894	79097	10	308766.322894
[711]LH156:GT	improved	-306585.640785	78319	10	306585.640785
[712]LH160:GT	improved	-299200.557425	76797	10	299200.557425
[713]LH162:GT	improved	-304799.334491	78141	10	304799.334491
[714]LH190:GT	improved	-63692.613833	16307	10	63692.613833
[715]LH191:GT	improved	-169400.792074	43530	10	169400.792074
[716]LH192:GT	improved	-105741.800205	27104	10	105741.800205
[717]LH193:GT	improved	-101891.828463	25992	10	101891.828463
[718]LH194:GT	improved	-110048.80495	28184	10	110048.80495
[719]LH196:GT	improved	-51812.205781	13354	10	51812.205781
[720]LH202:GT	improved	-32232.203738	8199	10	32232.203738
[721]LH205:GT	improved	-87218.127008	22462	10	87218.127008
[722]LH208:GT	improved	-143435.259327	36725	10	143435.259327
[723]LH215:GT	improved	-311996.926032	79719	10	311996.926032
[724]LH220Ht:GT	improved	-175137.950788	44814	10	175137.950788
[725]LH295:GT	improved	-312599.064957	79849	10	312599.064957
[726]LH38:GT	improved	-313897.20633	80296	10	313897.20633
[727]LH39:GT	improved	-307893.025439	78679	10	307893.025439
[728]LH51:GT	improved	-318552.886045	81223	10	318552.886045
[729]LH52:GT	improved	-316378.066021	80743	10	316378.066021
[730]LH54:GT	improved	-316184.829564	80683	10	316184.829564
[731]LH57:GT	improved	-315527.500041	80567	10	315527.500041
[732]LH59:GT	improved	-315839.412718	80636	10	315839.412718
[733]LH60:GT	improved	-316266.595363	80797	10	316266.595363
[734]LH61:GT	improved	-311626.773053	79568	10	311626.773053
[735]LH65:GT	improved	-312940.394898	79880	10	312940.394898
[736]LH74:GT	improved	-112738.206762	29020	10	112738.206762
[737]LH82:GT	improved	-293302.383256	74930	10	293302.383256
[738]LH85:GT	improved	-296501.232525	76086	10	296501.232525
[739]LH93:GT	improved	-297693.238939	76263	10	297693.238939
[740]lian87:GT	improved	-313169.530154	80274	10	313169.530154
[741]liao2202:GT	improved	-301490.500519	77179	10	301490.500519
[742]liao2204:GT	improved	-292842.675452	74979	10	292842.675452
[743]liao4271:GT	improved	-292185.056371	74669	10	292185.056371
[744]liao5110:GT	improved	-248376.948277	63386	10	248376.948277
[745]liao7794:GT	improved	-205447.575736	52314	10	205447.575736
[746]LIBC4:GT	improved	-305711.979236	78165	10	305711.979236
[747]LM-2:GT	improved	-323560.414593	82634	10	323560.414593
[748]Lo:GT	improved	-285211.059829	72863	10	285211.059829
[749]Lo1067:GT	improved	-271566.210164	69410	10	271566.210164
[750]Lo1125:GT	improved	-329516.081391	84048	10	329516.081391
[751]longkang1:GT	improved	-310858.932845	79381	10	310858.932845
[752]longkang11:GT	improved	-316468.24715	80793	10	316468.24715
[753]Los-6:GT	improved	-177852.672737	45376	10	177852.672737
[754]LP1:GT	improved	-226119.020816	57919	10	226119.020816
[755]Lp215D:GT	improved	-307035.862109	78385	10	307035.862109
[756]LP5:GT	improved	-68034.464596	17492	10	68034.464596
[757]lu65:GT	improved	-311725.148826	79792	10	311725.148826
[758]luosu3:GT	improved	-308499.177755	79167	10	308499.177755
[759]luyuan133:GT	improved	-303790.741562	77727	10	303790.741562
[760]luyuan92:GT	improved	-300294.306571	76983	10	300294.306571
[761]lv28:GT	improved	-302300.506844	77467	10	302300.506844
[762]lv45:GT	improved	-305309.192377	78375	10	305309.192377
[763]Lx9801:GT	improved	-325667.484377	83364	10	325667.484377
[764]M101:GT	improved	-303835.414038	77513	10	303835.414038
[765]M1016:GT	improved	-317638.568385	81178	10	317638.568385
[766]M131-5:GT	improved	-208909.920442	53405	10	208909.920442
[767]M14:GT	improved	-227339.809136	58048	10	227339.809136
[768]M162W:GT	improved	-307420.0951	78981	10	307420.0951
[769]M22:GT	improved	-211164.339283	54060	10	211164.339283
[770]M3:GT	improved	-260694.965662	66658	10	260694.965662
[771]M3736:GT	improved	-305686.392775	78306	10	305686.392775
[772]M37W:GT	improved	-309635.324789	79263	10	309635.324789
[773]M9:GT	improved	-283667.35568	72528	10	283667.35568
[774]Max:GT	improved	-247279.200223	63285	10	247279.200223
[775]Maxa:GT	improved	-235096.15231	60170	10	235096.15231
[776]MBNA:GT	improved	-311339.17186	79550	10	311339.17186
[777]MBPM:GT	improved	-299071.758526	76624	10	299071.758526
[778]MBSJ:GT	improved	-310646.231642	79446	10	310646.231642
[779]MBST:GT	improved	-316558.914048	80949	10	316558.914048
[780]MBUB:GT	improved	-308619.205843	78991	10	308619.205843
[781]MDF-13D:GT	improved	-315007.733871	80561	10	315007.733871
[782]mei68113:GT	improved	-281697.967197	72121	10	281697.967197
[783]ML606:GT	improved	-304046.542583	77882	10	304046.542583
[784]MM-1A:GT	improved	-317790.03806	81587	10	317790.03806
[785]MM402A:GT	improved	-315211.221021	80608	10	315211.221021
[786]MO113:GT	improved	-304924.97004	77998	10	304924.97004
[787]Mo17:GT	improved	-314431.928768	80190	10	314431.928768
[788]Mo17-chin:GT	improved	-316398.529785	80677	10	316398.529785
[789]MO18W:GT	improved	-305532.777761	78412	10	305532.777761
[790]Mo24W:GT	improved	-296842.52989	76241	10	296842.52989
[791]MP:GT	improved	-201969.004622	51696	10	201969.004622
[792]Ms71:GT	improved	-282751.771094	72530	10	282751.771094
[793]mu4:GT	improved	-315346.30633	80758	10	315346.30633
[794]mu6:GT	improved	-309359.381827	79223	10	309359.381827
[795]N138:GT	improved	-316983.99219	81105	10	316983.99219
[796]N192:GT	improved	-335216.021875	85702	10	335216.021875
[797]N42:GT	improved	-227895.098036	58425	10	227895.098036
[798]N6:GT	improved	-297564.402087	76339	10	297564.402087
[799]N68a:GT	improved	-205600.117511	52563	10	205600.117511
[800]nan21-3:GT	improved	-253164.990074	64752	10	253164.990074
[801]NC268:GT	improved	-115544.291642	29540	10	115544.291642
[802]NC350:GT	improved	-310797.90617	79841	10	310797.90617
[803]NC358:GT	improved	-306531.191032	78704	10	306531.191032
[804]ND246:GT	improved	-297757.206368	76414	10	297757.206368
[805]ning24:GT	improved	-302150.168443	77449	10	302150.168443
[806]ning37:GT	improved	-294962.644468	75677	10	294962.644468
[807]ning45:GT	improved	-288509.037435	73959	10	288509.037435
[808]ning55:GT	improved	-292842.140301	74917	10	292842.140301
[809]niu2-1:GT	improved	-306854.257872	78598	10	306854.257872
[810]NN14B:GT	improved	-277631.662601	71303	10	277631.662601
[811]NQ508:GT	improved	-278306.825209	71228	10	278306.825209
[812]NS501:GT	improved	-267939.947563	68520	10	267939.947563
[813]NS701:GT	improved	-75993.796645	19391	10	75993.796645
[814]oh07B:GT	improved	-294864.144128	75543	10	294864.144128
[815]Oh40B:GT	improved	-312036.822117	79960	10	312036.822117
[816]Oh43:GT	improved	-306603.751645	78429	10	306603.751645
[817]OH7:GT	improved	-290363.366529	74391	10	290363.366529
[818]Oh7B:GT	improved	-294843.53188	75519	10	294843.53188
[819]OQ603:GT	improved	-275108.081434	70203	10	275108.081434
[820]P007:GT	improved	-316300.912424	80945	10	316300.912424
[821]P1:GT	improved	-314820.38314	80668	10	314820.38314
[822]P136:GT	improved	-324931.765717	82916	10	324931.765717
[823]P138:GT	improved	-329178.465949	83989	10	329178.465949
[824]P167:GT	improved	-322223.646506	82283	10	322223.646506
[825]P25:GT	improved	-325123.078694	83085	10	325123.078694
[826]P39:GT	improved	-322361.076762	82572	10	322361.076762
[827]P39-chin:GT	improved	-314804.475098	80675	10	314804.475098
[828]Pa91:GT	improved	-307539.774807	78692	10	307539.774807
[829]PB80:GT	improved	-41349.714771	10615	10	41349.714771
[830]PH207:GT	improved	-295661.628623	75537	10	295661.628623
[831]PHBA6:GT	improved	-306599.020945	78515	10	306599.020945
[832]PHG24:GT	improved	-293248.996169	74966	10	293248.996169
[833]PHG35:GT	improved	-310094.515912	79147	10	310094.515912
[834]PHG39:GT	improved	-266891.307945	68242	10	266891.307945
[835]PHG47:GT	improved	-300879.296483	76997	10	300879.296483
[836]PHG50:GT	improved	-303199.487704	77491	10	303199.487704
[837]PHG71:GT	improved	-254640.383628	65208	10	254640.383628
[838]PHG72:GT	improved	-283551.079485	72448	10	283551.079485
[839]PHG83:GT	improved	-307313.674702	78509	10	307313.674702
[840]PHG84:GT	improved	-303043.134569	77517	10	303043.134569
[841]PHG86:GT	improved	-130827.162415	33402	10	130827.162415
[842]PHH93:GT	improved	-299942.184629	76562	10	299942.184629
[843]PHJ31:GT	improved	-303570.449967	77670	10	303570.449967
[844]PHJ33:GT	improved	-307956.789602	78629	10	307956.789602
[845]PHJ40:GT	improved	-285179.042096	73044	10	285179.042096
[846]PHJ70:GT	improved	-172531.14587	44094	10	172531.14587
[847]PHJ75:GT	improved	-302627.695319	77575	10	302627.695319
[848]PHK05:GT	improved	-315339.594749	80811	10	315339.594749
[849]PHK24:GT	improved	-191473.990348	49059	10	191473.990348
[850]PHK35:GT	improved	-183548.07062	46993	10	183548.07062
[851]PHK42:GT	improved	-296509.349888	75766	10	296509.349888
[852]PHK76:GT	improved	-311158.905621	79607	10	311158.905621
[853]PHK93:GT	improved	-302757.776859	77508	10	302757.776859
[854]PHM10:GT	improved	-283363.863269	72354	10	283363.863269
[855]PHM44:GT	improved	-308400.377911	78563	10	308400.377911
[856]PHM57:GT	improved	-305255.312215	78112	10	305255.312215
[857]PHM81:GT	improved	-280855.212096	71954	10	280855.212096
[858]PHN11:GT	improved	-296725.505311	75796	10	296725.505311
[859]PHN29:GT	improved	-206423.696974	52938	10	206423.696974
[860]PHN37:GT	improved	-313892.166617	80181	10	313892.166617
[861]PHN47:GT	improved	-268778.077838	68790	10	268778.077838
[862]PHN66:GT	improved	-256195.406959	65699	10	256195.406959
[863]PHN73:GT	improved	-310221.538239	79292	10	310221.538239
[864]PHN82:GT	improved	-293904.291398	75063	10	293904.291398
[865]PHNV9:GT	improved	-229355.231333	58809	10	229355.231333
[866]PHP02:GT	improved	-261201.16365	66946	10	261201.16365
[867]PHP55:GT	improved	-288061.224053	73570	10	288061.224053
[868]PHP60:GT	improved	-296036.150352	75857	10	296036.150352
[869]PHP76:GT	improved	-295764.064653	75650	10	295764.064653
[870]PHP85:GT	improved	-192277.422986	49235	10	192277.422986
[871]PHPR5:GT	improved	-228076.603176	58287	10	228076.603176
[872]PHR25:GT	improved	-298862.96894	76475	10	298862.96894
[873]PHR30:GT	improved	-291607.179076	74690	10	291607.179076
[874]PHR32:GT	improved	-301787.834107	77293	10	301787.834107
[875]PHR36:GT	improved	-290414.505749	74413	10	290414.505749
[876]PHR47:GT	improved	-286210.407654	73363	10	286210.407654
[877]PHR55:GT	improved	-280214.736341	71721	10	280214.736341
[878]PHR58:GT	improved	-315753.793136	80610	10	315753.793136
[879]PHR62:GT	improved	-297543.384089	76158	10	297543.384089
[880]PHR63:GT	improved	-304024.259513	77717	10	304024.259513
[881]PHT10:GT	improved	-141968.369898	36260	10	141968.369898
[882]PHT22:GT	improved	-303388.281734	77577	10	303388.281734
[883]PHT55:GT	improved	-263830.085892	67411	10	263830.085892
[884]PHT60:GT	improved	-301368.107064	76997	10	301368.107064
[885]PHT69:GT	improved	-276131.548776	70510	10	276131.548776
[886]PHT77:GT	improved	-273381.635792	70057	10	273381.635792
[887]PHV37:GT	improved	-269623.123674	68995	10	269623.123674
[888]PHV53:GT	improved	-312521.217939	79825	10	312521.217939
[889]PHV78:GT	improved	-307564.082721	78566	10	307564.082721
[890]PHW03:GT	improved	-293701.663111	75252	10	293701.663111
[891]PHW17:GT	improved	-122442.746795	31451	10	122442.746795
[892]PHW20:GT	improved	-296686.700496	75923	10	296686.700496
[893]PHW30:GT	improved	-298358.740728	76277	10	298358.740728
[894]PHW43:GT	improved	-303126.582485	77245	10	303126.582485
[895]PHW51:GT	improved	-248578.611965	63485	10	248578.611965
[896]PHW52:GT	improved	-187289.292167	47895	10	187289.292167
[897]PHW79:GT	improved	-296274.153564	75697	10	296274.153564
[898]PHWG5:GT	improved	-308469.388961	78793	10	308469.388961
[899]PHZ51:GT	improved	-306350.83832	78430	10	306350.83832
[900]PN2:GT	improved	-305130.091653	77963	10	305130.091653
[901]PN2-8:GT	improved	-263009.624694	67395	10	263009.624694
[902]Q1261:GT	improved	-304690.103774	77806	10	304690.103774
[903]Q381:GT	improved	-298715.572738	76334	10	298715.572738
[904]qi205:GT	improved	-306555.014423	78647	10	306555.014423
[905]qi318:GT	improved	-310905.901789	79481	10	310905.901789
[906]qi319:GT	improved	-326473.962152	83381	10	326473.962152
[907]qi35:GT	improved	-303381.118024	77721	10	303381.118024
[908]qi410:GT	improved	-247321.931863	63840	10	247321.931863
[909]qiong51:GT	improved	-288348.140699	73786	10	288348.140699
[910]R017:GT	improved	-315571.079604	80653	10	315571.079604
[911]R08:GT	improved	-313661.618036	80169	10	313661.618036
[912]R136:GT	improved	-317615.04285	81109	10	317615.04285
[913]R150:GT	improved	-322506.23659	82447	10	322506.23659
[914]R1656:GT	improved	-334405.349616	85531	10	334405.349616
[915]R25:GT	improved	-317388.05082	81022	10	317388.05082
[916]R31:GT	improved	-301720.295314	77094	10	301720.295314
[917]R98:GT	improved	-315474.224224	80561	10	315474.224224
[918]RIMMA0438.1:GT	improved	-305109.744196	78642	10	305109.744196
[919]RS710:GT	improved	-282271.417922	72310	10	282271.417922
[920]S001:GT	improved	-321665.94176	82170	10	321665.94176
[921]S22:GT	improved	-252985.505471	64631	10	252985.505471
[922]S311:GT	improved	-313249.472009	80220	10	313249.472009
[923]S37:GT	improved	-320064.289118	81977	10	320064.289118
[924]S53:GT	improved	-237999.517507	60925	10	237999.517507
[925]S7913:GT	improved	-311935.070894	79958	10	311935.070894
[926]S8324:GT	improved	-106673.013817	27214	10	106673.013817
[927]S8326:GT	improved	-316251.027848	80684	10	316251.027848
[928]SC11-1:GT	improved	-306795.576646	78409	10	306795.576646
[929]SC-14:GT	improved	-280820.417877	71758	10	280820.417877
[930]SC14:GT	improved	-271065.876396	69222	10	271065.876396
[931]SC24-1:GT	improved	-281169.181177	71664	10	281169.181177
[932]SC30-1:GT	improved	-316463.791586	80792	10	316463.791586
[933]SC-9:GT	improved	-281045.489921	72038	10	281045.489921
[934]SC9:GT	improved	-281572.869156	72174	10	281572.869156
[935]Seagu1117:GT	improved	-316299.17786	80631	10	316299.17786
[936]Sg1533:GT	improved	-302996.264631	77456	10	302996.264631
[937]SG17:GT	improved	-318491.537958	81204	10	318491.537958
[938]shan89:GT	improved	-322327.110484	82410	10	322327.110484
[939]shangyin110-1:GT	improved	-296323.268984	76229	10	296323.268984
[940]shen135:GT	improved	-321720.984826	82241	10	321720.984826
[941]shen137:GT	improved	-331098.612004	84568	10	331098.612004
[942]shen142:GT	improved	-241277.24503	61676	10	241277.24503
[943]shen5005:GT	improved	-312678.128398	79950	10	312678.128398
[944]shen977:GT	improved	-332714.605463	84919	10	332714.605463
[945]shuang741:GT	improved	-329279.752931	84351	10	329279.752931
[946]shuangM9B-1:GT	improved	-295495.833677	75660	10	295495.833677
[947]shuangtaiwu:GT	improved	-315351.542308	80828	10	315351.542308
[948]siyi:GT	improved	-256445.396098	65516	10	256445.396098
[949]song1145:GT	improved	-310451.84003	79409	10	310451.84003
[950]SS99:GT	improved	-297151.754494	75953	10	297151.754494
[951]su75:GT	improved	-278330.974764	71114	10	278330.974764
[952]suwan1611:GT	improved	-310007.103375	79627	10	310007.103375
[953]SW153:GT	improved	-292714.2249	75146	10	292714.2249
[954]SX-4-21:GT	improved	-288706.364931	73868	10	288706.364931
[955]SX-6-7:GT	improved	-285534.463746	73169	10	285534.463746
[956]SZ3:GT	improved	-325237.725078	83091	10	325237.725078
[957]T24:GT	improved	-289819.615501	73988	10	289819.615501
[958]tai184:GT	improved	-300189.598252	76898	10	300189.598252
[959]tangsipingtou:GT	improved	-288078.524223	73692	10	288078.524223
[960]tian77:GT	improved	-314395.992094	80445	10	314395.992094
[961]tie7922:GT	improved	-193784.349349	49316	10	193784.349349
[962]Timpunia-1:GT	improved	-290846.779359	74578	10	290846.779359
[963]Tx303:GT	improved	-297042.853361	76267	10	297042.853361
[964]Tx601:GT	improved	-307853.912454	79127	10	307853.912454
[965]Tzi8:GT	improved	-305904.811612	78541	10	305904.811612
[966]Va26:GT	improved	-302161.757247	77221	10	302161.757247
[967]Va35:GT	improved	-310769.915986	79486	10	310769.915986
[968]VG85-5:GT	improved	-296211.058412	75837	10	296211.058412
[969]VL0512447:GT	improved	-306869.925872	78657	10	306869.925872
[970]VL05128:GT	improved	-307817.453413	79018	10	307817.453413
[971]VL054178:GT	improved	-307671.376487	79011	10	307671.376487
[972]VL05610:GT	improved	-313337.140075	80410	10	313337.140075
[973]VL056883:GT	improved	-307780.342617	79019	10	307780.342617
[974]VL062784:GT	improved	-318132.52766	81751	10	318132.52766
[975]W117:GT	improved	-85669.402118	22097	10	85669.402118
[976]W153R:GT	improved	-331819.136585	84874	10	331819.136585
[977]W172:GT	improved	-160423.849974	41201	10	160423.849974
[978]W182bn:GT	improved	-297816.282189	76189	10	297816.282189
[979]W22:GT	improved	-295464.125345	75504	10	295464.125345
[980]W222:GT	improved	-288773.211463	73666	10	288773.211463
[981]W23:GT	improved	-296204.494745	76031	10	296204.494745
[982]W238:GT	improved	-292809.883687	74663	10	292809.883687
[983]W2H03:GT	improved	-300382.651591	77087	10	300382.651591
[984]W344:GT	improved	-287273.652224	73231	10	287273.652224
[985]W499:GT	improved	-101272.543404	25910	10	101272.543404
[986]W64A:GT	improved	-290685.020025	74342	10	290685.020025
[987]W668:GT	improved	-253975.298004	65096	10	253975.298004
[988]W8304:GT	improved	-73281.909894	18720	10	73281.909894
[989]W8555:GT	improved	-83322.128625	21282	10	83322.128625
[990]W966:GT	improved	-294054.470147	74943	10	294054.470147
[991]W967:GT	improved	-305432.248541	77961	10	305432.248541
[992]W968:GT	improved	-322614.620631	82492	10	322614.620631
[993]W969:GT	improved	-310987.689516	79537	10	310987.689516
[994]W9706:GT	improved	-310895.368149	79445	10	310895.368149
[995]wei3322:GT	improved	-301906.355882	77396	10	301906.355882
[996]wenhuang31413:GT	improved	-317328.982919	81217	10	317328.982919
[997]WIL500:GT	improved	-271637.246445	69710	10	271637.246445
[998]WIL900:GT	improved	-310355.073919	79289	10	310355.073919
[999]WIL901:GT	improved	-253597.881952	65110	10	253597.881952
[1000]WIL903:GT	improved	-260134.323873	66699	10	260134.323873
[1001]WN11H:GT	improved	-314557.246319	80582	10	314557.246319
[1002]wu109:GT	improved	-311617.194301	79794	10	311617.194301
[1003]wu125:GT	improved	-295592.388541	75667	10	295592.388541
[1004]wu126:GT	improved	-337327.214226	86066	10	337327.214226
[1005]wu312:GT	improved	-302673.178004	77293	10	302673.178004
[1006]X314:GT	improved	-251955.077083	64479	10	251955.077083
[1007]XF117:GT	improved	-272327.017513	69805	10	272327.017513
[1008]XF134:GT	improved	-317172.511558	81168	10	317172.511558
[1009]XF197:GT	improved	-322481.333949	82451	10	322481.333949
[1010]XF223:GT	improved	-312679.813338	80041	10	312679.813338
[1011]XF27:GT	improved	-306212.136607	78284	10	306212.136607
[1012]XF77:GT	improved	-295390.897433	75538	10	295390.897433
[1013]xi502:GT	improved	-337527.917632	86382	10	337527.917632
[1014]xiangai3:GT	improved	-294810.204656	75544	10	294810.204656
[1015]xing230:GT	improved	-279571.043771	71477	10	279571.043771
[1016]xingK36:GT	improved	-300088.336325	76723	10	300088.336325
[1017]xinlun5-9:GT	improved	-314231.18301	80241	10	314231.18301
[1018]XOP2:GT	improved	-249583.381833	63845	10	249583.381833
[1019]xuan6:GT	improved	-301566.397084	77212	10	301566.397084
[1020]xun92-6:GT	improved	-335898.184874	85882	10	335898.184874
[1021]xun92-8:GT	improved	-336840.192696	86125	10	336840.192696
[1022]xun971:GT	improved	-296784.520571	75828	10	296784.520571
[1023]XZ19:GT	improved	-316138.665927	80944	10	316138.665927
[1024]Y223:GT	improved	-327293.110082	83617	10	327293.110082
[1025]y9961:GT	improved	-308933.588713	79068	10	308933.588713
[1026]yan103:GT	improved	-313648.213045	80553	10	313648.213045
[1027]yan156:GT	improved	-311200.901897	79738	10	311200.901897
[1028]yan172:GT	improved	-304648.255437	77979	10	304648.255437
[1029]yan38:GT	improved	-302657.027994	77531	10	302657.027994
[1030]yan812:GT	improved	-152258.486532	38588	10	152258.486532
[1031]Yd6:GT	improved	-219166.090169	55661	10	219166.090169
[1032]ye107:GT	improved	-283966.100335	72514	10	283966.100335
[1033]ye488:GT	improved	-258206.30088	65874	10	258206.30088
[1034]ye515:GT	improved	-304504.368874	77970	10	304504.368874
[1035]ye52106:GT	improved	-298193.316928	76113	10	298193.316928
[1036]ye5237:GT	improved	-334369.58376	85593	10	334369.58376
[1037]ye8001:GT	improved	-254283.929204	64910	10	254283.929204
[1038]ye8112:GT	improved	-152740.376359	38811	10	152740.376359
[1039]ye832:GT	improved	-144734.375194	36829	10	144734.375194
[1040]yi12:GT	improved	-267962.314905	68576	10	267962.314905
[1041]yi36:GT	improved	-284918.517957	72885	10	284918.517957
[1042]yi49:GT	improved	-290133.841886	74241	10	290133.841886
[1043]yi67:GT	improved	-294769.91243	75450	10	294769.91243
[1044]ys06:GT	improved	-236291.268384	60208	10	236291.268384
[1045]yu374:GT	improved	-258193.575595	65885	10	258193.575595
[1046]yu537A:GT	improved	-298080.854045	76244	10	298080.854045
[1047]yu82:GT	improved	-276513.973516	70743	10	276513.973516
[1048]yu87-1:GT	improved	-310361.137112	79289	10	310361.137112
[1049]yuanwu02:GT	improved	-296286.307748	75716	10	296286.307748
[1050]yuanwu05:GT	improved	-320882.22459	82234	10	320882.22459
[1051]yue39-4:GT	improved	-312031.996235	79830	10	312031.996235
[1052]yue89A12-1:GT	improved	-311564.400209	79937	10	311564.400209
[1053]yue89E4-2:GT	improved	-329553.651729	84306	10	329553.651729
[1054]yun147:GT	improved	-302928.570488	77781	10	302928.570488
[1055]Z31B:GT	improved	-318162.287141	81346	10	318162.287141
[1056]zaC546:GT	improved	-304570.382575	77629	10	304570.382575
[1057]ZEAxppRCUDIAAPEI-1:GT	improved	-322311.292267	82884	10	322311.292267
[1058]ZEAxppRCVDIAAPEI-2:GT	improved	-321141.001238	82456	10	321141.001238
[1059]ZEAxppRCYDIAAPEI-5:GT	improved	-274242.179264	70168	10	274242.179264
[1060]ZEAxppRDCDIAAPEI-2:GT	improved	-313950.355821	80245	10	313950.355821
[1061]ZEAxppRDCDIAAPEI-7:GT	improved	-313076.179332	80032	10	313076.179332
[1062]ZEAxppRDGDIAAPEI-11:GT	improved	-316054.024876	81058	10	316054.024876
[1063]ZEAxppRDHDIAAPEI-12:GT	improved	-324234.441026	82794	10	324234.441026
[1064]ZEAxppRDIDIAAPEI-1:GT	improved	-332312.967902	85276	10	332312.967902
[1065]ZEAxppRDLDIAAPEI-2:GT	improved	-257110.674096	66747	10	257110.674096
[1066]ZEAxppRDQDIAAPEI-3:GT	improved	-319192.952969	81602	10	319192.952969
[1067]ZEAxujRADDIBAPE:GT	improved	-250222.977836	63912	10	250222.977836
[1068]ZEAxujRAGDIBAPE:GT	improved	-322981.765142	82618	10	322981.765142
[1069]ZEAxujRAHDIBAPE:GT	improved	-323001.391639	82389	10	323001.391639
[1070]ZEAxujRAJDIBAPE:GT	improved	-324752.040072	82945	10	324752.040072
[1071]ZEAxujRAKDIBAPE:GT	improved	-348423.131219	88976	10	348423.131219
[1072]ZEAxujRALDIBAPE:GT	improved	-180774.91603	46079	10	180774.91603
[1073]ZEAxujRAMDIBAPE:GT	improved	-268099.703449	68517	10	268099.703449
[1074]ZEAxujRANDIBAPE:GT	improved	-295540.224022	75669	10	295540.224022
[1075]ZEAxujRAODIBAPE:GT	improved	-239131.776202	61215	10	239131.776202
[1076]ZEAxujRAPDIAAPE:GT	improved	-305131.860787	77992	10	305131.860787
[1077]ZEAxujRAQDIAAPE:GT	improved	-314855.991541	80472	10	314855.991541
[1078]ZEAxujRARDIAAPE:GT	improved	-320863.404077	82220	10	320863.404077
[1079]ZEAxujRASDIAAPE:GT	improved	-320918.712108	82145	10	320918.712108
[1080]ZEAxujRATDIAAPE:GT	improved	-314735.597301	80517	10	314735.597301
[1081]ZEAxujRAUDIAAPE:GT	improved	-326204.587097	83228	10	326204.587097
[1082]ZEAxujRAVDIAAPE:GT	improved	-329907.336532	84216	10	329907.336532
[1083]ZEAxujRAWDIAAPE:GT	improved	-251937.529084	64373	10	251937.529084
[1084]ZEAxujRAXDIAAPE:GT	improved	-311395.064022	80033	10	311395.064022
[1085]ZEAxujRAYDIAAPE:GT	improved	-296649.202431	76002	10	296649.202431
[1086]ZEAxujRAZDIAAPE:GT	improved	-297859.60293	76184	10	297859.60293
[1087]ZEAxujRBADIAAPE:GT	improved	-261229.732005	66703	10	261229.732005
[1088]ZEAxujRBBDIAAPE:GT	improved	-317452.919698	81110	10	317452.919698
[1089]ZEAxujRBCDIBAPE:GT	improved	-313655.296006	80298	10	313655.296006
[1090]ZEAxujRBDDIBAPE:GT	improved	-317994.534707	81283	10	317994.534707
[1091]ZEAxujRBFDIBAPE:GT	improved	-311936.357895	80141	10	311936.357895
[1092]zhangjin6:GT	improved	-299976.211431	76922	10	299976.211431
[1093]zhangxi28:GT	improved	-296876.136439	76002	10	296876.136439
[1094]zhen367:GT	improved	-314341.593476	80695	10	314341.593476
[1095]zheng22:GT	improved	-297357.255817	76270	10	297357.255817
[1096]zheng32:GT	improved	-108703.591378	27703	10	108703.591378
[1097]zheng653:GT	improved	-304299.940575	77970	10	304299.940575
[1098]zhengbai11:GT	improved	-286550.053971	73256	10	286550.053971
[1099]zhong128:GT	improved	-308589.48263	79194	10	308589.48263
[1100]zhong451:GT	improved	-333493.25979	85338	10	333493.25979
[1101]zhonger02:GT	improved	-254625.421264	65006	10	254625.421264
[1102]zhonghuang64:GT	improved	-311911.813239	79867	10	311911.813239
[1103]zhongxi042:GT	improved	-287116.563929	73458	10	287116.563929
[1104]zhongyin10:GT	improved	-257618.914093	65941	10	257618.914093
[1105]zhongyin15:GT	improved	-299394.379143	76657	10	299394.379143
[1106]zi330:GT	improved	-144610.321691	36796	10	144610.321691
[1107]ziduosui:GT	improved	-305038.556905	78284	10	305038.556905
[1108]ziyu3:GT	improved	-313026.744553	80043	10	313026.744553
[1109]zong3:GT	improved	-294992.439474	75287	10	294992.439474
[1110]zong31:GT	improved	-308879.461768	79070	10	308879.461768
[1111]zong548-1521:GT	improved	-295418.214501	75758	10	295418.214501
[1112]ZPON7:GT	improved	-280465.857737	71950	10	280465.857737
[1113]ZS01250:GT	improved	-293136.617465	75203	10	293136.617465
[1114]zun90110:GT	improved	-322057.652407	82219	10	322057.652407
[5]ZEAxppRCWDIAAPEI-3:GT	landrace	-325873.075705	83582	10	325873.075705
[6]ZEAxppRCXDIAAPEI-4:GT	landrace	-323288.768214	82965	10	323288.768214
[7]BKN009:GT	landrace	-313837.357015	80732	10	313837.357015
[8]BKN010:GT	landrace	-311947.307426	80075	10	311947.307426
[9]BKN011:GT	landrace	-308869.443294	79472	10	308869.443294
[10]BKN014:GT	landrace	-315520.379314	81100	10	315520.379314
[11]BKN015:GT	landrace	-303794.376888	78129	10	303794.376888
[12]BKN016:GT	landrace	-320942.326409	82307	10	320942.326409
[13]BKN017:GT	landrace	-303314.170259	78402	10	303314.170259
[14]BKN018:GT	landrace	-304314.586401	77952	10	304314.586401
[15]BKN019:GT	landrace	-307154.36468	78901	10	307154.36468
[16]BKN020:GT	landrace	-307203.75785	78886	10	307203.75785
[17]BKN022:GT	landrace	-302777.12568	78125	10	302777.12568
[18]BKN023:GT	landrace	-312683.526681	80439	10	312683.526681
[19]BKN025:GT	landrace	-303731.86616	78169	10	303731.86616
[20]BKN026:GT	landrace	-305428.061571	78516	10	305428.061571
[21]BKN027:GT	landrace	-316494.55558	81197	10	316494.55558
[22]BKN029:GT	landrace	-300405.801888	77428	10	300405.801888
[23]BKN030:GT	landrace	-303672.894732	78212	10	303672.894732
[24]BKN031:GT	landrace	-302697.75617	77808	10	302697.75617
[25]BKN032:GT	landrace	-308409.290505	79195	10	308409.290505
[26]BKN033:GT	landrace	-307303.011125	79107	10	307303.011125
[27]BKN034:GT	landrace	-305042.129499	78499	10	305042.129499
[28]BKN035:GT	landrace	-296691.950057	76484	10	296691.950057
[29]BKN040:GT	landrace	-306724.46651	78622	10	306724.46651
[30]RIMMA0438.1:GT	landrace	-305109.744196	78642	10	305109.744196
[5]german_Teosinte:GT	wild	-257781.066417	66891	10	257781.066417
[6]TIL01:GT	wild	-263088.109551	68366	10	263088.109551
[7]TIL01-JD:GT	wild	-266096.931096	69143	10	266096.931096
[8]TIL02:GT	wild	-248872.147354	64609	10	248872.147354
[9]TIL03:GT	wild	-267934.237346	69502	10	267934.237346
[10]TIL04-TIP285:GT	wild	-251732.491406	65245	10	251732.491406
[11]TIL04-TIP454:GT	wild	-261440.968484	67767	10	261440.968484
[12]TIL05:GT	wild	-273056.76569	70915	10	273056.76569
[13]TIL06-TIP260:GT	wild	-250674.228933	65138	10	250674.228933
[14]TIL06-TIP496:GT	wild	-248922.383981	64684	10	248922.383981
[15]TIL07:GT	wild	-268434.719116	69614	10	268434.719116
[16]TIL09:GT	wild	-270860.776393	70205	10	270860.776393
[17]TIL10:GT	wild	-261965.134728	67844	10	261965.134728
[18]TIL11:GT	wild	-270722.364443	70271	10	270722.364443
[19]TIL12:GT	wild	-243158.7404	63179	10	243158.7404
[20]TIL14-TIP498:GT	wild	-266190.077265	68922	10	266190.077265
[21]TIL15:GT	wild	-251204.188421	65256	10	251204.188421
[22]TIL16:GT	wild	-250947.163198	65286	10	250947.163198
[23]TIL17:GT	wild	-264456.593597	68467	10	264456.593597
[24]TIL25-TIP489:GT	wild	-248617.590993	64629	10	248617.590993
