sample	feature	cutoff	genetic_load	n_del
174	downstream_2kb	5%	0.000000	0.000000
G	downstream_2kb	5%	0.000000	0.000000
A	downstream_2kb	5%	0.000000	0.000000
./.	downstream_2kb	5%	0.000000	0.000000
0/0	downstream_2kb	5%	0.000000	0.000000
0/0	downstream_2kb	5%	0.000000	0.000000
./.	downstream_2kb	5%	0.000000	0.000000
0/0	downstream_2kb	5%	0.000000	0.000000
0/0	downstream_2kb	5%	0.000000	0.000000
0/0	downstream_2kb	5%	0.000000	0.000000
0/0	downstream_2kb	5%	0.000000	0.000000
0/0	downstream_2kb	5%	0.000000	0.000000
0/0	downstream_2kb	5%	0.000000	0.000000
0/0	downstream_2kb	5%	0.000000	0.000000
./.	downstream_2kb	5%	0.000000	0.000000
./.	downstream_2kb	5%	0.000000	0.000000
0/0	downstream_2kb	5%	0.000000	0.000000
./.	downstream_2kb	5%	0.000000	0.000000
./.	downstream_2kb	5%	0.000000	0.000000
0/0	downstream_2kb	5%	0.000000	0.000000
0/0	downstream_2kb	5%	0.000000	0.000000
./.	downstream_2kb	5%	0.000000	0.000000
0/0	downstream_2kb	5%	0.000000	0.000000
./.	downstream_2kb	5%	0.000000	0.000000
0/0	downstream_2kb	5%	0.000000	0.000000
./.	downstream_2kb	5%	0.000000	0.000000
0/0	downstream_2kb	5%	0.000000	0.000000
0/0	downstream_2kb	5%	0.000000	0.000000
./.	downstream_2kb	5%	0.000000	0.000000
0/0	downstream_2kb	5%	0.000000	0.000000
0/0	downstream_2kb	5%	0.000000	0.000000
./.	downstream_2kb	5%	0.000000	0.000000
0/0	downstream_2kb	5%	0.000000	0.000000
0/0	downstream_2kb	5%	0.000000	0.000000
0/0	downstream_2kb	5%	0.000000	0.000000
./.	downstream_2kb	5%	0.000000	0.000000
0/0	downstream_2kb	5%	0.000000	0.000000
0/0	downstream_2kb	5%	0.000000	0.000000
0/0	downstream_2kb	5%	0.000000	0.000000
1/1	downstream_2kb	5%	0.000000	0.000000
0/0	downstream_2kb	5%	0.000000	0.000000
0/0	downstream_2kb	5%	0.000000	0.000000
./.	downstream_2kb	5%	0.000000	0.000000
./.	downstream_2kb	5%	0.000000	0.000000
./.	downstream_2kb	5%	0.000000	0.000000
0/0	downstream_2kb	5%	0.000000	0.000000
./.	downstream_2kb	5%	0.000000	0.000000
0/0	downstream_2kb	5%	0.000000	0.000000
0/0	downstream_2kb	5%	0.000000	0.000000
./.	downstream_2kb	5%	0.000000	0.000000
0/0	downstream_2kb	5%	0.000000	0.000000
./.	downstream_2kb	5%	0.000000	0.000000
0/0	downstream_2kb	5%	0.000000	0.000000
./.	downstream_2kb	5%	0.000000	0.000000
./.	downstream_2kb	5%	0.000000	0.000000
./.	downstream_2kb	5%	0.000000	0.000000
./.	downstream_2kb	5%	0.000000	0.000000
0/0	downstream_2kb	5%	0.000000	0.000000
0/0	downstream_2kb	5%	0.000000	0.000000
0/0	downstream_2kb	5%	0.000000	0.000000
0/0	downstream_2kb	5%	0.000000	0.000000
./.	downstream_2kb	5%	0.000000	0.000000
./.	downstream_2kb	5%	0.000000	0.000000
0/0	downstream_2kb	5%	0.000000	0.000000
./.	downstream_2kb	5%	0.000000	0.000000
0/0	downstream_2kb	5%	0.000000	0.000000
./.	downstream_2kb	5%	0.000000	0.000000
0/0	downstream_2kb	5%	0.000000	0.000000
./.	downstream_2kb	5%	0.000000	0.000000
0/0	downstream_2kb	5%	0.000000	0.000000
0/0	downstream_2kb	5%	0.000000	0.000000
0/0	downstream_2kb	5%	0.000000	0.000000
0/0	downstream_2kb	5%	0.000000	0.000000
0/0	downstream_2kb	5%	0.000000	0.000000
0/0	downstream_2kb	5%	0.000000	0.000000
0/0	downstream_2kb	5%	0.000000	0.000000
0/0	downstream_2kb	5%	0.000000	0.000000
./.	downstream_2kb	5%	0.000000	0.000000
0/0	downstream_2kb	5%	0.000000	0.000000
0/0	downstream_2kb	5%	0.000000	0.000000
0/0	downstream_2kb	5%	0.000000	0.000000
0/0	downstream_2kb	5%	0.000000	0.000000
0/0	downstream_2kb	5%	0.000000	0.000000
./.	downstream_2kb	5%	0.000000	0.000000
./.	downstream_2kb	5%	0.000000	0.000000
./.	downstream_2kb	5%	0.000000	0.000000
./.	downstream_2kb	5%	0.000000	0.000000
./.	downstream_2kb	5%	0.000000	0.000000
./.	downstream_2kb	5%	0.000000	0.000000
./.	downstream_2kb	5%	0.000000	0.000000
./.	downstream_2kb	5%	0.000000	0.000000
./.	downstream_2kb	5%	0.000000	0.000000
./.	downstream_2kb	5%	0.000000	0.000000
./.	downstream_2kb	5%	0.000000	0.000000
./.	downstream_2kb	5%	0.000000	0.000000
./.	downstream_2kb	5%	0.000000	0.000000
0/0	downstream_2kb	5%	0.000000	0.000000
0/0	downstream_2kb	5%	0.000000	0.000000
./.	downstream_2kb	5%	0.000000	0.000000
0/0	downstream_2kb	5%	0.000000	0.000000
0/0	downstream_2kb	5%	0.000000	0.000000
0/0	downstream_2kb	5%	0.000000	0.000000
./.	downstream_2kb	5%	0.000000	0.000000
./.	downstream_2kb	5%	0.000000	0.000000
./.	downstream_2kb	5%	0.000000	0.000000
./.	downstream_2kb	5%	0.000000	0.000000
0/0	downstream_2kb	5%	0.000000	0.000000
0/0	downstream_2kb	5%	0.000000	0.000000
./.	downstream_2kb	5%	0.000000	0.000000
./.	downstream_2kb	5%	0.000000	0.000000
./.	downstream_2kb	5%	0.000000	0.000000
0/0	downstream_2kb	5%	0.000000	0.000000
0/0	downstream_2kb	5%	0.000000	0.000000
./.	downstream_2kb	5%	0.000000	0.000000
./.	downstream_2kb	5%	0.000000	0.000000
0/0	downstream_2kb	5%	0.000000	0.000000
0/0	downstream_2kb	5%	0.000000	0.000000
0/0	downstream_2kb	5%	0.000000	0.000000
./.	downstream_2kb	5%	0.000000	0.000000
./.	downstream_2kb	5%	0.000000	0.000000
0/0	downstream_2kb	5%	0.000000	0.000000
./.	downstream_2kb	5%	0.000000	0.000000
./.	downstream_2kb	5%	0.000000	0.000000
0/0	downstream_2kb	5%	0.000000	0.000000
./.	downstream_2kb	5%	0.000000	0.000000
./.	downstream_2kb	5%	0.000000	0.000000
0/0	downstream_2kb	5%	0.000000	0.000000
./.	downstream_2kb	5%	0.000000	0.000000
0/0	downstream_2kb	5%	0.000000	0.000000
0/0	downstream_2kb	5%	0.000000	0.000000
./.	downstream_2kb	5%	0.000000	0.000000
0/0	downstream_2kb	5%	0.000000	0.000000
./.	downstream_2kb	5%	0.000000	0.000000
0/0	downstream_2kb	5%	0.000000	0.000000
0/0	downstream_2kb	5%	0.000000	0.000000
0/0	downstream_2kb	5%	0.000000	0.000000
0/0	downstream_2kb	5%	0.000000	0.000000
0/0	downstream_2kb	5%	0.000000	0.000000
0/0	downstream_2kb	5%	0.000000	0.000000
0/0	downstream_2kb	5%	0.000000	0.000000
0/0	downstream_2kb	5%	0.000000	0.000000
0/0	downstream_2kb	5%	0.000000	0.000000
0/0	downstream_2kb	5%	0.000000	0.000000
0/0	downstream_2kb	5%	0.000000	0.000000
0/0	downstream_2kb	5%	0.000000	0.000000
./.	downstream_2kb	5%	0.000000	0.000000
0/0	downstream_2kb	5%	0.000000	0.000000
0/0	downstream_2kb	5%	0.000000	0.000000
0/0	downstream_2kb	5%	0.000000	0.000000
0/0	downstream_2kb	5%	0.000000	0.000000
0/0	downstream_2kb	5%	0.000000	0.000000
0/0	downstream_2kb	5%	0.000000	0.000000
0/0	downstream_2kb	5%	0.000000	0.000000
0/0	downstream_2kb	5%	0.000000	0.000000
0/0	downstream_2kb	5%	0.000000	0.000000
0/0	downstream_2kb	5%	0.000000	0.000000
0/0	downstream_2kb	5%	0.000000	0.000000
0/0	downstream_2kb	5%	0.000000	0.000000
0/0	downstream_2kb	5%	0.000000	0.000000
0/0	downstream_2kb	5%	0.000000	0.000000
0/0	downstream_2kb	5%	0.000000	0.000000
0/0	downstream_2kb	5%	0.000000	0.000000
./.	downstream_2kb	5%	0.000000	0.000000
./.	downstream_2kb	5%	0.000000	0.000000
./.	downstream_2kb	5%	0.000000	0.000000
0/0	downstream_2kb	5%	0.000000	0.000000
0/0	downstream_2kb	5%	0.000000	0.000000
0/0	downstream_2kb	5%	0.000000	0.000000
./.	downstream_2kb	5%	0.000000	0.000000
./.	downstream_2kb	5%	0.000000	0.000000
./.	downstream_2kb	5%	0.000000	0.000000
./.	downstream_2kb	5%	0.000000	0.000000
0/0	downstream_2kb	5%	0.000000	0.000000
./.	downstream_2kb	5%	0.000000	0.000000
0/0	downstream_2kb	5%	0.000000	0.000000
./.	downstream_2kb	5%	0.000000	0.000000
./.	downstream_2kb	5%	0.000000	0.000000
./.	downstream_2kb	5%	0.000000	0.000000
./.	downstream_2kb	5%	0.000000	0.000000
0/0	downstream_2kb	5%	0.000000	0.000000
0/0	downstream_2kb	5%	0.000000	0.000000
0/0	downstream_2kb	5%	0.000000	0.000000
./.	downstream_2kb	5%	0.000000	0.000000
./.	downstream_2kb	5%	0.000000	0.000000
./.	downstream_2kb	5%	0.000000	0.000000
0/0	downstream_2kb	5%	0.000000	0.000000
./.	downstream_2kb	5%	0.000000	0.000000
./.	downstream_2kb	5%	0.000000	0.000000
0/0	downstream_2kb	5%	0.000000	0.000000
0/0	downstream_2kb	5%	0.000000	0.000000
0/0	downstream_2kb	5%	0.000000	0.000000
0/0	downstream_2kb	5%	0.000000	0.000000
0/0	downstream_2kb	5%	0.000000	0.000000
0/0	downstream_2kb	5%	0.000000	0.000000
0/0	downstream_2kb	5%	0.000000	0.000000
0/0	downstream_2kb	5%	0.000000	0.000000
0/0	downstream_2kb	5%	0.000000	0.000000
0/0	downstream_2kb	5%	0.000000	0.000000
0/0	downstream_2kb	5%	0.000000	0.000000
0/0	downstream_2kb	5%	0.000000	0.000000
0/0	downstream_2kb	5%	0.000000	0.000000
0/0	downstream_2kb	5%	0.000000	0.000000
0/0	downstream_2kb	5%	0.000000	0.000000
0/0	downstream_2kb	5%	0.000000	0.000000
./.	downstream_2kb	5%	0.000000	0.000000
0/0	downstream_2kb	5%	0.000000	0.000000
0/0	downstream_2kb	5%	0.000000	0.000000
0/0	downstream_2kb	5%	0.000000	0.000000
0/0	downstream_2kb	5%	0.000000	0.000000
0/0	downstream_2kb	5%	0.000000	0.000000
0/0	downstream_2kb	5%	0.000000	0.000000
0/0	downstream_2kb	5%	0.000000	0.000000
0/0	downstream_2kb	5%	0.000000	0.000000
0/0	downstream_2kb	5%	0.000000	0.000000
0/0	downstream_2kb	5%	0.000000	0.000000
0/0	downstream_2kb	5%	0.000000	0.000000
./.	downstream_2kb	5%	0.000000	0.000000
0/0	downstream_2kb	5%	0.000000	0.000000
./.	downstream_2kb	5%	0.000000	0.000000
0/0	downstream_2kb	5%	0.000000	0.000000
./.	downstream_2kb	5%	0.000000	0.000000
./.	downstream_2kb	5%	0.000000	0.000000
0/0	downstream_2kb	5%	0.000000	0.000000
0/0	downstream_2kb	5%	0.000000	0.000000
0/0	downstream_2kb	5%	0.000000	0.000000
0/0	downstream_2kb	5%	0.000000	0.000000
0/0	downstream_2kb	5%	0.000000	0.000000
0/0	downstream_2kb	5%	0.000000	0.000000
0/0	downstream_2kb	5%	0.000000	0.000000
0/0	downstream_2kb	5%	0.000000	0.000000
0/0	downstream_2kb	5%	0.000000	0.000000
0/0	downstream_2kb	5%	0.000000	0.000000
0/0	downstream_2kb	5%	0.000000	0.000000
0/0	downstream_2kb	5%	0.000000	0.000000
0/0	downstream_2kb	5%	0.000000	0.000000
./.	downstream_2kb	5%	0.000000	0.000000
0/0	downstream_2kb	5%	0.000000	0.000000
0/0	downstream_2kb	5%	0.000000	0.000000
0/0	downstream_2kb	5%	0.000000	0.000000
0/0	downstream_2kb	5%	0.000000	0.000000
./.	downstream_2kb	5%	0.000000	0.000000
0/0	downstream_2kb	5%	0.000000	0.000000
0/0	downstream_2kb	5%	0.000000	0.000000
0/0	downstream_2kb	5%	0.000000	0.000000
0/0	downstream_2kb	5%	0.000000	0.000000
0/0	downstream_2kb	5%	0.000000	0.000000
0/0	downstream_2kb	5%	0.000000	0.000000
0/0	downstream_2kb	5%	0.000000	0.000000
0/0	downstream_2kb	5%	0.000000	0.000000
0/0	downstream_2kb	5%	0.000000	0.000000
./.	downstream_2kb	5%	0.000000	0.000000
0/0	downstream_2kb	5%	0.000000	0.000000
0/0	downstream_2kb	5%	0.000000	0.000000
0/0	downstream_2kb	5%	0.000000	0.000000
0/0	downstream_2kb	5%	0.000000	0.000000
0/0	downstream_2kb	5%	0.000000	0.000000
0/0	downstream_2kb	5%	0.000000	0.000000
0/0	downstream_2kb	5%	0.000000	0.000000
0/0	downstream_2kb	5%	0.000000	0.000000
0/0	downstream_2kb	5%	0.000000	0.000000
0/0	downstream_2kb	5%	0.000000	0.000000
0/0	downstream_2kb	5%	0.000000	0.000000
0/0	downstream_2kb	5%	0.000000	0.000000
0/0	downstream_2kb	5%	0.000000	0.000000
0/0	downstream_2kb	5%	0.000000	0.000000
0/0	downstream_2kb	5%	0.000000	0.000000
0/0	downstream_2kb	5%	0.000000	0.000000
0/0	downstream_2kb	5%	0.000000	0.000000
0/0	downstream_2kb	5%	0.000000	0.000000
./.	downstream_2kb	5%	0.000000	0.000000
0/0	downstream_2kb	5%	0.000000	0.000000
0/0	downstream_2kb	5%	0.000000	0.000000
0/0	downstream_2kb	5%	0.000000	0.000000
0/0	downstream_2kb	5%	0.000000	0.000000
0/0	downstream_2kb	5%	0.000000	0.000000
0/0	downstream_2kb	5%	0.000000	0.000000
0/0	downstream_2kb	5%	0.000000	0.000000
0/0	downstream_2kb	5%	0.000000	0.000000
./.	downstream_2kb	5%	0.000000	0.000000
0/0	downstream_2kb	5%	0.000000	0.000000
0/0	downstream_2kb	5%	0.000000	0.000000
0/0	downstream_2kb	5%	0.000000	0.000000
0/0	downstream_2kb	5%	0.000000	0.000000
0/0	downstream_2kb	5%	0.000000	0.000000
0/0	downstream_2kb	5%	0.000000	0.000000
0/0	downstream_2kb	5%	0.000000	0.000000
0/0	downstream_2kb	5%	0.000000	0.000000
0/0	downstream_2kb	5%	0.000000	0.000000
0/0	downstream_2kb	5%	0.000000	0.000000
0/0	downstream_2kb	5%	0.000000	0.000000
0/0	downstream_2kb	5%	0.000000	0.000000
0/0	downstream_2kb	5%	0.000000	0.000000
174	exon	5%	0.000000	0.000000
G	exon	5%	0.000000	0.000000
A	exon	5%	0.000000	0.000000
./.	exon	5%	0.000000	0.000000
0/0	exon	5%	0.000000	0.000000
0/0	exon	5%	0.000000	0.000000
./.	exon	5%	0.000000	0.000000
0/0	exon	5%	0.000000	0.000000
0/0	exon	5%	0.000000	0.000000
0/0	exon	5%	0.000000	0.000000
0/0	exon	5%	0.000000	0.000000
0/0	exon	5%	0.000000	0.000000
0/0	exon	5%	0.000000	0.000000
0/0	exon	5%	0.000000	0.000000
./.	exon	5%	0.000000	0.000000
./.	exon	5%	0.000000	0.000000
0/0	exon	5%	0.000000	0.000000
./.	exon	5%	0.000000	0.000000
./.	exon	5%	0.000000	0.000000
0/0	exon	5%	0.000000	0.000000
0/0	exon	5%	0.000000	0.000000
./.	exon	5%	0.000000	0.000000
0/0	exon	5%	0.000000	0.000000
./.	exon	5%	0.000000	0.000000
0/0	exon	5%	0.000000	0.000000
./.	exon	5%	0.000000	0.000000
0/0	exon	5%	0.000000	0.000000
0/0	exon	5%	0.000000	0.000000
./.	exon	5%	0.000000	0.000000
0/0	exon	5%	0.000000	0.000000
0/0	exon	5%	0.000000	0.000000
./.	exon	5%	0.000000	0.000000
0/0	exon	5%	0.000000	0.000000
0/0	exon	5%	0.000000	0.000000
0/0	exon	5%	0.000000	0.000000
./.	exon	5%	0.000000	0.000000
0/0	exon	5%	0.000000	0.000000
0/0	exon	5%	0.000000	0.000000
0/0	exon	5%	0.000000	0.000000
1/1	exon	5%	0.000000	0.000000
0/0	exon	5%	0.000000	0.000000
0/0	exon	5%	0.000000	0.000000
./.	exon	5%	0.000000	0.000000
./.	exon	5%	0.000000	0.000000
./.	exon	5%	0.000000	0.000000
0/0	exon	5%	0.000000	0.000000
./.	exon	5%	0.000000	0.000000
0/0	exon	5%	0.000000	0.000000
0/0	exon	5%	0.000000	0.000000
./.	exon	5%	0.000000	0.000000
0/0	exon	5%	0.000000	0.000000
./.	exon	5%	0.000000	0.000000
0/0	exon	5%	0.000000	0.000000
./.	exon	5%	0.000000	0.000000
./.	exon	5%	0.000000	0.000000
./.	exon	5%	0.000000	0.000000
./.	exon	5%	0.000000	0.000000
0/0	exon	5%	0.000000	0.000000
0/0	exon	5%	0.000000	0.000000
0/0	exon	5%	0.000000	0.000000
0/0	exon	5%	0.000000	0.000000
./.	exon	5%	0.000000	0.000000
./.	exon	5%	0.000000	0.000000
0/0	exon	5%	0.000000	0.000000
./.	exon	5%	0.000000	0.000000
0/0	exon	5%	0.000000	0.000000
./.	exon	5%	0.000000	0.000000
0/0	exon	5%	0.000000	0.000000
./.	exon	5%	0.000000	0.000000
0/0	exon	5%	0.000000	0.000000
0/0	exon	5%	0.000000	0.000000
0/0	exon	5%	0.000000	0.000000
0/0	exon	5%	0.000000	0.000000
0/0	exon	5%	0.000000	0.000000
0/0	exon	5%	0.000000	0.000000
0/0	exon	5%	0.000000	0.000000
0/0	exon	5%	0.000000	0.000000
./.	exon	5%	0.000000	0.000000
0/0	exon	5%	0.000000	0.000000
0/0	exon	5%	0.000000	0.000000
0/0	exon	5%	0.000000	0.000000
0/0	exon	5%	0.000000	0.000000
0/0	exon	5%	0.000000	0.000000
./.	exon	5%	0.000000	0.000000
./.	exon	5%	0.000000	0.000000
./.	exon	5%	0.000000	0.000000
./.	exon	5%	0.000000	0.000000
./.	exon	5%	0.000000	0.000000
./.	exon	5%	0.000000	0.000000
./.	exon	5%	0.000000	0.000000
./.	exon	5%	0.000000	0.000000
./.	exon	5%	0.000000	0.000000
./.	exon	5%	0.000000	0.000000
./.	exon	5%	0.000000	0.000000
./.	exon	5%	0.000000	0.000000
./.	exon	5%	0.000000	0.000000
0/0	exon	5%	0.000000	0.000000
0/0	exon	5%	0.000000	0.000000
./.	exon	5%	0.000000	0.000000
0/0	exon	5%	0.000000	0.000000
0/0	exon	5%	0.000000	0.000000
0/0	exon	5%	0.000000	0.000000
./.	exon	5%	0.000000	0.000000
./.	exon	5%	0.000000	0.000000
./.	exon	5%	0.000000	0.000000
./.	exon	5%	0.000000	0.000000
0/0	exon	5%	0.000000	0.000000
0/0	exon	5%	0.000000	0.000000
./.	exon	5%	0.000000	0.000000
./.	exon	5%	0.000000	0.000000
./.	exon	5%	0.000000	0.000000
0/0	exon	5%	0.000000	0.000000
0/0	exon	5%	0.000000	0.000000
./.	exon	5%	0.000000	0.000000
./.	exon	5%	0.000000	0.000000
0/0	exon	5%	0.000000	0.000000
0/0	exon	5%	0.000000	0.000000
0/0	exon	5%	0.000000	0.000000
./.	exon	5%	0.000000	0.000000
./.	exon	5%	0.000000	0.000000
0/0	exon	5%	0.000000	0.000000
./.	exon	5%	0.000000	0.000000
./.	exon	5%	0.000000	0.000000
0/0	exon	5%	0.000000	0.000000
./.	exon	5%	0.000000	0.000000
./.	exon	5%	0.000000	0.000000
0/0	exon	5%	0.000000	0.000000
./.	exon	5%	0.000000	0.000000
0/0	exon	5%	0.000000	0.000000
0/0	exon	5%	0.000000	0.000000
./.	exon	5%	0.000000	0.000000
0/0	exon	5%	0.000000	0.000000
./.	exon	5%	0.000000	0.000000
0/0	exon	5%	0.000000	0.000000
0/0	exon	5%	0.000000	0.000000
0/0	exon	5%	0.000000	0.000000
0/0	exon	5%	0.000000	0.000000
0/0	exon	5%	0.000000	0.000000
0/0	exon	5%	0.000000	0.000000
0/0	exon	5%	0.000000	0.000000
0/0	exon	5%	0.000000	0.000000
0/0	exon	5%	0.000000	0.000000
0/0	exon	5%	0.000000	0.000000
0/0	exon	5%	0.000000	0.000000
0/0	exon	5%	0.000000	0.000000
./.	exon	5%	0.000000	0.000000
0/0	exon	5%	0.000000	0.000000
0/0	exon	5%	0.000000	0.000000
0/0	exon	5%	0.000000	0.000000
0/0	exon	5%	0.000000	0.000000
0/0	exon	5%	0.000000	0.000000
0/0	exon	5%	0.000000	0.000000
0/0	exon	5%	0.000000	0.000000
0/0	exon	5%	0.000000	0.000000
0/0	exon	5%	0.000000	0.000000
0/0	exon	5%	0.000000	0.000000
0/0	exon	5%	0.000000	0.000000
0/0	exon	5%	0.000000	0.000000
0/0	exon	5%	0.000000	0.000000
0/0	exon	5%	0.000000	0.000000
0/0	exon	5%	0.000000	0.000000
0/0	exon	5%	0.000000	0.000000
./.	exon	5%	0.000000	0.000000
./.	exon	5%	0.000000	0.000000
./.	exon	5%	0.000000	0.000000
0/0	exon	5%	0.000000	0.000000
0/0	exon	5%	0.000000	0.000000
0/0	exon	5%	0.000000	0.000000
./.	exon	5%	0.000000	0.000000
./.	exon	5%	0.000000	0.000000
./.	exon	5%	0.000000	0.000000
./.	exon	5%	0.000000	0.000000
0/0	exon	5%	0.000000	0.000000
./.	exon	5%	0.000000	0.000000
0/0	exon	5%	0.000000	0.000000
./.	exon	5%	0.000000	0.000000
./.	exon	5%	0.000000	0.000000
./.	exon	5%	0.000000	0.000000
./.	exon	5%	0.000000	0.000000
0/0	exon	5%	0.000000	0.000000
0/0	exon	5%	0.000000	0.000000
0/0	exon	5%	0.000000	0.000000
./.	exon	5%	0.000000	0.000000
./.	exon	5%	0.000000	0.000000
./.	exon	5%	0.000000	0.000000
0/0	exon	5%	0.000000	0.000000
./.	exon	5%	0.000000	0.000000
./.	exon	5%	0.000000	0.000000
0/0	exon	5%	0.000000	0.000000
0/0	exon	5%	0.000000	0.000000
0/0	exon	5%	0.000000	0.000000
0/0	exon	5%	0.000000	0.000000
0/0	exon	5%	0.000000	0.000000
0/0	exon	5%	0.000000	0.000000
0/0	exon	5%	0.000000	0.000000
0/0	exon	5%	0.000000	0.000000
0/0	exon	5%	0.000000	0.000000
0/0	exon	5%	0.000000	0.000000
0/0	exon	5%	0.000000	0.000000
0/0	exon	5%	0.000000	0.000000
0/0	exon	5%	0.000000	0.000000
0/0	exon	5%	0.000000	0.000000
0/0	exon	5%	0.000000	0.000000
0/0	exon	5%	0.000000	0.000000
./.	exon	5%	0.000000	0.000000
0/0	exon	5%	0.000000	0.000000
0/0	exon	5%	0.000000	0.000000
0/0	exon	5%	0.000000	0.000000
0/0	exon	5%	0.000000	0.000000
0/0	exon	5%	0.000000	0.000000
0/0	exon	5%	0.000000	0.000000
0/0	exon	5%	0.000000	0.000000
0/0	exon	5%	0.000000	0.000000
0/0	exon	5%	0.000000	0.000000
0/0	exon	5%	0.000000	0.000000
0/0	exon	5%	0.000000	0.000000
./.	exon	5%	0.000000	0.000000
0/0	exon	5%	0.000000	0.000000
./.	exon	5%	0.000000	0.000000
0/0	exon	5%	0.000000	0.000000
./.	exon	5%	0.000000	0.000000
./.	exon	5%	0.000000	0.000000
0/0	exon	5%	0.000000	0.000000
0/0	exon	5%	0.000000	0.000000
0/0	exon	5%	0.000000	0.000000
0/0	exon	5%	0.000000	0.000000
0/0	exon	5%	0.000000	0.000000
0/0	exon	5%	0.000000	0.000000
0/0	exon	5%	0.000000	0.000000
0/0	exon	5%	0.000000	0.000000
0/0	exon	5%	0.000000	0.000000
0/0	exon	5%	0.000000	0.000000
0/0	exon	5%	0.000000	0.000000
0/0	exon	5%	0.000000	0.000000
0/0	exon	5%	0.000000	0.000000
./.	exon	5%	0.000000	0.000000
0/0	exon	5%	0.000000	0.000000
0/0	exon	5%	0.000000	0.000000
0/0	exon	5%	0.000000	0.000000
0/0	exon	5%	0.000000	0.000000
./.	exon	5%	0.000000	0.000000
0/0	exon	5%	0.000000	0.000000
0/0	exon	5%	0.000000	0.000000
0/0	exon	5%	0.000000	0.000000
0/0	exon	5%	0.000000	0.000000
0/0	exon	5%	0.000000	0.000000
0/0	exon	5%	0.000000	0.000000
0/0	exon	5%	0.000000	0.000000
0/0	exon	5%	0.000000	0.000000
0/0	exon	5%	0.000000	0.000000
./.	exon	5%	0.000000	0.000000
0/0	exon	5%	0.000000	0.000000
0/0	exon	5%	0.000000	0.000000
0/0	exon	5%	0.000000	0.000000
0/0	exon	5%	0.000000	0.000000
0/0	exon	5%	0.000000	0.000000
0/0	exon	5%	0.000000	0.000000
0/0	exon	5%	0.000000	0.000000
0/0	exon	5%	0.000000	0.000000
0/0	exon	5%	0.000000	0.000000
0/0	exon	5%	0.000000	0.000000
0/0	exon	5%	0.000000	0.000000
0/0	exon	5%	0.000000	0.000000
0/0	exon	5%	0.000000	0.000000
0/0	exon	5%	0.000000	0.000000
0/0	exon	5%	0.000000	0.000000
0/0	exon	5%	0.000000	0.000000
0/0	exon	5%	0.000000	0.000000
0/0	exon	5%	0.000000	0.000000
./.	exon	5%	0.000000	0.000000
0/0	exon	5%	0.000000	0.000000
0/0	exon	5%	0.000000	0.000000
0/0	exon	5%	0.000000	0.000000
0/0	exon	5%	0.000000	0.000000
0/0	exon	5%	0.000000	0.000000
0/0	exon	5%	0.000000	0.000000
0/0	exon	5%	0.000000	0.000000
0/0	exon	5%	0.000000	0.000000
./.	exon	5%	0.000000	0.000000
0/0	exon	5%	0.000000	0.000000
0/0	exon	5%	0.000000	0.000000
0/0	exon	5%	0.000000	0.000000
0/0	exon	5%	0.000000	0.000000
0/0	exon	5%	0.000000	0.000000
0/0	exon	5%	0.000000	0.000000
0/0	exon	5%	0.000000	0.000000
0/0	exon	5%	0.000000	0.000000
0/0	exon	5%	0.000000	0.000000
0/0	exon	5%	0.000000	0.000000
0/0	exon	5%	0.000000	0.000000
0/0	exon	5%	0.000000	0.000000
0/0	exon	5%	0.000000	0.000000
174	intergenic	5%	0.000000	0.000000
G	intergenic	5%	0.000000	0.000000
A	intergenic	5%	0.000000	0.000000
./.	intergenic	5%	0.000000	0.000000
0/0	intergenic	5%	0.000000	0.000000
0/0	intergenic	5%	0.000000	0.000000
./.	intergenic	5%	0.000000	0.000000
0/0	intergenic	5%	0.000000	0.000000
0/0	intergenic	5%	0.000000	0.000000
0/0	intergenic	5%	0.000000	0.000000
0/0	intergenic	5%	0.000000	0.000000
0/0	intergenic	5%	0.000000	0.000000
0/0	intergenic	5%	0.000000	0.000000
0/0	intergenic	5%	0.000000	0.000000
./.	intergenic	5%	0.000000	0.000000
./.	intergenic	5%	0.000000	0.000000
0/0	intergenic	5%	0.000000	0.000000
./.	intergenic	5%	0.000000	0.000000
./.	intergenic	5%	0.000000	0.000000
0/0	intergenic	5%	0.000000	0.000000
0/0	intergenic	5%	0.000000	0.000000
./.	intergenic	5%	0.000000	0.000000
0/0	intergenic	5%	0.000000	0.000000
./.	intergenic	5%	0.000000	0.000000
0/0	intergenic	5%	0.000000	0.000000
./.	intergenic	5%	0.000000	0.000000
0/0	intergenic	5%	0.000000	0.000000
0/0	intergenic	5%	0.000000	0.000000
./.	intergenic	5%	0.000000	0.000000
0/0	intergenic	5%	0.000000	0.000000
0/0	intergenic	5%	0.000000	0.000000
./.	intergenic	5%	0.000000	0.000000
0/0	intergenic	5%	0.000000	0.000000
0/0	intergenic	5%	0.000000	0.000000
0/0	intergenic	5%	0.000000	0.000000
./.	intergenic	5%	0.000000	0.000000
0/0	intergenic	5%	0.000000	0.000000
0/0	intergenic	5%	0.000000	0.000000
0/0	intergenic	5%	0.000000	0.000000
1/1	intergenic	5%	0.000000	0.000000
0/0	intergenic	5%	0.000000	0.000000
0/0	intergenic	5%	0.000000	0.000000
./.	intergenic	5%	0.000000	0.000000
./.	intergenic	5%	0.000000	0.000000
./.	intergenic	5%	0.000000	0.000000
0/0	intergenic	5%	0.000000	0.000000
./.	intergenic	5%	0.000000	0.000000
0/0	intergenic	5%	0.000000	0.000000
0/0	intergenic	5%	0.000000	0.000000
./.	intergenic	5%	0.000000	0.000000
0/0	intergenic	5%	0.000000	0.000000
./.	intergenic	5%	0.000000	0.000000
0/0	intergenic	5%	0.000000	0.000000
./.	intergenic	5%	0.000000	0.000000
./.	intergenic	5%	0.000000	0.000000
./.	intergenic	5%	0.000000	0.000000
./.	intergenic	5%	0.000000	0.000000
0/0	intergenic	5%	0.000000	0.000000
0/0	intergenic	5%	0.000000	0.000000
0/0	intergenic	5%	0.000000	0.000000
0/0	intergenic	5%	0.000000	0.000000
./.	intergenic	5%	0.000000	0.000000
./.	intergenic	5%	0.000000	0.000000
0/0	intergenic	5%	0.000000	0.000000
./.	intergenic	5%	0.000000	0.000000
0/0	intergenic	5%	0.000000	0.000000
./.	intergenic	5%	0.000000	0.000000
0/0	intergenic	5%	0.000000	0.000000
./.	intergenic	5%	0.000000	0.000000
0/0	intergenic	5%	0.000000	0.000000
0/0	intergenic	5%	0.000000	0.000000
0/0	intergenic	5%	0.000000	0.000000
0/0	intergenic	5%	0.000000	0.000000
0/0	intergenic	5%	0.000000	0.000000
0/0	intergenic	5%	0.000000	0.000000
0/0	intergenic	5%	0.000000	0.000000
0/0	intergenic	5%	0.000000	0.000000
./.	intergenic	5%	0.000000	0.000000
0/0	intergenic	5%	0.000000	0.000000
0/0	intergenic	5%	0.000000	0.000000
0/0	intergenic	5%	0.000000	0.000000
0/0	intergenic	5%	0.000000	0.000000
0/0	intergenic	5%	0.000000	0.000000
./.	intergenic	5%	0.000000	0.000000
./.	intergenic	5%	0.000000	0.000000
./.	intergenic	5%	0.000000	0.000000
./.	intergenic	5%	0.000000	0.000000
./.	intergenic	5%	0.000000	0.000000
./.	intergenic	5%	0.000000	0.000000
./.	intergenic	5%	0.000000	0.000000
./.	intergenic	5%	0.000000	0.000000
./.	intergenic	5%	0.000000	0.000000
./.	intergenic	5%	0.000000	0.000000
./.	intergenic	5%	0.000000	0.000000
./.	intergenic	5%	0.000000	0.000000
./.	intergenic	5%	0.000000	0.000000
0/0	intergenic	5%	0.000000	0.000000
0/0	intergenic	5%	0.000000	0.000000
./.	intergenic	5%	0.000000	0.000000
0/0	intergenic	5%	0.000000	0.000000
0/0	intergenic	5%	0.000000	0.000000
0/0	intergenic	5%	0.000000	0.000000
./.	intergenic	5%	0.000000	0.000000
./.	intergenic	5%	0.000000	0.000000
./.	intergenic	5%	0.000000	0.000000
./.	intergenic	5%	0.000000	0.000000
0/0	intergenic	5%	0.000000	0.000000
0/0	intergenic	5%	0.000000	0.000000
./.	intergenic	5%	0.000000	0.000000
./.	intergenic	5%	0.000000	0.000000
./.	intergenic	5%	0.000000	0.000000
0/0	intergenic	5%	0.000000	0.000000
0/0	intergenic	5%	0.000000	0.000000
./.	intergenic	5%	0.000000	0.000000
./.	intergenic	5%	0.000000	0.000000
0/0	intergenic	5%	0.000000	0.000000
0/0	intergenic	5%	0.000000	0.000000
0/0	intergenic	5%	0.000000	0.000000
./.	intergenic	5%	0.000000	0.000000
./.	intergenic	5%	0.000000	0.000000
0/0	intergenic	5%	0.000000	0.000000
./.	intergenic	5%	0.000000	0.000000
./.	intergenic	5%	0.000000	0.000000
0/0	intergenic	5%	0.000000	0.000000
./.	intergenic	5%	0.000000	0.000000
./.	intergenic	5%	0.000000	0.000000
0/0	intergenic	5%	0.000000	0.000000
./.	intergenic	5%	0.000000	0.000000
0/0	intergenic	5%	0.000000	0.000000
0/0	intergenic	5%	0.000000	0.000000
./.	intergenic	5%	0.000000	0.000000
0/0	intergenic	5%	0.000000	0.000000
./.	intergenic	5%	0.000000	0.000000
0/0	intergenic	5%	0.000000	0.000000
0/0	intergenic	5%	0.000000	0.000000
0/0	intergenic	5%	0.000000	0.000000
0/0	intergenic	5%	0.000000	0.000000
0/0	intergenic	5%	0.000000	0.000000
0/0	intergenic	5%	0.000000	0.000000
0/0	intergenic	5%	0.000000	0.000000
0/0	intergenic	5%	0.000000	0.000000
0/0	intergenic	5%	0.000000	0.000000
0/0	intergenic	5%	0.000000	0.000000
0/0	intergenic	5%	0.000000	0.000000
0/0	intergenic	5%	0.000000	0.000000
./.	intergenic	5%	0.000000	0.000000
0/0	intergenic	5%	0.000000	0.000000
0/0	intergenic	5%	0.000000	0.000000
0/0	intergenic	5%	0.000000	0.000000
0/0	intergenic	5%	0.000000	0.000000
0/0	intergenic	5%	0.000000	0.000000
0/0	intergenic	5%	0.000000	0.000000
0/0	intergenic	5%	0.000000	0.000000
0/0	intergenic	5%	0.000000	0.000000
0/0	intergenic	5%	0.000000	0.000000
0/0	intergenic	5%	0.000000	0.000000
0/0	intergenic	5%	0.000000	0.000000
0/0	intergenic	5%	0.000000	0.000000
0/0	intergenic	5%	0.000000	0.000000
0/0	intergenic	5%	0.000000	0.000000
0/0	intergenic	5%	0.000000	0.000000
0/0	intergenic	5%	0.000000	0.000000
./.	intergenic	5%	0.000000	0.000000
./.	intergenic	5%	0.000000	0.000000
./.	intergenic	5%	0.000000	0.000000
0/0	intergenic	5%	0.000000	0.000000
0/0	intergenic	5%	0.000000	0.000000
0/0	intergenic	5%	0.000000	0.000000
./.	intergenic	5%	0.000000	0.000000
./.	intergenic	5%	0.000000	0.000000
./.	intergenic	5%	0.000000	0.000000
./.	intergenic	5%	0.000000	0.000000
0/0	intergenic	5%	0.000000	0.000000
./.	intergenic	5%	0.000000	0.000000
0/0	intergenic	5%	0.000000	0.000000
./.	intergenic	5%	0.000000	0.000000
./.	intergenic	5%	0.000000	0.000000
./.	intergenic	5%	0.000000	0.000000
./.	intergenic	5%	0.000000	0.000000
0/0	intergenic	5%	0.000000	0.000000
0/0	intergenic	5%	0.000000	0.000000
0/0	intergenic	5%	0.000000	0.000000
./.	intergenic	5%	0.000000	0.000000
./.	intergenic	5%	0.000000	0.000000
./.	intergenic	5%	0.000000	0.000000
0/0	intergenic	5%	0.000000	0.000000
./.	intergenic	5%	0.000000	0.000000
./.	intergenic	5%	0.000000	0.000000
0/0	intergenic	5%	0.000000	0.000000
0/0	intergenic	5%	0.000000	0.000000
0/0	intergenic	5%	0.000000	0.000000
0/0	intergenic	5%	0.000000	0.000000
0/0	intergenic	5%	0.000000	0.000000
0/0	intergenic	5%	0.000000	0.000000
0/0	intergenic	5%	0.000000	0.000000
0/0	intergenic	5%	0.000000	0.000000
0/0	intergenic	5%	0.000000	0.000000
0/0	intergenic	5%	0.000000	0.000000
0/0	intergenic	5%	0.000000	0.000000
0/0	intergenic	5%	0.000000	0.000000
0/0	intergenic	5%	0.000000	0.000000
0/0	intergenic	5%	0.000000	0.000000
0/0	intergenic	5%	0.000000	0.000000
0/0	intergenic	5%	0.000000	0.000000
./.	intergenic	5%	0.000000	0.000000
0/0	intergenic	5%	0.000000	0.000000
0/0	intergenic	5%	0.000000	0.000000
0/0	intergenic	5%	0.000000	0.000000
0/0	intergenic	5%	0.000000	0.000000
0/0	intergenic	5%	0.000000	0.000000
0/0	intergenic	5%	0.000000	0.000000
0/0	intergenic	5%	0.000000	0.000000
0/0	intergenic	5%	0.000000	0.000000
0/0	intergenic	5%	0.000000	0.000000
0/0	intergenic	5%	0.000000	0.000000
0/0	intergenic	5%	0.000000	0.000000
./.	intergenic	5%	0.000000	0.000000
0/0	intergenic	5%	0.000000	0.000000
./.	intergenic	5%	0.000000	0.000000
0/0	intergenic	5%	0.000000	0.000000
./.	intergenic	5%	0.000000	0.000000
./.	intergenic	5%	0.000000	0.000000
0/0	intergenic	5%	0.000000	0.000000
0/0	intergenic	5%	0.000000	0.000000
0/0	intergenic	5%	0.000000	0.000000
0/0	intergenic	5%	0.000000	0.000000
0/0	intergenic	5%	0.000000	0.000000
0/0	intergenic	5%	0.000000	0.000000
0/0	intergenic	5%	0.000000	0.000000
0/0	intergenic	5%	0.000000	0.000000
0/0	intergenic	5%	0.000000	0.000000
0/0	intergenic	5%	0.000000	0.000000
0/0	intergenic	5%	0.000000	0.000000
0/0	intergenic	5%	0.000000	0.000000
0/0	intergenic	5%	0.000000	0.000000
./.	intergenic	5%	0.000000	0.000000
0/0	intergenic	5%	0.000000	0.000000
0/0	intergenic	5%	0.000000	0.000000
0/0	intergenic	5%	0.000000	0.000000
0/0	intergenic	5%	0.000000	0.000000
./.	intergenic	5%	0.000000	0.000000
0/0	intergenic	5%	0.000000	0.000000
0/0	intergenic	5%	0.000000	0.000000
0/0	intergenic	5%	0.000000	0.000000
0/0	intergenic	5%	0.000000	0.000000
0/0	intergenic	5%	0.000000	0.000000
0/0	intergenic	5%	0.000000	0.000000
0/0	intergenic	5%	0.000000	0.000000
0/0	intergenic	5%	0.000000	0.000000
0/0	intergenic	5%	0.000000	0.000000
./.	intergenic	5%	0.000000	0.000000
0/0	intergenic	5%	0.000000	0.000000
0/0	intergenic	5%	0.000000	0.000000
0/0	intergenic	5%	0.000000	0.000000
0/0	intergenic	5%	0.000000	0.000000
0/0	intergenic	5%	0.000000	0.000000
0/0	intergenic	5%	0.000000	0.000000
0/0	intergenic	5%	0.000000	0.000000
0/0	intergenic	5%	0.000000	0.000000
0/0	intergenic	5%	0.000000	0.000000
0/0	intergenic	5%	0.000000	0.000000
0/0	intergenic	5%	0.000000	0.000000
0/0	intergenic	5%	0.000000	0.000000
0/0	intergenic	5%	0.000000	0.000000
0/0	intergenic	5%	0.000000	0.000000
0/0	intergenic	5%	0.000000	0.000000
0/0	intergenic	5%	0.000000	0.000000
0/0	intergenic	5%	0.000000	0.000000
0/0	intergenic	5%	0.000000	0.000000
./.	intergenic	5%	0.000000	0.000000
0/0	intergenic	5%	0.000000	0.000000
0/0	intergenic	5%	0.000000	0.000000
0/0	intergenic	5%	0.000000	0.000000
0/0	intergenic	5%	0.000000	0.000000
0/0	intergenic	5%	0.000000	0.000000
0/0	intergenic	5%	0.000000	0.000000
0/0	intergenic	5%	0.000000	0.000000
0/0	intergenic	5%	0.000000	0.000000
./.	intergenic	5%	0.000000	0.000000
0/0	intergenic	5%	0.000000	0.000000
0/0	intergenic	5%	0.000000	0.000000
0/0	intergenic	5%	0.000000	0.000000
0/0	intergenic	5%	0.000000	0.000000
0/0	intergenic	5%	0.000000	0.000000
0/0	intergenic	5%	0.000000	0.000000
0/0	intergenic	5%	0.000000	0.000000
0/0	intergenic	5%	0.000000	0.000000
0/0	intergenic	5%	0.000000	0.000000
0/0	intergenic	5%	0.000000	0.000000
0/0	intergenic	5%	0.000000	0.000000
0/0	intergenic	5%	0.000000	0.000000
0/0	intergenic	5%	0.000000	0.000000
174	intron	5%	0.000000	0.000000
G	intron	5%	0.000000	0.000000
A	intron	5%	0.000000	0.000000
./.	intron	5%	0.000000	0.000000
0/0	intron	5%	0.000000	0.000000
0/0	intron	5%	0.000000	0.000000
./.	intron	5%	0.000000	0.000000
0/0	intron	5%	0.000000	0.000000
0/0	intron	5%	0.000000	0.000000
0/0	intron	5%	0.000000	0.000000
0/0	intron	5%	0.000000	0.000000
0/0	intron	5%	0.000000	0.000000
0/0	intron	5%	0.000000	0.000000
0/0	intron	5%	0.000000	0.000000
./.	intron	5%	0.000000	0.000000
./.	intron	5%	0.000000	0.000000
0/0	intron	5%	0.000000	0.000000
./.	intron	5%	0.000000	0.000000
./.	intron	5%	0.000000	0.000000
0/0	intron	5%	0.000000	0.000000
0/0	intron	5%	0.000000	0.000000
./.	intron	5%	0.000000	0.000000
0/0	intron	5%	0.000000	0.000000
./.	intron	5%	0.000000	0.000000
0/0	intron	5%	0.000000	0.000000
./.	intron	5%	0.000000	0.000000
0/0	intron	5%	0.000000	0.000000
0/0	intron	5%	0.000000	0.000000
./.	intron	5%	0.000000	0.000000
0/0	intron	5%	0.000000	0.000000
0/0	intron	5%	0.000000	0.000000
./.	intron	5%	0.000000	0.000000
0/0	intron	5%	0.000000	0.000000
0/0	intron	5%	0.000000	0.000000
0/0	intron	5%	0.000000	0.000000
./.	intron	5%	0.000000	0.000000
0/0	intron	5%	0.000000	0.000000
0/0	intron	5%	0.000000	0.000000
0/0	intron	5%	0.000000	0.000000
1/1	intron	5%	0.000000	0.000000
0/0	intron	5%	0.000000	0.000000
0/0	intron	5%	0.000000	0.000000
./.	intron	5%	0.000000	0.000000
./.	intron	5%	0.000000	0.000000
./.	intron	5%	0.000000	0.000000
0/0	intron	5%	0.000000	0.000000
./.	intron	5%	0.000000	0.000000
0/0	intron	5%	0.000000	0.000000
0/0	intron	5%	0.000000	0.000000
./.	intron	5%	0.000000	0.000000
0/0	intron	5%	0.000000	0.000000
./.	intron	5%	0.000000	0.000000
0/0	intron	5%	0.000000	0.000000
./.	intron	5%	0.000000	0.000000
./.	intron	5%	0.000000	0.000000
./.	intron	5%	0.000000	0.000000
./.	intron	5%	0.000000	0.000000
0/0	intron	5%	0.000000	0.000000
0/0	intron	5%	0.000000	0.000000
0/0	intron	5%	0.000000	0.000000
0/0	intron	5%	0.000000	0.000000
./.	intron	5%	0.000000	0.000000
./.	intron	5%	0.000000	0.000000
0/0	intron	5%	0.000000	0.000000
./.	intron	5%	0.000000	0.000000
0/0	intron	5%	0.000000	0.000000
./.	intron	5%	0.000000	0.000000
0/0	intron	5%	0.000000	0.000000
./.	intron	5%	0.000000	0.000000
0/0	intron	5%	0.000000	0.000000
0/0	intron	5%	0.000000	0.000000
0/0	intron	5%	0.000000	0.000000
0/0	intron	5%	0.000000	0.000000
0/0	intron	5%	0.000000	0.000000
0/0	intron	5%	0.000000	0.000000
0/0	intron	5%	0.000000	0.000000
0/0	intron	5%	0.000000	0.000000
./.	intron	5%	0.000000	0.000000
0/0	intron	5%	0.000000	0.000000
0/0	intron	5%	0.000000	0.000000
0/0	intron	5%	0.000000	0.000000
0/0	intron	5%	0.000000	0.000000
0/0	intron	5%	0.000000	0.000000
./.	intron	5%	0.000000	0.000000
./.	intron	5%	0.000000	0.000000
./.	intron	5%	0.000000	0.000000
./.	intron	5%	0.000000	0.000000
./.	intron	5%	0.000000	0.000000
./.	intron	5%	0.000000	0.000000
./.	intron	5%	0.000000	0.000000
./.	intron	5%	0.000000	0.000000
./.	intron	5%	0.000000	0.000000
./.	intron	5%	0.000000	0.000000
./.	intron	5%	0.000000	0.000000
./.	intron	5%	0.000000	0.000000
./.	intron	5%	0.000000	0.000000
0/0	intron	5%	0.000000	0.000000
0/0	intron	5%	0.000000	0.000000
./.	intron	5%	0.000000	0.000000
0/0	intron	5%	0.000000	0.000000
0/0	intron	5%	0.000000	0.000000
0/0	intron	5%	0.000000	0.000000
./.	intron	5%	0.000000	0.000000
./.	intron	5%	0.000000	0.000000
./.	intron	5%	0.000000	0.000000
./.	intron	5%	0.000000	0.000000
0/0	intron	5%	0.000000	0.000000
0/0	intron	5%	0.000000	0.000000
./.	intron	5%	0.000000	0.000000
./.	intron	5%	0.000000	0.000000
./.	intron	5%	0.000000	0.000000
0/0	intron	5%	0.000000	0.000000
0/0	intron	5%	0.000000	0.000000
./.	intron	5%	0.000000	0.000000
./.	intron	5%	0.000000	0.000000
0/0	intron	5%	0.000000	0.000000
0/0	intron	5%	0.000000	0.000000
0/0	intron	5%	0.000000	0.000000
./.	intron	5%	0.000000	0.000000
./.	intron	5%	0.000000	0.000000
0/0	intron	5%	0.000000	0.000000
./.	intron	5%	0.000000	0.000000
./.	intron	5%	0.000000	0.000000
0/0	intron	5%	0.000000	0.000000
./.	intron	5%	0.000000	0.000000
./.	intron	5%	0.000000	0.000000
0/0	intron	5%	0.000000	0.000000
./.	intron	5%	0.000000	0.000000
0/0	intron	5%	0.000000	0.000000
0/0	intron	5%	0.000000	0.000000
./.	intron	5%	0.000000	0.000000
0/0	intron	5%	0.000000	0.000000
./.	intron	5%	0.000000	0.000000
0/0	intron	5%	0.000000	0.000000
0/0	intron	5%	0.000000	0.000000
0/0	intron	5%	0.000000	0.000000
0/0	intron	5%	0.000000	0.000000
0/0	intron	5%	0.000000	0.000000
0/0	intron	5%	0.000000	0.000000
0/0	intron	5%	0.000000	0.000000
0/0	intron	5%	0.000000	0.000000
0/0	intron	5%	0.000000	0.000000
0/0	intron	5%	0.000000	0.000000
0/0	intron	5%	0.000000	0.000000
0/0	intron	5%	0.000000	0.000000
./.	intron	5%	0.000000	0.000000
0/0	intron	5%	0.000000	0.000000
0/0	intron	5%	0.000000	0.000000
0/0	intron	5%	0.000000	0.000000
0/0	intron	5%	0.000000	0.000000
0/0	intron	5%	0.000000	0.000000
0/0	intron	5%	0.000000	0.000000
0/0	intron	5%	0.000000	0.000000
0/0	intron	5%	0.000000	0.000000
0/0	intron	5%	0.000000	0.000000
0/0	intron	5%	0.000000	0.000000
0/0	intron	5%	0.000000	0.000000
0/0	intron	5%	0.000000	0.000000
0/0	intron	5%	0.000000	0.000000
0/0	intron	5%	0.000000	0.000000
0/0	intron	5%	0.000000	0.000000
0/0	intron	5%	0.000000	0.000000
./.	intron	5%	0.000000	0.000000
./.	intron	5%	0.000000	0.000000
./.	intron	5%	0.000000	0.000000
0/0	intron	5%	0.000000	0.000000
0/0	intron	5%	0.000000	0.000000
0/0	intron	5%	0.000000	0.000000
./.	intron	5%	0.000000	0.000000
./.	intron	5%	0.000000	0.000000
./.	intron	5%	0.000000	0.000000
./.	intron	5%	0.000000	0.000000
0/0	intron	5%	0.000000	0.000000
./.	intron	5%	0.000000	0.000000
0/0	intron	5%	0.000000	0.000000
./.	intron	5%	0.000000	0.000000
./.	intron	5%	0.000000	0.000000
./.	intron	5%	0.000000	0.000000
./.	intron	5%	0.000000	0.000000
0/0	intron	5%	0.000000	0.000000
0/0	intron	5%	0.000000	0.000000
0/0	intron	5%	0.000000	0.000000
./.	intron	5%	0.000000	0.000000
./.	intron	5%	0.000000	0.000000
./.	intron	5%	0.000000	0.000000
0/0	intron	5%	0.000000	0.000000
./.	intron	5%	0.000000	0.000000
./.	intron	5%	0.000000	0.000000
0/0	intron	5%	0.000000	0.000000
0/0	intron	5%	0.000000	0.000000
0/0	intron	5%	0.000000	0.000000
0/0	intron	5%	0.000000	0.000000
0/0	intron	5%	0.000000	0.000000
0/0	intron	5%	0.000000	0.000000
0/0	intron	5%	0.000000	0.000000
0/0	intron	5%	0.000000	0.000000
0/0	intron	5%	0.000000	0.000000
0/0	intron	5%	0.000000	0.000000
0/0	intron	5%	0.000000	0.000000
0/0	intron	5%	0.000000	0.000000
0/0	intron	5%	0.000000	0.000000
0/0	intron	5%	0.000000	0.000000
0/0	intron	5%	0.000000	0.000000
0/0	intron	5%	0.000000	0.000000
./.	intron	5%	0.000000	0.000000
0/0	intron	5%	0.000000	0.000000
0/0	intron	5%	0.000000	0.000000
0/0	intron	5%	0.000000	0.000000
0/0	intron	5%	0.000000	0.000000
0/0	intron	5%	0.000000	0.000000
0/0	intron	5%	0.000000	0.000000
0/0	intron	5%	0.000000	0.000000
0/0	intron	5%	0.000000	0.000000
0/0	intron	5%	0.000000	0.000000
0/0	intron	5%	0.000000	0.000000
0/0	intron	5%	0.000000	0.000000
./.	intron	5%	0.000000	0.000000
0/0	intron	5%	0.000000	0.000000
./.	intron	5%	0.000000	0.000000
0/0	intron	5%	0.000000	0.000000
./.	intron	5%	0.000000	0.000000
./.	intron	5%	0.000000	0.000000
0/0	intron	5%	0.000000	0.000000
0/0	intron	5%	0.000000	0.000000
0/0	intron	5%	0.000000	0.000000
0/0	intron	5%	0.000000	0.000000
0/0	intron	5%	0.000000	0.000000
0/0	intron	5%	0.000000	0.000000
0/0	intron	5%	0.000000	0.000000
0/0	intron	5%	0.000000	0.000000
0/0	intron	5%	0.000000	0.000000
0/0	intron	5%	0.000000	0.000000
0/0	intron	5%	0.000000	0.000000
0/0	intron	5%	0.000000	0.000000
0/0	intron	5%	0.000000	0.000000
./.	intron	5%	0.000000	0.000000
0/0	intron	5%	0.000000	0.000000
0/0	intron	5%	0.000000	0.000000
0/0	intron	5%	0.000000	0.000000
0/0	intron	5%	0.000000	0.000000
./.	intron	5%	0.000000	0.000000
0/0	intron	5%	0.000000	0.000000
0/0	intron	5%	0.000000	0.000000
0/0	intron	5%	0.000000	0.000000
0/0	intron	5%	0.000000	0.000000
0/0	intron	5%	0.000000	0.000000
0/0	intron	5%	0.000000	0.000000
0/0	intron	5%	0.000000	0.000000
0/0	intron	5%	0.000000	0.000000
0/0	intron	5%	0.000000	0.000000
./.	intron	5%	0.000000	0.000000
0/0	intron	5%	0.000000	0.000000
0/0	intron	5%	0.000000	0.000000
0/0	intron	5%	0.000000	0.000000
0/0	intron	5%	0.000000	0.000000
0/0	intron	5%	0.000000	0.000000
0/0	intron	5%	0.000000	0.000000
0/0	intron	5%	0.000000	0.000000
0/0	intron	5%	0.000000	0.000000
0/0	intron	5%	0.000000	0.000000
0/0	intron	5%	0.000000	0.000000
0/0	intron	5%	0.000000	0.000000
0/0	intron	5%	0.000000	0.000000
0/0	intron	5%	0.000000	0.000000
0/0	intron	5%	0.000000	0.000000
0/0	intron	5%	0.000000	0.000000
0/0	intron	5%	0.000000	0.000000
0/0	intron	5%	0.000000	0.000000
0/0	intron	5%	0.000000	0.000000
./.	intron	5%	0.000000	0.000000
0/0	intron	5%	0.000000	0.000000
0/0	intron	5%	0.000000	0.000000
0/0	intron	5%	0.000000	0.000000
0/0	intron	5%	0.000000	0.000000
0/0	intron	5%	0.000000	0.000000
0/0	intron	5%	0.000000	0.000000
0/0	intron	5%	0.000000	0.000000
0/0	intron	5%	0.000000	0.000000
./.	intron	5%	0.000000	0.000000
0/0	intron	5%	0.000000	0.000000
0/0	intron	5%	0.000000	0.000000
0/0	intron	5%	0.000000	0.000000
0/0	intron	5%	0.000000	0.000000
0/0	intron	5%	0.000000	0.000000
0/0	intron	5%	0.000000	0.000000
0/0	intron	5%	0.000000	0.000000
0/0	intron	5%	0.000000	0.000000
0/0	intron	5%	0.000000	0.000000
0/0	intron	5%	0.000000	0.000000
0/0	intron	5%	0.000000	0.000000
0/0	intron	5%	0.000000	0.000000
0/0	intron	5%	0.000000	0.000000
174	upstream_2kb	5%	0.000000	0.000000
G	upstream_2kb	5%	0.000000	0.000000
A	upstream_2kb	5%	0.000000	0.000000
./.	upstream_2kb	5%	0.000000	0.000000
0/0	upstream_2kb	5%	0.000000	0.000000
0/0	upstream_2kb	5%	0.000000	0.000000
./.	upstream_2kb	5%	0.000000	0.000000
0/0	upstream_2kb	5%	0.000000	0.000000
0/0	upstream_2kb	5%	0.000000	0.000000
0/0	upstream_2kb	5%	0.000000	0.000000
0/0	upstream_2kb	5%	0.000000	0.000000
0/0	upstream_2kb	5%	0.000000	0.000000
0/0	upstream_2kb	5%	0.000000	0.000000
0/0	upstream_2kb	5%	0.000000	0.000000
./.	upstream_2kb	5%	0.000000	0.000000
./.	upstream_2kb	5%	0.000000	0.000000
0/0	upstream_2kb	5%	0.000000	0.000000
./.	upstream_2kb	5%	0.000000	0.000000
./.	upstream_2kb	5%	0.000000	0.000000
0/0	upstream_2kb	5%	0.000000	0.000000
0/0	upstream_2kb	5%	0.000000	0.000000
./.	upstream_2kb	5%	0.000000	0.000000
0/0	upstream_2kb	5%	0.000000	0.000000
./.	upstream_2kb	5%	0.000000	0.000000
0/0	upstream_2kb	5%	0.000000	0.000000
./.	upstream_2kb	5%	0.000000	0.000000
0/0	upstream_2kb	5%	0.000000	0.000000
0/0	upstream_2kb	5%	0.000000	0.000000
./.	upstream_2kb	5%	0.000000	0.000000
0/0	upstream_2kb	5%	0.000000	0.000000
0/0	upstream_2kb	5%	0.000000	0.000000
./.	upstream_2kb	5%	0.000000	0.000000
0/0	upstream_2kb	5%	0.000000	0.000000
0/0	upstream_2kb	5%	0.000000	0.000000
0/0	upstream_2kb	5%	0.000000	0.000000
./.	upstream_2kb	5%	0.000000	0.000000
0/0	upstream_2kb	5%	0.000000	0.000000
0/0	upstream_2kb	5%	0.000000	0.000000
0/0	upstream_2kb	5%	0.000000	0.000000
1/1	upstream_2kb	5%	0.000000	0.000000
0/0	upstream_2kb	5%	0.000000	0.000000
0/0	upstream_2kb	5%	0.000000	0.000000
./.	upstream_2kb	5%	0.000000	0.000000
./.	upstream_2kb	5%	0.000000	0.000000
./.	upstream_2kb	5%	0.000000	0.000000
0/0	upstream_2kb	5%	0.000000	0.000000
./.	upstream_2kb	5%	0.000000	0.000000
0/0	upstream_2kb	5%	0.000000	0.000000
0/0	upstream_2kb	5%	0.000000	0.000000
./.	upstream_2kb	5%	0.000000	0.000000
0/0	upstream_2kb	5%	0.000000	0.000000
./.	upstream_2kb	5%	0.000000	0.000000
0/0	upstream_2kb	5%	0.000000	0.000000
./.	upstream_2kb	5%	0.000000	0.000000
./.	upstream_2kb	5%	0.000000	0.000000
./.	upstream_2kb	5%	0.000000	0.000000
./.	upstream_2kb	5%	0.000000	0.000000
0/0	upstream_2kb	5%	0.000000	0.000000
0/0	upstream_2kb	5%	0.000000	0.000000
0/0	upstream_2kb	5%	0.000000	0.000000
0/0	upstream_2kb	5%	0.000000	0.000000
./.	upstream_2kb	5%	0.000000	0.000000
./.	upstream_2kb	5%	0.000000	0.000000
0/0	upstream_2kb	5%	0.000000	0.000000
./.	upstream_2kb	5%	0.000000	0.000000
0/0	upstream_2kb	5%	0.000000	0.000000
./.	upstream_2kb	5%	0.000000	0.000000
0/0	upstream_2kb	5%	0.000000	0.000000
./.	upstream_2kb	5%	0.000000	0.000000
0/0	upstream_2kb	5%	0.000000	0.000000
0/0	upstream_2kb	5%	0.000000	0.000000
0/0	upstream_2kb	5%	0.000000	0.000000
0/0	upstream_2kb	5%	0.000000	0.000000
0/0	upstream_2kb	5%	0.000000	0.000000
0/0	upstream_2kb	5%	0.000000	0.000000
0/0	upstream_2kb	5%	0.000000	0.000000
0/0	upstream_2kb	5%	0.000000	0.000000
./.	upstream_2kb	5%	0.000000	0.000000
0/0	upstream_2kb	5%	0.000000	0.000000
0/0	upstream_2kb	5%	0.000000	0.000000
0/0	upstream_2kb	5%	0.000000	0.000000
0/0	upstream_2kb	5%	0.000000	0.000000
0/0	upstream_2kb	5%	0.000000	0.000000
./.	upstream_2kb	5%	0.000000	0.000000
./.	upstream_2kb	5%	0.000000	0.000000
./.	upstream_2kb	5%	0.000000	0.000000
./.	upstream_2kb	5%	0.000000	0.000000
./.	upstream_2kb	5%	0.000000	0.000000
./.	upstream_2kb	5%	0.000000	0.000000
./.	upstream_2kb	5%	0.000000	0.000000
./.	upstream_2kb	5%	0.000000	0.000000
./.	upstream_2kb	5%	0.000000	0.000000
./.	upstream_2kb	5%	0.000000	0.000000
./.	upstream_2kb	5%	0.000000	0.000000
./.	upstream_2kb	5%	0.000000	0.000000
./.	upstream_2kb	5%	0.000000	0.000000
0/0	upstream_2kb	5%	0.000000	0.000000
0/0	upstream_2kb	5%	0.000000	0.000000
./.	upstream_2kb	5%	0.000000	0.000000
0/0	upstream_2kb	5%	0.000000	0.000000
0/0	upstream_2kb	5%	0.000000	0.000000
0/0	upstream_2kb	5%	0.000000	0.000000
./.	upstream_2kb	5%	0.000000	0.000000
./.	upstream_2kb	5%	0.000000	0.000000
./.	upstream_2kb	5%	0.000000	0.000000
./.	upstream_2kb	5%	0.000000	0.000000
0/0	upstream_2kb	5%	0.000000	0.000000
0/0	upstream_2kb	5%	0.000000	0.000000
./.	upstream_2kb	5%	0.000000	0.000000
./.	upstream_2kb	5%	0.000000	0.000000
./.	upstream_2kb	5%	0.000000	0.000000
0/0	upstream_2kb	5%	0.000000	0.000000
0/0	upstream_2kb	5%	0.000000	0.000000
./.	upstream_2kb	5%	0.000000	0.000000
./.	upstream_2kb	5%	0.000000	0.000000
0/0	upstream_2kb	5%	0.000000	0.000000
0/0	upstream_2kb	5%	0.000000	0.000000
0/0	upstream_2kb	5%	0.000000	0.000000
./.	upstream_2kb	5%	0.000000	0.000000
./.	upstream_2kb	5%	0.000000	0.000000
0/0	upstream_2kb	5%	0.000000	0.000000
./.	upstream_2kb	5%	0.000000	0.000000
./.	upstream_2kb	5%	0.000000	0.000000
0/0	upstream_2kb	5%	0.000000	0.000000
./.	upstream_2kb	5%	0.000000	0.000000
./.	upstream_2kb	5%	0.000000	0.000000
0/0	upstream_2kb	5%	0.000000	0.000000
./.	upstream_2kb	5%	0.000000	0.000000
0/0	upstream_2kb	5%	0.000000	0.000000
0/0	upstream_2kb	5%	0.000000	0.000000
./.	upstream_2kb	5%	0.000000	0.000000
0/0	upstream_2kb	5%	0.000000	0.000000
./.	upstream_2kb	5%	0.000000	0.000000
0/0	upstream_2kb	5%	0.000000	0.000000
0/0	upstream_2kb	5%	0.000000	0.000000
0/0	upstream_2kb	5%	0.000000	0.000000
0/0	upstream_2kb	5%	0.000000	0.000000
0/0	upstream_2kb	5%	0.000000	0.000000
0/0	upstream_2kb	5%	0.000000	0.000000
0/0	upstream_2kb	5%	0.000000	0.000000
0/0	upstream_2kb	5%	0.000000	0.000000
0/0	upstream_2kb	5%	0.000000	0.000000
0/0	upstream_2kb	5%	0.000000	0.000000
0/0	upstream_2kb	5%	0.000000	0.000000
0/0	upstream_2kb	5%	0.000000	0.000000
./.	upstream_2kb	5%	0.000000	0.000000
0/0	upstream_2kb	5%	0.000000	0.000000
0/0	upstream_2kb	5%	0.000000	0.000000
0/0	upstream_2kb	5%	0.000000	0.000000
0/0	upstream_2kb	5%	0.000000	0.000000
0/0	upstream_2kb	5%	0.000000	0.000000
0/0	upstream_2kb	5%	0.000000	0.000000
0/0	upstream_2kb	5%	0.000000	0.000000
0/0	upstream_2kb	5%	0.000000	0.000000
0/0	upstream_2kb	5%	0.000000	0.000000
0/0	upstream_2kb	5%	0.000000	0.000000
0/0	upstream_2kb	5%	0.000000	0.000000
0/0	upstream_2kb	5%	0.000000	0.000000
0/0	upstream_2kb	5%	0.000000	0.000000
0/0	upstream_2kb	5%	0.000000	0.000000
0/0	upstream_2kb	5%	0.000000	0.000000
0/0	upstream_2kb	5%	0.000000	0.000000
./.	upstream_2kb	5%	0.000000	0.000000
./.	upstream_2kb	5%	0.000000	0.000000
./.	upstream_2kb	5%	0.000000	0.000000
0/0	upstream_2kb	5%	0.000000	0.000000
0/0	upstream_2kb	5%	0.000000	0.000000
0/0	upstream_2kb	5%	0.000000	0.000000
./.	upstream_2kb	5%	0.000000	0.000000
./.	upstream_2kb	5%	0.000000	0.000000
./.	upstream_2kb	5%	0.000000	0.000000
./.	upstream_2kb	5%	0.000000	0.000000
0/0	upstream_2kb	5%	0.000000	0.000000
./.	upstream_2kb	5%	0.000000	0.000000
0/0	upstream_2kb	5%	0.000000	0.000000
./.	upstream_2kb	5%	0.000000	0.000000
./.	upstream_2kb	5%	0.000000	0.000000
./.	upstream_2kb	5%	0.000000	0.000000
./.	upstream_2kb	5%	0.000000	0.000000
0/0	upstream_2kb	5%	0.000000	0.000000
0/0	upstream_2kb	5%	0.000000	0.000000
0/0	upstream_2kb	5%	0.000000	0.000000
./.	upstream_2kb	5%	0.000000	0.000000
./.	upstream_2kb	5%	0.000000	0.000000
./.	upstream_2kb	5%	0.000000	0.000000
0/0	upstream_2kb	5%	0.000000	0.000000
./.	upstream_2kb	5%	0.000000	0.000000
./.	upstream_2kb	5%	0.000000	0.000000
0/0	upstream_2kb	5%	0.000000	0.000000
0/0	upstream_2kb	5%	0.000000	0.000000
0/0	upstream_2kb	5%	0.000000	0.000000
0/0	upstream_2kb	5%	0.000000	0.000000
0/0	upstream_2kb	5%	0.000000	0.000000
0/0	upstream_2kb	5%	0.000000	0.000000
0/0	upstream_2kb	5%	0.000000	0.000000
0/0	upstream_2kb	5%	0.000000	0.000000
0/0	upstream_2kb	5%	0.000000	0.000000
0/0	upstream_2kb	5%	0.000000	0.000000
0/0	upstream_2kb	5%	0.000000	0.000000
0/0	upstream_2kb	5%	0.000000	0.000000
0/0	upstream_2kb	5%	0.000000	0.000000
0/0	upstream_2kb	5%	0.000000	0.000000
0/0	upstream_2kb	5%	0.000000	0.000000
0/0	upstream_2kb	5%	0.000000	0.000000
./.	upstream_2kb	5%	0.000000	0.000000
0/0	upstream_2kb	5%	0.000000	0.000000
0/0	upstream_2kb	5%	0.000000	0.000000
0/0	upstream_2kb	5%	0.000000	0.000000
0/0	upstream_2kb	5%	0.000000	0.000000
0/0	upstream_2kb	5%	0.000000	0.000000
0/0	upstream_2kb	5%	0.000000	0.000000
0/0	upstream_2kb	5%	0.000000	0.000000
0/0	upstream_2kb	5%	0.000000	0.000000
0/0	upstream_2kb	5%	0.000000	0.000000
0/0	upstream_2kb	5%	0.000000	0.000000
0/0	upstream_2kb	5%	0.000000	0.000000
./.	upstream_2kb	5%	0.000000	0.000000
0/0	upstream_2kb	5%	0.000000	0.000000
./.	upstream_2kb	5%	0.000000	0.000000
0/0	upstream_2kb	5%	0.000000	0.000000
./.	upstream_2kb	5%	0.000000	0.000000
./.	upstream_2kb	5%	0.000000	0.000000
0/0	upstream_2kb	5%	0.000000	0.000000
0/0	upstream_2kb	5%	0.000000	0.000000
0/0	upstream_2kb	5%	0.000000	0.000000
0/0	upstream_2kb	5%	0.000000	0.000000
0/0	upstream_2kb	5%	0.000000	0.000000
0/0	upstream_2kb	5%	0.000000	0.000000
0/0	upstream_2kb	5%	0.000000	0.000000
0/0	upstream_2kb	5%	0.000000	0.000000
0/0	upstream_2kb	5%	0.000000	0.000000
0/0	upstream_2kb	5%	0.000000	0.000000
0/0	upstream_2kb	5%	0.000000	0.000000
0/0	upstream_2kb	5%	0.000000	0.000000
0/0	upstream_2kb	5%	0.000000	0.000000
./.	upstream_2kb	5%	0.000000	0.000000
0/0	upstream_2kb	5%	0.000000	0.000000
0/0	upstream_2kb	5%	0.000000	0.000000
0/0	upstream_2kb	5%	0.000000	0.000000
0/0	upstream_2kb	5%	0.000000	0.000000
./.	upstream_2kb	5%	0.000000	0.000000
0/0	upstream_2kb	5%	0.000000	0.000000
0/0	upstream_2kb	5%	0.000000	0.000000
0/0	upstream_2kb	5%	0.000000	0.000000
0/0	upstream_2kb	5%	0.000000	0.000000
0/0	upstream_2kb	5%	0.000000	0.000000
0/0	upstream_2kb	5%	0.000000	0.000000
0/0	upstream_2kb	5%	0.000000	0.000000
0/0	upstream_2kb	5%	0.000000	0.000000
0/0	upstream_2kb	5%	0.000000	0.000000
./.	upstream_2kb	5%	0.000000	0.000000
0/0	upstream_2kb	5%	0.000000	0.000000
0/0	upstream_2kb	5%	0.000000	0.000000
0/0	upstream_2kb	5%	0.000000	0.000000
0/0	upstream_2kb	5%	0.000000	0.000000
0/0	upstream_2kb	5%	0.000000	0.000000
0/0	upstream_2kb	5%	0.000000	0.000000
0/0	upstream_2kb	5%	0.000000	0.000000
0/0	upstream_2kb	5%	0.000000	0.000000
0/0	upstream_2kb	5%	0.000000	0.000000
0/0	upstream_2kb	5%	0.000000	0.000000
0/0	upstream_2kb	5%	0.000000	0.000000
0/0	upstream_2kb	5%	0.000000	0.000000
0/0	upstream_2kb	5%	0.000000	0.000000
0/0	upstream_2kb	5%	0.000000	0.000000
0/0	upstream_2kb	5%	0.000000	0.000000
0/0	upstream_2kb	5%	0.000000	0.000000
0/0	upstream_2kb	5%	0.000000	0.000000
0/0	upstream_2kb	5%	0.000000	0.000000
./.	upstream_2kb	5%	0.000000	0.000000
0/0	upstream_2kb	5%	0.000000	0.000000
0/0	upstream_2kb	5%	0.000000	0.000000
0/0	upstream_2kb	5%	0.000000	0.000000
0/0	upstream_2kb	5%	0.000000	0.000000
0/0	upstream_2kb	5%	0.000000	0.000000
0/0	upstream_2kb	5%	0.000000	0.000000
0/0	upstream_2kb	5%	0.000000	0.000000
0/0	upstream_2kb	5%	0.000000	0.000000
./.	upstream_2kb	5%	0.000000	0.000000
0/0	upstream_2kb	5%	0.000000	0.000000
0/0	upstream_2kb	5%	0.000000	0.000000
0/0	upstream_2kb	5%	0.000000	0.000000
0/0	upstream_2kb	5%	0.000000	0.000000
0/0	upstream_2kb	5%	0.000000	0.000000
0/0	upstream_2kb	5%	0.000000	0.000000
0/0	upstream_2kb	5%	0.000000	0.000000
0/0	upstream_2kb	5%	0.000000	0.000000
0/0	upstream_2kb	5%	0.000000	0.000000
0/0	upstream_2kb	5%	0.000000	0.000000
0/0	upstream_2kb	5%	0.000000	0.000000
0/0	upstream_2kb	5%	0.000000	0.000000
0/0	upstream_2kb	5%	0.000000	0.000000
