sample	group	dataset	Abs_genetic_load	Abs_per_Ndel
PI152651_PI152651	SAP_all	SAP	84143.9246381	14.9935717459195
PI17548_PI17548	SAP_all	SAP	82460.0831324	15.0915232672767
PI24969_PI24969	SAP_all	SAP	110774.2986716	15.0426804279739
PI276837_PI276837	SAP_all	SAP	100185.7737841	15.0338796194628
PI329435_PI329435	SAP_all	SAP	70090.9504211	14.7933622670114
PI329440_PI329440	SAP_all	SAP	94366.8134532	15.3018993762283
PI34911_PI34911	SAP_all	SAP	87464.0572343	15.2642333742234
PI35038_PI35038	SAP_all	SAP	75086.0566155	15.29559108077
PI48770_PI48770	SAP_all	SAP	74631.3073508	12.2647998933114
PI533750_PI533750	SAP_all	SAP	82540.4007326	15.178448093527
PI533752_PI533752	SAP_all	SAP	81613.5674771	15.3380130571509
PI533754_PI533754	SAP_all	SAP	76624.3259056	14.5176820586586
PI533755_PI533755	SAP_all	SAP	87637.3892435	14.4616153867162
PI533757_PI533757	SAP_all	SAP	68511.9026406	15.327047570604
PI533758_PI533758	SAP_all	SAP	66231.0411178	15.381105693869
PI533759_PI533759	SAP_all	SAP	70678.683458	15.4522701045037
PI533760_PI533760	SAP_all	SAP	78667.1651423	15.2662847161459
PI533761_PI533761	SAP_all	SAP	65911.6616124	15.4649604909432
PI533762_PI533762	SAP_all	SAP	77658.2201555	11.3171407979452
PI533766_PI533766	SAP_all	SAP	68592.3172114	15.1853702039849
PI533769_PI533769	SAP_all	SAP	58251.4267517	15.2650489391247
PI533776_PI533776	SAP_all	SAP	76649.3112625	15.0528890931854
PI533785_PI533785	SAP_all	SAP	72217.9018367	14.8657681837587
PI533788_PI533788	SAP_all	SAP	95661.2631664	15.0056883398275
PI533789_PI533789	SAP_all	SAP	70598.0207877	15.2908860272255
PI533792_PI533792	SAP_all	SAP	91373.874861	15.2442233668669
PI533794_PI533794	SAP_all	SAP	81287.7298246	15.3692058658726
PI533799_PI533799	SAP_all	SAP	81342.7921005	15.3419072237835
PI533800_PI533800	SAP_all	SAP	79527.9454073	15.1107629502755
PI533807_PI533807	SAP_all	SAP	67657.8180689	15.1631147621918
PI533810_PI533810	SAP_all	SAP	87362.0559964	15.0468577327592
PI533814_PI533814	SAP_all	SAP	89403.7003479	15.0031381688035
PI533821_PI533821	SAP_all	SAP	60073.8825592	15.4829594224742
PI533822_PI533822	SAP_all	SAP	75715.5572368	15.1795423489976
PI533824_PI533824	SAP_all	SAP	67864.6575713	15.1179901027623
PI533830_PI533830	SAP_all	SAP	84456.4668324	10.5623395238119
PI533831_PI533831	SAP_all	SAP	73605.4017454	15.0645521378224
PI533833_PI533833	SAP_all	SAP	56737.0036914	15.375881759187
PI533838_PI533838	SAP_all	SAP	70553.1634491	14.9858036213042
PI533839_PI533839	SAP_all	SAP	31957.842621	14.7679494551756
PI533841_PI533841	SAP_all	SAP	83214.3355862	15.2045195662708
PI533842_PI533842	SAP_all	SAP	76851.3283074	15.0511806320799
PI533843_PI533843	SAP_all	SAP	75499.4199536	15.1971457233494
PI533845_PI533845	SAP_all	SAP	83485.8960091	15.0425037854234
PI533852_PI533852	SAP_all	SAP	76166.8356171	14.519030807682
PI533855_PI533855	SAP_all	SAP	69852.7215403	11.2177166436968
PI533856_PI533856	SAP_all	SAP	92014.2628862	13.9036359755515
PI533863_PI533863	SAP_all	SAP	73399.8946583	14.1507412103914
PI533866_PI533866	SAP_all	SAP	79265.058923	15.2344914324428
PI533869_PI533869	SAP_all	SAP	69605.5241801	15.2443110337495
PI533871_PI533871	SAP_all	SAP	68984.8272688	15.3197484496558
PI533876_PI533876	SAP_all	SAP	70983.6802251	9.68267360866185
PI533877_PI533877	SAP_all	SAP	71364.4565232	12.5752346296388
PI533878_PI533878	SAP_all	SAP	75001.0356764	14.7234070821358
PI533882_PI533882	SAP_all	SAP	67555.5302822	15.0995820925793
PI533901_PI533901	SAP_all	SAP	77942.2902996	15.2648433802585
PI533902_PI533902	SAP_all	SAP	80100.184529	13.3123125359814
PI533903_PI533903	SAP_all	SAP	56013.4872798	14.9969176117269
PI533910_PI533910	SAP_all	SAP	67354.6008195	14.9943456855521
PI533911_PI533911	SAP_all	SAP	92635.6848886	14.8931969274277
PI533912_PI533912	SAP_all	SAP	62211.8635199	15.1367064525304
PI533913_PI533913	SAP_all	SAP	68228.4500706	15.1585092358587
PI533915_PI533915	SAP_all	SAP	81533.1117818	15.3401903634619
PI533919_PI533919	SAP_all	SAP	70887.0382852	14.7897012904653
PI533921_PI533921	SAP_all	SAP	107580.7951299	14.8674399018657
PI533924_PI533924	SAP_all	SAP	72215.6915987	15.0574836527731
PI533927_PI533927	SAP_all	SAP	75081.4194124	15.1648999015148
PI533936_PI533936	SAP_all	SAP	74460.0312241	15.3906637503307
PI533937_PI533937	SAP_all	SAP	75999.700892	15.3565772665185
PI533938_PI533938	SAP_all	SAP	72067.2157441	15.0642173378135
PI533939_PI533939	SAP_all	SAP	76598.5010128	13.4406915270749
PI533940_PI533940	SAP_all	SAP	78879.966677	15.4122639071903
PI533943_PI533943	SAP_all	SAP	88493.6255352	15.0550570832256
PI533948_PI533948	SAP_all	SAP	77017.3123671	15.5527690563611
PI533949_PI533949	SAP_all	SAP	68280.7720929	15.3785522731757
PI533954_PI533954	SAP_all	SAP	88391.9475131	15.2795069166984
PI533955_PI533955	SAP_all	SAP	76848.2746462	15.4717686020133
PI533956_PI533956	SAP_all	SAP	70634.0512299	15.3252443545021
PI533957_PI533957	SAP_all	SAP	82920.1411824	15.2230844836424
PI533961_PI533961	SAP_all	SAP	79628.424641	15.3219981991534
PI533962_PI533962	SAP_all	SAP	65915.7816036	15.1949704019364
PI533964_PI533964	SAP_all	SAP	78180.8135831	15.3959853452343
PI533965_PI533965	SAP_all	SAP	87536.4986591	15.2210917508433
PI533967_PI533967	SAP_all	SAP	81600.033377	15.111117292037
PI533970_PI533970	SAP_all	SAP	80907.3370065	15.1853109997185
PI533972_PI533972	SAP_all	SAP	63772.2772147	15.2967803345407
PI533976_PI533976	SAP_all	SAP	73127.040881	15.090185901981
PI533979_PI533979	SAP_all	SAP	88797.6882173	15.4592075587221
PI533980_PI533980	SAP_all	SAP	74578.6156134	15.3611978606385
PI533985_PI533985	SAP_all	SAP	66674.802385	15.2573918501144
PI533986_PI533986	SAP_all	SAP	70050.544044	15.392341033619
PI533987_PI533987	SAP_all	SAP	66291.0207399	15.3415923952557
PI533989_PI533989	SAP_all	SAP	73443.9909707	14.4546331373155
PI533991_PI533991	SAP_all	SAP	69697.9080553	15.3384480755502
PI533996_PI533996	SAP_all	SAP	65852.5039626	15.1524399361712
PI533997_PI533997	SAP_all	SAP	62380.9694417	14.8455424658972
PI534009_PI534009	SAP_all	SAP	84707.4024602	15.0323695581544
PI534021_PI534021	SAP_all	SAP	76936.0432813	15.0677718921465
PI534028_PI534028	SAP_all	SAP	87114.3472698	15.0978071524783
PI534037_PI534037	SAP_all	SAP	75569.1857785	15.2173148969996
PI534046_PI534046	SAP_all	SAP	70490.5755455	15.2346175806138
PI534047_PI534047	SAP_all	SAP	71719.3102682	15.0797540513457
PI534053_PI534053	SAP_all	SAP	78432.8229324	15.3219032882204
PI534054_PI534054	SAP_all	SAP	64562.6756665	15.4789440581395
PI534063_PI534063	SAP_all	SAP	74209.0542987	15.2662115405678
PI534070_PI534070	SAP_all	SAP	75217.6567305	15.3223990080464
PI534075_PI534075	SAP_all	SAP	66639.5930653	14.9048519492955
PI534079_PI534079	SAP_all	SAP	66229.1743518	15.0966889336221
PI534088_PI534088	SAP_all	SAP	70101.8816325	15.2927315952225
PI534092_PI534092	SAP_all	SAP	80227.6963225	14.0528457387458
PI534096_PI534096	SAP_all	SAP	23430.4843749	14.773319277995
PI534097_PI534097	SAP_all	SAP	95886.117534	15.2393702374444
PI534099_PI534099	SAP_all	SAP	74612.0313544	15.0518521997983
PI534101_PI534101	SAP_all	SAP	69082.8564447	11.8252065122732
PI534105_PI534105	SAP_all	SAP	70018.1087487	15.4838807493808
PI534108_PI534108	SAP_all	SAP	66280.3394348	15.2019127144037
PI534112_PI534112	SAP_all	SAP	67317.6353826	10.5019711985335
PI534114_PI534114	SAP_all	SAP	76197.306252	15.2914521878387
PI534115_PI534115	SAP_all	SAP	76667.5187353	15.2329661703358
PI534116_PI534116	SAP_all	SAP	58138.3573703	14.9494361970429
PI534117_PI534117	SAP_all	SAP	63468.7245756	15.2203176440288
PI534123_PI534123	SAP_all	SAP	71716.3207461	15.1236441893927
PI534124_PI534124	SAP_all	SAP	62531.8512632	14.8602308134981
PI534127_PI534127	SAP_all	SAP	97154.6889044	13.8931344064636
PI534128_PI534128	SAP_all	SAP	98236.654189	14.8933678273196
PI534132_PI534132	SAP_all	SAP	86420.2752998	12.5156082983056
PI534133_PI534133	SAP_all	SAP	94983.1708547	15.0242282275704
PI534135_PI534135	SAP_all	SAP	86388.7127293	15.2039269146955
PI534137_PI534137	SAP_all	SAP	88600.9866572	15.1636122979976
PI534138_PI534138	SAP_all	SAP	55738.4179126	15.2457379410832
PI534139_PI534139	SAP_all	SAP	95170.5005865001	15.2982640389809
PI534144_PI534144	SAP_all	SAP	79953.8455329	13.9365252802684
PI534145_PI534145	SAP_all	SAP	63927.1363452	15.1665803903203
PI534148_PI534148	SAP_all	SAP	81263.5107126	15.1328697788827
PI534155_PI534155	SAP_all	SAP	70699.9291608	14.6741239437111
PI534157_PI534157	SAP_all	SAP	83553.6083358	11.6224243059953
PI534163_PI534163	SAP_all	SAP	76980.6724179	15.0001310245323
PI534167_PI534167	SAP_all	SAP	84012.9215838	14.9755653447059
PI540816_PI540816	SAP_all	SAP	90402.0178625	15.2294504485344
PI542406_PI542406	SAP_all	SAP	61789.302047	15.0375522139207
PI542718_PI542718	SAP_all	SAP	98288.8350287	15.3312798360162
PI548797_PI548797	SAP_all	SAP	82608.0416132	15.2160695548351
PI552856_PI552856	SAP_all	SAP	76464.4223455	15.4598508583704
PI552861_PI552861	SAP_all	SAP	68547.6602885	15.4456197134971
PI561071_PI561071	SAP_all	SAP	90052.9820658	15.3099255467188
PI561072_PI561072	SAP_all	SAP	83317.7762181	15.4664518689623
PI561073_PI561073	SAP_all	SAP	96762.9629745	15.0136482505043
PI561472_PI561472	SAP_all	SAP	101659.6374224	14.1943084923764
PI562730_PI562730	SAP_all	SAP	67340.5927477	15.0852582320116
PI564163_PI564163	SAP_all	SAP	62999.433106	15.1732738694605
PI564164_PI564164	SAP_all	SAP	95214.4287557	13.8614687371815
PI564165_PI564165	SAP_all	SAP	102027.6985815	15.1421339539181
PI565121_PI565121	SAP_all	SAP	67995.9064855	15.5490296102218
PI566819_PI566819	SAP_all	SAP	74049.1386637	15.0812909702037
PI576130_PI576130	SAP_all	SAP	88648.2617136	15.4278213911591
PI576332_PI576332	SAP_all	SAP	86644.1371925	15.3108565457678
PI576333_PI576333	SAP_all	SAP	75755.5370804	15.4225441938925
PI576337_PI576337	SAP_all	SAP	66862.4162184001	10.5096536023892
PI576339_PI576339	SAP_all	SAP	76411.9946065	15.4398857560113
PI576340_PI576340	SAP_all	SAP	75640.1066562	15.4746535712357
PI576345_PI576345	SAP_all	SAP	62546.7358266	15.5511526172551
PI576347_PI576347	SAP_all	SAP	71827.5248281	12.1453373060703
PI576348_PI576348	SAP_all	SAP	44963.7334765	12.9802925740473
PI576349_PI576349	SAP_all	SAP	52397.1819703	14.8518089484977
PI576350_PI576350	SAP_all	SAP	62641.0720234	10.3011136364743
PI576352_PI576352	SAP_all	SAP	75748.8322685	15.405497715782
PI576359_PI576359	SAP_all	SAP	81659.8696818	15.2892472723834
PI576364_PI576364	SAP_all	SAP	78842.1074032	15.3808246982442
PI576366_PI576366	SAP_all	SAP	69514.982623	15.0563098598657
PI576373_PI576373	SAP_all	SAP	66001.8322479	15.4318055290858
PI576375_PI576375	SAP_all	SAP	86179.0463521	15.1777115801515
PI576376_PI576376	SAP_all	SAP	85597.5168246	11.6316777856502
PI576380_PI576380	SAP_all	SAP	76217.9293031	15.3882352721785
PI576381_PI576381	SAP_all	SAP	91630.7723388	15.1106154912269
PI576385_PI576385	SAP_all	SAP	80896.2636798	15.3707512216987
PI576386_PI576386	SAP_all	SAP	66566.4622301	15.3982100925515
PI576387_PI576387	SAP_all	SAP	67070.362079	15.44332536933
PI576390_PI576390	SAP_all	SAP	93456.6237758	15.2856761164213
PI576391_PI576391	SAP_all	SAP	92908.9708054	15.0606209767223
PI576393_PI576393	SAP_all	SAP	63589.3184152	13.8841306583406
PI576394_PI576394	SAP_all	SAP	91717.0435415	15.3604159339307
PI576396_PI576396	SAP_all	SAP	67121.7508249	15.4019620984167
PI576399_PI576399	SAP_all	SAP	70582.2814388	15.043111986104
PI576401_PI576401	SAP_all	SAP	98435.2731192	15.2094056117429
PI576418_PI576418	SAP_all	SAP	68490.4486033001	15.1829857245179
PI576422_PI576422	SAP_all	SAP	75184.8527536	15.5276441044197
PI576425_PI576425	SAP_all	SAP	84794.4674413001	10.5781521259107
PI576426_PI576426	SAP_all	SAP	68754.7221227	15.0810971973459
PI576428_PI576428	SAP_all	SAP	87990.6369388	15.3722286755416
PI576434_PI576434	SAP_all	SAP	70851.6459198	15.010941932161
PI576435_PI576435	SAP_all	SAP	90460.0073305	15.3296063939163
PI576437_PI576437	SAP_all	SAP	78145.0696884	15.232957054269
PI585291_PI585291	SAP_all	SAP	100697.149335	10.3843610740435
PI585295_PI585295	SAP_all	SAP	70733.4658024	15.4237823380724
PI595699_PI595699	SAP_all	SAP	74412.646535	15.3904129338159
PI595702_PI595702	SAP_all	SAP	75292.5102529	15.4922860602675
PI595714_PI595714	SAP_all	SAP	86248.3666593	15.2760125149309
PI595718_PI595718	SAP_all	SAP	75249.0045084	15.161999699456
PI595720_PI595720	SAP_all	SAP	82538.2230887	15.1390724667462
PI595739_PI595739	SAP_all	SAP	64896.2911258	15.4331251190963
PI595740_PI595740	SAP_all	SAP	83428.0460599	11.318416233876
PI595741_PI595741	SAP_all	SAP	89236.1860173	15.3063783906175
PI595743_PI595743	SAP_all	SAP	87350.4852869	12.1624178901281
PI595744_PI595744	SAP_all	SAP	60796.9406234	15.4542299500254
PI595745_PI595745	SAP_all	SAP	60347.6171474	15.3595360517689
PI597945_PI597945	SAP_all	SAP	88242.1509454	15.0378580343217
PI597946_PI597946	SAP_all	SAP	80532.0532184	15.0527202277383
PI597949_PI597949	SAP_all	SAP	76664.3812138	15.2839675466108
PI597950_PI597950	SAP_all	SAP	59012.9099281	15.0007396868582
PI597951_PI597951	SAP_all	SAP	90447.6975957	15.2525628323271
PI597952_PI597952	SAP_all	SAP	87773.6132535	8.68701635525535
PI597957_PI597957	SAP_all	SAP	78281.0319421	10.77954171607
PI597958_PI597958	SAP_all	SAP	82888.8977002	15.3441128656424
PI597960_PI597960	SAP_all	SAP	56046.238763	15.2631369180283
PI597961_PI597961	SAP_all	SAP	66261.2097179	15.3205109174335
PI597964_PI597964	SAP_all	SAP	72637.6606314	15.2889203602189
PI597965_PI597965	SAP_all	SAP	72544.7857438	15.3144998403631
PI597966_PI597966	SAP_all	SAP	79827.1971033	15.4285266917859
PI597967_PI597967	SAP_all	SAP	72377.4564132	15.3602411742784
PI597968_PI597968	SAP_all	SAP	82034.6070394	15.1635133159704
PI597971_PI597971	SAP_all	SAP	66160.4373655	15.3149160568287
PI597972_PI597972	SAP_all	SAP	66951.188443	14.9879535354824
PI597973_PI597973	SAP_all	SAP	65227.7785168	15.1975252835042
PI597976_PI597976	SAP_all	SAP	67392.0683203	15.2920509009076
PI597980_PI597980	SAP_all	SAP	63964.2667126	15.4167912057363
PI597982_PI597982	SAP_all	SAP	63758.203494	14.9421615875322
PI598069_PI598069	SAP_all	SAP	85979.0016724	15.1398136419088
PI598070_PI598070	SAP_all	SAP	84014.2545978	14.3786162241657
PI601816_PI601816	SAP_all	SAP	69968.9787485	15.5728864341197
PI607931_PI607931	SAP_all	SAP	66705.9881261	15.405539982933
PI609456_PI609456	SAP_all	SAP	22971.2043455	14.6220269544876
PI613536_PI613536	SAP_all	SAP	68522.0559682	15.2882766551093
PI629034_PI629034	SAP_all	SAP	70585.1951751	15.3379389776402
PI629040_PI629040	SAP_all	SAP	111540.7802647	15.0975609454115
PI629059_PI629059	SAP_all	SAP	68237.349352	15.5155410077308
PI641824_PI641824	SAP_all	SAP	88951.2287662	13.1877285049963
PI641836_PI641836	SAP_all	SAP	75005.4694576	15.5034041871848
PI641849_PI641849	SAP_all	SAP	101381.7106701	15.1090477898808
PI641874_PI641874	SAP_all	SAP	125222.5401183	15.1748109692559
PI642791_PI642791	SAP_all	SAP	85308.6936088	15.3959021131204
PI642793_PI642793	SAP_all	SAP	78571.0616512	15.4484981618561
PI642992_PI642992	SAP_all	SAP	87267.311369	15.2272398131216
PI642998_PI642998	SAP_all	SAP	70133.480268	15.0307501645949
PI651492_PI651492	SAP_all	SAP	89189.419541	15.2721608803082
PI651496_PI651496	SAP_all	SAP	68686.165581	15.3729108283348
PI653616_PI653616	SAP_all	SAP	76193.414063	14.7690277307618
PI653617_PI653617	SAP_all	SAP	68354.8323928	15.3261956037668
PI655970_PI655970	SAP_all	SAP	77700.8078454	15.6057055323157
PI655971_PI655971	SAP_all	SAP	114585.5023413	15.1447928021808
PI655972_PI655972	SAP_all	SAP	76889.0986144	15.4799876413127
PI655973_PI655973	SAP_all	SAP	85391.0740526	15.2484060808214
PI655974_PI655974	SAP_all	SAP	76140.055401	14.9793538070037
PI655975_PI655975	SAP_all	SAP	90259.0933668	15.4632676660613
PI655976_PI655976	SAP_all	SAP	76646.4252797	15.4404563415995
PI655977_PI655977	SAP_all	SAP	80789.0554107	15.411876270641
PI655978_PI655978	SAP_all	SAP	103694.5242919	15.2649086253349
PI655979_PI655979	SAP_all	SAP	87659.4811902	15.2610517392409
PI655980_PI655980	SAP_all	SAP	69758.2702901	15.1945698736877
PI655981_PI655981	SAP_all	SAP	84614.3307818	15.3760368493186
PI655982_PI655982	SAP_all	SAP	66858.8051802	15.5739122245982
PI655983_PI655983	SAP_all	SAP	75229.6120323	15.5368880694548
PI655984_PI655984	SAP_all	SAP	105120.0520932	15.0407858196022
PI655985_PI655985	SAP_all	SAP	89980.5992175	15.4446617263131
PI655986_PI655986	SAP_all	SAP	89754.0457544	15.5579902503727
PI655987_PI655987	SAP_all	SAP	75467.34445	15.5763352837977
PI655988_PI655988	SAP_all	SAP	78442.3273778	15.3058199761561
PI655989_PI655989	SAP_all	SAP	74145.1037245	15.1843341643457
PI655990_PI655990	SAP_all	SAP	114784.9656295	15.2619286836192
PI655991_PI655991	SAP_all	SAP	84609.1298122	11.3417064091421
PI655992_PI655992	SAP_all	SAP	75661.1255387	11.8036077283463
PI655993_PI655993	SAP_all	SAP	87958.4310042	14.8352894255692
PI655994_PI655994	SAP_all	SAP	83647.4235734	14.1655247372396
PI655995_PI655995	SAP_all	SAP	74687.3149763	15.1097137318025
PI655996_PI655996	SAP_all	SAP	101464.3439106	15.0295280566731
PI655997_PI655997	SAP_all	SAP	109873.5548082	15.2708206821682
PI655998_PI655998	SAP_all	SAP	80124.8013227	15.2793290089054
PI655999_PI655999	SAP_all	SAP	63866.4092524	14.5980364005486
PI656000_PI656000	SAP_all	SAP	64388.1530101	15.6738444523126
PI656001_PI656001	SAP_all	SAP	66207.3031792	15.5124890298032
PI656002_PI656002	SAP_all	SAP	74872.7800015	15.4887836163633
PI656003_PI656003	SAP_all	SAP	88029.2031046	15.3762800182707
PI656004_PI656004	SAP_all	SAP	106928.8665747	15.1328710125531
PI656005_PI656005	SAP_all	SAP	80936.5102396	15.4076737558728
PI656006_PI656006	SAP_all	SAP	85590.8348524	15.2459627453509
PI656007_PI656007	SAP_all	SAP	65091.4171369	14.6734484077773
PI656008_PI656008	SAP_all	SAP	84703.1507547	15.2700830637642
PI656009_PI656009	SAP_all	SAP	67738.0118241	15.0261783105812
PI656010_PI656010	SAP_all	SAP	95788.7739858	13.567815012153
PI656011_PI656011	SAP_all	SAP	91251.1604776	13.9463794096897
PI656012_PI656012	SAP_all	SAP	108448.2911401	14.9666424427408
PI656013_PI656013	SAP_all	SAP	90820.5026511	10.9992131102216
PI656014_PI656014	SAP_all	SAP	77866.9237118	9.93961242172581
PI656015_PI656015	SAP_all	SAP	86336.912426	15.3953124868046
PI656016_PI656016	SAP_all	SAP	85201.6292487	15.3932482834146
PI656017_PI656017	SAP_all	SAP	113781.1413154	15.15667261428
PI656018_PI656018	SAP_all	SAP	100811.620233	15.3863889244506
PI656019_PI656019	SAP_all	SAP	84493.7356851	15.306836174837
PI656020_PI656020	SAP_all	SAP	83691.4330651	15.0011530856964
PI656021_PI656021	SAP_all	SAP	110958.6327004	13.8008249627363
PI656022_PI656022	SAP_all	SAP	75772.1518435	14.5435992022073
PI656023_PI656023	SAP_all	SAP	75622.9772895	15.5410968535758
PI656024_PI656024	SAP_all	SAP	79539.1069104	14.1654687284773
PI656025_PI656025	SAP_all	SAP	97193.9662597	14.4354620911481
PI656026_PI656026	SAP_all	SAP	76883.8242029	15.585612041942
PI656027_PI656027	SAP_all	SAP	76250.2603467	14.8173844435873
PI656028_PI656028	SAP_all	SAP	74215.0625961	14.6989626849079
PI656029_PI656029	SAP_all	SAP	74683.2304356	14.3235961710012
PI656031_PI656031	SAP_all	SAP	65585.5562625	14.8282966905946
PI656032_PI656032	SAP_all	SAP	88128.0621853	9.86324143092334
PI656033_PI656033	SAP_all	SAP	112697.2130934	15.1271426971007
PI656034_PI656034	SAP_all	SAP	79252.4841775	9.4449391225718
PI656035_PI656035	SAP_all	SAP	72960.8108442	15.3118175958447
PI656036_PI656036	SAP_all	SAP	90973.8719152	14.1615616306351
PI656037_PI656037	SAP_all	SAP	81056.6463448	14.6496740185794
PI656038_PI656038	SAP_all	SAP	74636.5932612	13.7275323268714
PI656039_PI656039	SAP_all	SAP	77599.4158844	14.931578965634
PI656040_PI656040	SAP_all	SAP	97162.4385451	14.356152267302
PI656041_PI656041	SAP_all	SAP	113526.4527792	15.1187179090691
PI656042_PI656042	SAP_all	SAP	98253.4551764	14.6997987995811
PI656043_PI656043	SAP_all	SAP	87758.5976307	15.3612108578155
PI656044_PI656044	SAP_all	SAP	76507.9391997	15.5852391932573
PI656046_PI656046	SAP_all	SAP	91371.1128917	14.5264090447854
PI656047_PI656047	SAP_all	SAP	90018.9053887	14.3000643985226
PI656048_PI656048	SAP_all	SAP	63989.531743	15.5013400540213
PI656049_PI656049	SAP_all	SAP	73404.5283006	10.9379419312472
PI656050_PI656050	SAP_all	SAP	69084.5562134	14.0216269968338
PI656051_PI656051	SAP_all	SAP	86967.2913635	15.4388942594532
PI656052_PI656052	SAP_all	SAP	94131.3420902	14.0999613676153
PI656053_PI656053	SAP_all	SAP	75198.8273962	14.7825491244742
PI656054_PI656054	SAP_all	SAP	81780.9420016	14.1980802086111
PI656055_PI656055	SAP_all	SAP	98436.4561706001	14.4123654715374
PI656056_PI656056	SAP_all	SAP	88936.1647856	15.3975354545706
PI656057_PI656057	SAP_all	SAP	85403.0694482	11.0668743615654
PI656058_PI656058	SAP_all	SAP	76566.6811476	14.2981664141176
PI656059_PI656059	SAP_all	SAP	63843.4384506	15.2370974822434
PI656060_PI656060	SAP_all	SAP	75081.4796043	14.3751636232625
PI656061_PI656061	SAP_all	SAP	68361.2707957	14.8417869725792
PI656062_PI656062	SAP_all	SAP	91580.6186042	14.0074363114408
PI656063_PI656063	SAP_all	SAP	66754.9089303	11.1873485721971
PI656064_PI656064	SAP_all	SAP	104650.3177963	15.1799126481433
PI656065_PI656065	SAP_all	SAP	85809.701492	15.3973984374664
PI656066_PI656066	SAP_all	SAP	83967.5927305	14.4348620819151
PI656067_PI656067	SAP_all	SAP	90724.8534675	13.4967053655906
PI656068_PI656068	SAP_all	SAP	86756.9044138	14.2668811731294
PI656069_PI656069	SAP_all	SAP	64186.1801372	13.2342639458144
PI656070_PI656070	SAP_all	SAP	69245.058017	14.3394197591634
PI656071_PI656071	SAP_all	SAP	75314.6600162	15.2582374425041
PI656072_PI656072	SAP_all	SAP	97870.8529834	15.1549787834314
PI656073_PI656073	SAP_all	SAP	87741.0222924	14.8537366332148
PI656074_PI656074	SAP_all	SAP	69834.4632753	14.1853469988422
PI656075_PI656075	SAP_all	SAP	69229.7374237	14.9653561227194
PI656076_PI656076	SAP_all	SAP	87424.3411635	14.4407567167988
PI656077_PI656077	SAP_all	SAP	75744.603053	13.2212607877466
PI656078_PI656078	SAP_all	SAP	23479.9364026	13.7631514669402
PI656079_PI656079	SAP_all	SAP	72519.3408345	14.2334329410206
PI656080_PI656080	SAP_all	SAP	67808.6578324	14.0857203640216
PI656081_PI656081	SAP_all	SAP	19546.8576634	14.5654677074516
PI656082_PI656082	SAP_all	SAP	96354.4213144	15.0436254979547
PI656083_PI656083	SAP_all	SAP	80298.3624585	8.35918826342911
PI656085_PI656085	SAP_all	SAP	68774.2175809	11.8822075986351
PI656086_PI656086	SAP_all	SAP	77032.4059884	15.0219200445398
PI656087_PI656087	SAP_all	SAP	66502.6698763	14.6999712370248
PI656088_PI656088	SAP_all	SAP	90801.9772763	14.3243377940211
PI656089_PI656089	SAP_all	SAP	90893.1418202	14.2398780855711
PI656090_PI656090	SAP_all	SAP	65836.2506709	14.3778664928805
PI656091_PI656091	SAP_all	SAP	92370.7995303	11.9203509524197
PI656092_PI656092	SAP_all	SAP	86156.3522608	15.2300428249602
PI656093_PI656093	SAP_all	SAP	64272.3665555	14.9089228845975
PI656094_PI656094	SAP_all	SAP	64700.5590761	15.166563308978
PI656095_PI656095	SAP_all	SAP	73965.4649651	14.6640493586638
PI656096_PI656096	SAP_all	SAP	65723.4246265	15.1018898498392
PI656097_PI656097	SAP_all	SAP	82664.6943965	15.3167860656846
PI656098_PI656098	SAP_all	SAP	59168.9976685	14.0443858695704
PI656099_PI656099	SAP_all	SAP	87440.2627343	14.0737586889264
PI656100_PI656100	SAP_all	SAP	98385.0977249	14.2752608422664
PI656101_PI656101	SAP_all	SAP	86610.5723429	15.340165133351
PI656102_PI656102	SAP_all	SAP	58673.5409573	15.3595656956283
PI656103_PI656103	SAP_all	SAP	80565.2024766	14.430450022676
PI656104_PI656104	SAP_all	SAP	88479.7363767	9.12162230687629
PI656105_PI656105	SAP_all	SAP	66025.265473	14.2695624536417
PI656106_PI656106	SAP_all	SAP	63849.7474205	13.9745562312322
PI656107_PI656107	SAP_all	SAP	85427.0234003	11.6069325272147
PI656108_PI656108	SAP_all	SAP	71615.7765306	15.1024412759595
PI656109_PI656109	SAP_all	SAP	81747.1340331	13.7459448517067
PI656110_PI656110	SAP_all	SAP	77919.4557116	12.6451567204804
PI656111_PI656111	SAP_all	SAP	64348.9872959	15.3871323041368
PI656112_PI656112	SAP_all	SAP	75047.1737982	14.5102810901392
PI656113_PI656113	SAP_all	SAP	83733.0159451	14.1345401662897
PI656114_PI656114	SAP_all	SAP	73778.0364291	11.9035231411907
PI656115_PI656115	SAP_all	SAP	100126.2984135	14.774427978973
PI656116_PI656116	SAP_all	SAP	69004.2051923	12.0321194755536
PI656118_PI656118	SAP_all	SAP	66031.7210711	14.4205549401834
PI656119_PI656119	SAP_all	SAP	71951.6613984	12.5351326478049
PI656120_PI656120	SAP_all	SAP	84335.6047224	14.5556791029341
PI656121_PI656121	SAP_all	SAP	70829.327735	14.1319488697127
PI659691_PI659691	SAP_all	SAP	75394.4673219	10.9824424358194
PI659694_PI659694	SAP_all	SAP	96571.9452946	14.3558711601903
PI659695_PI659695	SAP_all	SAP	79179.4926549	14.2434777216945
PI659696_PI659696	SAP_all	SAP	78653.9125447	14.8152029656621
PI659753_PI659753	SAP_all	SAP	94562.0839625	13.5185252269478
V5	Sorghum_improved	Sorghum	104795.5244565	7.99355640400458
V6	Sorghum_improved	Sorghum	108405.9671454	7.99277203755806
V7	Sorghum_improved	Sorghum	115454.3259073	7.97942676807658
V8	Sorghum_improved	Sorghum	128669.8825393	8.00534327999129
V9	Sorghum_improved	Sorghum	130967.4676248	7.96348459350602
V10	Sorghum_improved	Sorghum	127676.4290682	7.95095460631461
V11	Sorghum_improved	Sorghum	119010.7864047	7.97125160111856
V12	Sorghum_improved	Sorghum	109460.0654731	7.96478683497781
V13	Sorghum_improved	Sorghum	106594.0767519	8.02243371354708
V14	Sorghum_improved	Sorghum	145688.8998573	7.90284241157038
V15	Sorghum_improved	Sorghum	113146.619855	7.98550496541746
V16	Sorghum_improved	Sorghum	162201.2625507	7.92153069694765
V17	Sorghum_improved	Sorghum	93830.3376512	7.97334616342624
V18	Sorghum_improved	Sorghum	164720.6920287	7.94179123613616
V19	Sorghum_improved	Sorghum	133125.3862948	7.94446418182252
V20	Sorghum_improved	Sorghum	138852.4971054	7.92853863446583
V21	Sorghum_improved	Sorghum	159639.5889744	7.92059483871992
V22	Sorghum_improved	Sorghum	143569.1810066	7.95044750285746
V23	Sorghum_improved	Sorghum	144691.2421609	7.95356432282872
V24	Sorghum_improved	Sorghum	163901.2778977	7.95521418714265
V25	Sorghum_improved	Sorghum	120497.5581511	7.96678070420496
V26	Sorghum_improved	Sorghum	188126.674697	7.95091816478593
V27	Sorghum_improved	Sorghum	104579.9528231	8.01010668069087
V28	Sorghum_improved	Sorghum	94989.6244013	7.99845271146009
V29	Sorghum_improved	Sorghum	146987.6402802	7.95559862958433
V30	Sorghum_improved	Sorghum	141081.6742876	7.92282104159039
V31	Sorghum_improved	Sorghum	143520.4018804	7.92623857515878
V32	Sorghum_improved	Sorghum	151924.3103912	7.93089947751096
V33	Sorghum_improved	Sorghum	140698.1707767	7.92353273507349
V34	Sorghum_improved	Sorghum	154028.8051439	7.92451536471163
V35	Sorghum_improved	Sorghum	146267.723973	7.88505250528302
V36	Sorghum_improved	Sorghum	166078.7913502	7.89986164439899
V37	Sorghum_improved	Sorghum	156931.4603361	7.90029502296114
V38	Sorghum_improved	Sorghum	123886.5392841	7.94246309040262
V39	Sorghum_improved	Sorghum	126373.6601076	7.96556319619288
V40	Sorghum_improved	Sorghum	185559.9544263	7.93499912021809
V41	Sorghum_improved	Sorghum	171930.0669889	7.95052332896648
V42	Sorghum_improved	Sorghum	125059.7263876	8.00075020072932
V43	Sorghum_improved	Sorghum	130781.7422331	7.98033574768733
V44	Sorghum_improved	Sorghum	122219.1350122	8.0285840512514
V45	Sorghum_improved	Sorghum	141477.0854468	7.96739795273977
V46	Sorghum_improved	Sorghum	146329.5044467	7.96654532048672
V47	Sorghum_improved	Sorghum	142826.4971923	7.92423974657679
V48	Sorghum_improved	Sorghum	137162.49626	7.93259477531664
V49	Sorghum_improved	Sorghum	153776.3869316	7.9258007902072
V50	Sorghum_improved	Sorghum	131046.1300265	7.99890923680034
V51	Sorghum_improved	Sorghum	147140.4231802	7.89252926997801
V52	Sorghum_improved	Sorghum	137362.216636	7.91211431576522
V53	Sorghum_improved	Sorghum	167410.1631224	7.89707831135431
V54	Sorghum_improved	Sorghum	110597.8854592	7.9923316562509
V55	Sorghum_improved	Sorghum	139458.9691947	7.96635263308009
V56	Sorghum_improved	Sorghum	115037.1808664	7.97042755258089
V57	Sorghum_improved	Sorghum	134319.1852694	7.9370788435502
V58	Sorghum_improved	Sorghum	110447.6998126	7.99997825674345
V59	Sorghum_improved	Sorghum	165684.1478766	7.95487554621663
V60	Sorghum_improved	Sorghum	131608.0177992	7.98543885681694
V61	Sorghum_improved	Sorghum	173410.5366292	7.91828934379909
V62	Sorghum_improved	Sorghum	142899.6476937	7.92258400475134
V63	Sorghum_improved	Sorghum	107058.045508	7.96681392379819
V64	Sorghum_improved	Sorghum	104415.8607605	7.9639890748608
V65	Sorghum_improved	Sorghum	116233.3797505	8.00560505203526
V66	Sorghum_improved	Sorghum	142174.8832259	7.97615053160729
V67	Sorghum_improved	Sorghum	134389.8902588	7.95159400383409
V68	Sorghum_improved	Sorghum	141787.8149858	7.94774747678251
V69	Sorghum_improved	Sorghum	183434.5675051	7.94329742801282
V70	Sorghum_improved	Sorghum	146330.8466629	7.9635834918585
V71	Sorghum_improved	Sorghum	92711.9829784	7.96631577405053
V72	Sorghum_improved	Sorghum	143068.1448515	7.95132245048074
V73	Sorghum_improved	Sorghum	186403.1920483	7.95031954483921
V74	Sorghum_improved	Sorghum	137066.4496764	7.98755534244755
V75	Sorghum_improved	Sorghum	136599.6241258	7.99295635610298
V76	Sorghum_improved	Sorghum	140097.1597407	7.94652068863868
V77	Sorghum_improved	Sorghum	186852.7282835	7.93530930834077
V78	Sorghum_improved	Sorghum	132717.0527261	7.96334169723389
V79	Sorghum_improved	Sorghum	155058.6522794	7.94520661402951
V80	Sorghum_improved	Sorghum	166909.6633515	7.94618725786718
V81	Sorghum_improved	Sorghum	155590.2024913	7.96754416690393
V82	Sorghum_improved	Sorghum	197861.3076327	7.9462372543253
V83	Sorghum_improved	Sorghum	183253.5525719	7.97239852831724
V84	Sorghum_improved	Sorghum	188903.4783986	7.93645401220906
V85	Sorghum_improved	Sorghum	161515.9906092	7.96272878175902
V86	Sorghum_improved	Sorghum	116836.4825361	7.99537963019914
V87	Sorghum_improved	Sorghum	123690.7370373	7.99345592848003
V88	Sorghum_improved	Sorghum	185792.8934313	7.95346290373716
V89	Sorghum_improved	Sorghum	109017.7498246	8.02604357097843
V90	Sorghum_improved	Sorghum	184458.6851149	7.97142113720398
V91	Sorghum_improved	Sorghum	141416.6717252	7.95996125887651
V92	Sorghum_improved	Sorghum	185630.6170603	7.94923848322627
V93	Sorghum_improved	Sorghum	158559.8624617	7.94507503440898
V94	Sorghum_improved	Sorghum	176140.3524093	7.95323756758478
V95	Sorghum_improved	Sorghum	181867.8232531	7.96234067042161
V96	Sorghum_improved	Sorghum	160492.8304854	7.92244202218383
V97	Sorghum_improved	Sorghum	130510.8265211	7.98231354869113
V98	Sorghum_improved	Sorghum	133527.974231	7.97134345597278
V99	Sorghum_improved	Sorghum	129010.397055	8.0046160609915
V100	Sorghum_improved	Sorghum	151785.131264	7.94728159924603
V101	Sorghum_improved	Sorghum	114544.3115927	7.99164945180353
V102	Sorghum_improved	Sorghum	140749.2550925	7.96003026198959
V103	Sorghum_improved	Sorghum	147401.2403562	7.95731161499676
V104	Sorghum_improved	Sorghum	139924.0577869	7.94932722343484
V105	Sorghum_improved	Sorghum	132925.900951	7.94536168266587
V106	Sorghum_improved	Sorghum	110761.3201758	7.93476038224801
V107	Sorghum_improved	Sorghum	129470.1460264	7.97573745003388
V108	Sorghum_improved	Sorghum	184624.6328396	7.92958952195164
V109	Sorghum_improved	Sorghum	105082.3053224	7.97770310677194
V110	Sorghum_improved	Sorghum	91623.5217386	8.00065680567587
V111	Sorghum_improved	Sorghum	104122.5583202	7.97324131405161
V112	Sorghum_improved	Sorghum	131432.2913437	7.95594983920702
V113	Sorghum_improved	Sorghum	114678.8938455	7.95000997195841
V114	Sorghum_improved	Sorghum	159430.8364357	7.95047306815439
V115	Sorghum_improved	Sorghum	137917.8165653	7.96752262075679
V116	Sorghum_improved	Sorghum	124774.284023	7.99271565069502
V117	Sorghum_improved	Sorghum	132010.4114649	7.97838821859664
V118	Sorghum_improved	Sorghum	109191.5839639	7.99938344057875
V119	Sorghum_improved	Sorghum	162866.5377273	7.93812632096798
V120	Sorghum_improved	Sorghum	95712.1624314	7.9986764525656
V121	Sorghum_improved	Sorghum	131041.307768	7.99129819295036
V122	Sorghum_improved	Sorghum	164980.3625853	7.96198844579412
V123	Sorghum_improved	Sorghum	97709.128243	8.02077887399442
V124	Sorghum_improved	Sorghum	130096.6083424	7.98236644633697
V125	Sorghum_improved	Sorghum	141502.5318179	7.99359009252627
V126	Sorghum_improved	Sorghum	141050.229571	7.96399015137485
V127	Sorghum_improved	Sorghum	122589.505113	7.99774955069155
V128	Sorghum_improved	Sorghum	120197.506337	7.99770485973784
V129	Sorghum_improved	Sorghum	180027.8253037	7.95175906818463
V130	Sorghum_improved	Sorghum	185296.1331867	7.95603835065264
V131	Sorghum_improved	Sorghum	113291.0171242	7.92355693972584
V132	Sorghum_improved	Sorghum	155146.3245207	7.90796291965442
V5	Sorghum_landrace	Sorghum	188762.8279218	7.95930291456401
V6	Sorghum_landrace	Sorghum	193333.3425216	7.96528273408042
V7	Sorghum_landrace	Sorghum	166812.2964856	7.97954061160488
V8	Sorghum_landrace	Sorghum	201854.9483823	7.97624959032284
V9	Sorghum_landrace	Sorghum	234085.0589702	7.94343408226272
V10	Sorghum_landrace	Sorghum	215403.7835835	7.96817902502497
V11	Sorghum_landrace	Sorghum	229079.1864944	7.94393267310747
V12	Sorghum_landrace	Sorghum	239091.9233071	7.97664386825582
V13	Sorghum_landrace	Sorghum	156192.7601429	7.95521850580116
V14	Sorghum_landrace	Sorghum	221642.5277062	7.95415495087744
V15	Sorghum_landrace	Sorghum	149488.9686884	7.95958514926788
V16	Sorghum_landrace	Sorghum	134144.849236	7.98623856855391
V17	Sorghum_landrace	Sorghum	155147.3929677	8.02417341441427
V18	Sorghum_landrace	Sorghum	208125.6484941	7.96409323438182
V19	Sorghum_landrace	Sorghum	194870.9500968	7.95813901649038
V20	Sorghum_landrace	Sorghum	257399.5592612	7.94860140386005
V21	Sorghum_landrace	Sorghum	181847.8114625	7.97788064677108
V22	Sorghum_landrace	Sorghum	215915.9728208	7.97856672902225
V23	Sorghum_landrace	Sorghum	192220.7480988	7.97927555412204
V24	Sorghum_landrace	Sorghum	212520.5614754	7.97719910947037
V25	Sorghum_landrace	Sorghum	189136.305906	7.97976145076365
V26	Sorghum_landrace	Sorghum	242566.9793664	7.97576626332161
V27	Sorghum_landrace	Sorghum	235455.7536011	7.94653235238272
V28	Sorghum_landrace	Sorghum	255708.0086423	7.95359280380404
V29	Sorghum_landrace	Sorghum	245265.7078274	7.95542354289329
V30	Sorghum_landrace	Sorghum	230384.7846437	7.97455121646591
V31	Sorghum_landrace	Sorghum	239646.6936063	7.96697784595412
V32	Sorghum_landrace	Sorghum	261277.2458478	7.95485601606942
V33	Sorghum_landrace	Sorghum	239032.1782971	7.98317341183288
V34	Sorghum_landrace	Sorghum	159322.5617554	7.98449242033678
V35	Sorghum_landrace	Sorghum	193826.3900006	7.98362262132795
V36	Sorghum_landrace	Sorghum	140151.3360598	8.01231054538074
V37	Sorghum_landrace	Sorghum	219470.3318034	7.99440249894001
V38	Sorghum_landrace	Sorghum	215707.0901755	7.9702590221512
V39	Sorghum_landrace	Sorghum	235594.2504194	7.97219309757039
V40	Sorghum_landrace	Sorghum	206706.3445528	7.96280074551408
V41	Sorghum_landrace	Sorghum	231610.2886801	7.96596005778504
V42	Sorghum_landrace	Sorghum	243157.8480406	7.9684695409012
V43	Sorghum_landrace	Sorghum	215224.9948026	7.96863989050317
V44	Sorghum_landrace	Sorghum	231238.5442833	7.97236836005171
V45	Sorghum_landrace	Sorghum	210580.9014831	7.9699077088449
V46	Sorghum_landrace	Sorghum	239073.9808896	7.96833586273373
V47	Sorghum_landrace	Sorghum	212711.4840825	7.96523063405729
V48	Sorghum_landrace	Sorghum	208503.5482742	7.98191364651252
V49	Sorghum_landrace	Sorghum	203451.0235494	7.97253119438066
V50	Sorghum_landrace	Sorghum	174671.5558602	7.9722298430032
V51	Sorghum_landrace	Sorghum	196462.804246	7.9671845673385
V52	Sorghum_landrace	Sorghum	234621.4070735	7.96785325930517
V53	Sorghum_landrace	Sorghum	200562.1705622	7.97685918793302
V54	Sorghum_landrace	Sorghum	215707.7319579	7.96175144715978
V55	Sorghum_landrace	Sorghum	147208.7576865	8.00221557330398
V56	Sorghum_landrace	Sorghum	212262.3966323	7.95079584343934
V57	Sorghum_landrace	Sorghum	234397.9272805	7.97054975790601
V58	Sorghum_landrace	Sorghum	169600.0158241	7.96206825144829
V59	Sorghum_landrace	Sorghum	142247.6376732	8.00493177676984
V60	Sorghum_landrace	Sorghum	169160.5147511	7.95637621706881
V61	Sorghum_landrace	Sorghum	244626.962064	7.95095271115156
V62	Sorghum_landrace	Sorghum	166958.0784663	7.97202303711503
V63	Sorghum_landrace	Sorghum	158794.1590967	8.00454476745136
V64	Sorghum_landrace	Sorghum	235431.0995465	7.94838283411546
V65	Sorghum_landrace	Sorghum	170275.6544919	7.99641469389969
V66	Sorghum_landrace	Sorghum	180841.8701816	8.01071407227464
V67	Sorghum_landrace	Sorghum	354382.0622477	7.95791929955313
V68	Sorghum_landrace	Sorghum	242465.9841681	7.98136818750123
V69	Sorghum_landrace	Sorghum	205742.0996393	7.96123126724065
V70	Sorghum_landrace	Sorghum	157785.89831	7.98350021807327
V71	Sorghum_landrace	Sorghum	163374.1061216	7.97608290394962
V72	Sorghum_landrace	Sorghum	250285.7220802	7.96859887548792
V73	Sorghum_landrace	Sorghum	248966.8263354	7.97919448546247
V74	Sorghum_landrace	Sorghum	238215.1137565	7.97559641611424
V75	Sorghum_landrace	Sorghum	230648.919428	7.98231249101921
V76	Sorghum_landrace	Sorghum	231314.7378119	7.9692254465617
V77	Sorghum_landrace	Sorghum	169299.7164533	7.97642951487868
V78	Sorghum_landrace	Sorghum	235760.4268383	7.96218935624114
V79	Sorghum_landrace	Sorghum	238690.1993972	7.96802641865403
V80	Sorghum_landrace	Sorghum	218551.6908691	7.96529232703185
V81	Sorghum_landrace	Sorghum	241758.4857243	7.95729332250346
V82	Sorghum_landrace	Sorghum	235131.5127611	7.97488511603243
V83	Sorghum_landrace	Sorghum	217266.8675155	7.96199309276972
V84	Sorghum_landrace	Sorghum	253201.6285129	7.95481082352812
V85	Sorghum_landrace	Sorghum	199271.802575	7.9772539061249
V86	Sorghum_landrace	Sorghum	227895.7832345	7.98205958581136
V87	Sorghum_landrace	Sorghum	213212.6985119	7.98041316434854
V88	Sorghum_landrace	Sorghum	237630.98281	7.98276615190809
V89	Sorghum_landrace	Sorghum	245211.6568593	7.94902933283519
V90	Sorghum_landrace	Sorghum	168345.7025595	7.98073871999147
V91	Sorghum_landrace	Sorghum	236107.9499259	7.9420078013354
V92	Sorghum_landrace	Sorghum	203456.5891591	7.95000739133714
V93	Sorghum_landrace	Sorghum	246291.4372322	7.98636263277668
V94	Sorghum_landrace	Sorghum	171685.5126131	7.9524532221548
V95	Sorghum_landrace	Sorghum	153760.3535817	7.97098774399689
V96	Sorghum_landrace	Sorghum	139288.6212804	8.01153924309214
V97	Sorghum_landrace	Sorghum	132818.4926263	7.99870476520927
V98	Sorghum_landrace	Sorghum	160808.8724754	7.9596531443548
V99	Sorghum_landrace	Sorghum	185810.0825951	7.94637482765685
V100	Sorghum_landrace	Sorghum	196764.3275894	7.9594000076615
V101	Sorghum_landrace	Sorghum	201048.183326	7.96072790837458
V102	Sorghum_landrace	Sorghum	186817.4497042	7.94021802551003
V103	Sorghum_landrace	Sorghum	198408.7101227	7.94397462054372
V104	Sorghum_landrace	Sorghum	217053.9086884	7.96002305590436
V105	Sorghum_landrace	Sorghum	180896.5180061	7.97674036538055
V5	Sorghum_wild	Sorghum	269708.9137608	7.92935008410655
V6	Sorghum_wild	Sorghum	355276.1143394	7.97441448957174
V7	Sorghum_wild	Sorghum	291402.2976548	7.97183065204355
V8	Sorghum_wild	Sorghum	337480.8266785	7.94801880969596
V9	Sorghum_wild	Sorghum	376761.9853728	7.95326322242675
V10	Sorghum_wild	Sorghum	293371.7554574	7.93497120678892
V11	Sorghum_wild	Sorghum	322990.1516216	7.95601033627115
V12	Sorghum_wild	Sorghum	322252.9562627	7.94724792874547
V13	Sorghum_wild	Sorghum	318806.8265987	7.92913737903101
V14	Sorghum_wild	Sorghum	265438.1792008	7.96991980786068
V15	Sorghum_wild	Sorghum	225930.7221281	7.96035241096822
V16	Sorghum_wild	Sorghum	294965.8898009	7.95871485081485
V17	Sorghum_wild	Sorghum	280897.3829572	7.96374980032887
V18	Sorghum_wild	Sorghum	427158.2420785	7.96491221477718
V19	Sorghum_wild	Sorghum	269942.997979	7.97444678086319
V20	Sorghum_wild	Sorghum	376447.9947389	7.95469518085749
V21	Sorghum_wild	Sorghum	393631.4587557	7.95327538754369
V22	Sorghum_wild	Sorghum	438313.4005675	7.94405800756683
V23	Sorghum_wild	Sorghum	269224.9989933	7.95558638909311
V24	Sorghum_wild	Sorghum	255011.7208454	7.95867052135947
V25	Sorghum_wild	Sorghum	230531.8499087	7.95678217335796
V26	Sorghum_wild	Sorghum	317837.8815843	7.95230888671687
V27	Sorghum_wild	Sorghum	261087.6351184	7.95077760881905
V28	Sorghum_wild	Sorghum	266262.501517	7.95383264180308
V29	Sorghum_wild	Sorghum	330850.3406586	7.96289539239452
V30	Sorghum_wild	Sorghum	414688.5487517	7.95321433711858
V31	Sorghum_wild	Sorghum	411209.7826276	7.95176807819311
V32	Sorghum_wild	Sorghum	257516.4769071	7.97338690612441
V33	Sorghum_wild	Sorghum	283200.7059742	7.93835195442747
V34	Sorghum_wild	Sorghum	265081.3652053	7.95228191052079
V35	Sorghum_wild	Sorghum	235342.2774358	7.97094927809653
V36	Sorghum_wild	Sorghum	287007.6831842	7.93408755416045
V37	Sorghum_wild	Sorghum	445063.8777953	7.97676992195179
V38	Sorghum_wild	Sorghum	396426.5204595	7.95669711698413
V39	Sorghum_wild	Sorghum	370243.6870033	7.95196922257947
V40	Sorghum_wild	Sorghum	399304.9795466	7.95174803940178
V41	Sorghum_wild	Sorghum	246888.9622549	7.96236212000194
V42	Sorghum_wild	Sorghum	311072.5951272	7.9548036089298
V43	Sorghum_wild	Sorghum	387288.8200438	7.95319574592985
V44	Sorghum_wild	Sorghum	297321.0518371	7.93427405964561
V45	Sorghum_wild	Sorghum	411039.0551619	7.95523534734367
V46	Sorghum_wild	Sorghum	364614.9315959	7.95112919719781
V47	Sorghum_wild	Sorghum	276338.1452855	7.9462314609357
V48	Sorghum_wild	Sorghum	387526.4977854	7.96167353793401
V49	Sorghum_wild	Sorghum	269261.4843357	7.93930368084034
V50	Sorghum_wild	Sorghum	395784.068078	7.95625827878179
V51	Sorghum_wild	Sorghum	385350.1576092	7.96375460050426
V52	Sorghum_wild	Sorghum	382721.525849	7.9604294240401
V53	Sorghum_wild	Sorghum	308448.8856262	7.94173087943047
